1 808 0 1416 1080
2 807 0 1415 1080
3 804 0 1412 1080
4 798 0 1406 1080
5 791 0 1399 1080
6 782 0 1390 1080
7 773 0 1381 1080
8 764 0 1372 1080
9 757 0 1365 1080
10 753 0 1361 1080
11 752 0 1360 1080
12 754 0 1362 1080
13 757 0 1365 1080
14 761 0 1369 1080
15 758 0 1366 1080
16 756 0 1364 1080
17 754 0 1362 1080
18 751 0 1359 1080
19 747 0 1355 1080
20 743 0 1351 1080
21 738 0 1346 1080
22 724 0 1332 1080
23 714 0 1322 1080
24 708 0 1316 1080
25 707 0 1315 1080
26 709 0 1317 1080
27 714 0 1322 1080
28 720 0 1328 1080
29 715 0 1323 1080
30 712 0 1320 1080
31 712 0 1320 1080
32 714 0 1322 1080
33 716 0 1324 1080
34 717 0 1325 1080
35 750 0 1358 1080
36 830 0 1438 1080
37 890 0 1498 1080
38 929 0 1537 1080
39 923 0 1531 1080
40 893 0 1501 1080
41 846 0 1454 1080
42 793 0 1401 1080
43 743 0 1351 1080
44 667 0 1275 1080
45 605 0 1213 1080
46 549 0 1157 1080
47 510 0 1118 1080
48 493 0 1101 1080
49 500 0 1108 1080
50 526 0 1134 1080
51 573 0 1181 1080
52 638 0 1246 1080
53 691 0 1299 1080
54 737 0 1345 1080
55 769 0 1377 1080
56 783 0 1391 1080
57 781 0 1389 1080
58 758 0 1366 1080
59 719 0 1327 1080
60 774 0 1382 1080
61 795 0 1403 1080
62 784 0 1392 1080
63 750 0 1358 1080
64 717 0 1325 1080
65 681 0 1289 1080
66 650 0 1258 1080
67 632 0 1240 1080
68 627 0 1235 1080
69 639 0 1247 1080
70 662 0 1270 1080
71 690 0 1298 1080
72 720 0 1328 1080
73 747 0 1355 1080
74 767 0 1375 1080
75 779 0 1387 1080
76 784 0 1392 1080
77 783 0 1391 1080
78 779 0 1387 1080
79 809 0 1417 1080
80 863 0 1471 1080
81 930 0 1538 1080
82 997 0 1605 1080
83 1056 0 1664 1080
84 1099 0 1707 1080
85 1124 0 1732 1080
86 1135 0 1743 1080
87 1133 0 1741 1080
88 1124 0 1732 1080
89 1111 0 1719 1080
90 1098 0 1706 1080
91 1084 0 1692 1080
92 1072 0 1680 1080
93 1062 0 1670 1080
94 1053 0 1661 1080
95 1047 0 1655 1080
96 1042 0 1650 1080
97 1037 0 1645 1080
98 1032 0 1640 1080
99 1028 0 1636 1080
100 1027 0 1635 1080
101 1030 0 1638 1080
102 1038 0 1646 1080
103 1047 0 1655 1080
104 1054 0 1662 1080
105 1058 0 1666 1080
106 1060 0 1668 1080
107 1071 0 1679 1080
108 1096 0 1704 1080
109 1126 0 1734 1080
110 1158 0 1766 1080
111 1186 0 1794 1080
112 1206 0 1814 1080
113 1216 0 1824 1080
114 1217 0 1825 1080
115 1209 0 1817 1080
116 1197 0 1805 1080
117 1186 0 1794 1080
118 1178 0 1786 1080
119 1175 0 1783 1080
120 1181 0 1789 1080
121 1193 0 1801 1080
122 1209 0 1817 1080
123 1225 0 1833 1080
124 1239 0 1847 1080
125 1249 0 1857 1080
126 1255 0 1863 1080
127 1258 0 1866 1080
128 1258 0 1866 1080
129 1257 0 1865 1080
130 1255 0 1863 1080
131 1235 0 1843 1080
132 1201 0 1809 1080
133 1163 0 1771 1080
134 1126 0 1734 1080
135 1098 0 1706 1080
136 1080 0 1688 1080
137 1060 0 1668 1080
138 1039 0 1647 1080
139 1021 0 1629 1080
140 1011 0 1619 1080
141 1007 0 1615 1080
142 1010 0 1618 1080
143 1018 0 1626 1080
144 1031 0 1639 1080
145 1045 0 1653 1080
146 1056 0 1664 1080
147 1062 0 1670 1080
148 1062 0 1670 1080
149 1057 0 1665 1080
150 1048 0 1656 1080
151 1037 0 1645 1080
152 1025 0 1633 1080
153 1012 0 1620 1080
154 1003 0 1611 1080
155 992 0 1600 1080
156 983 0 1591 1080
157 977 0 1585 1080
158 973 0 1581 1080
159 971 0 1579 1080
160 972 0 1580 1080
161 974 0 1582 1080
162 975 0 1583 1080
163 974 0 1582 1080
164 1033 0 1641 1080
165 1057 0 1665 1080
166 1050 0 1658 1080
167 1020 0 1628 1080
168 979 0 1587 1080
169 939 0 1547 1080
170 867 0 1475 1080
171 787 0 1395 1080
172 714 0 1322 1080
173 682 0 1290 1080
174 689 0 1297 1080
175 728 0 1336 1080
176 785 0 1393 1080
177 843 0 1451 1080
178 889 0 1497 1080
179 916 0 1524 1080
180 922 0 1530 1080
181 906 0 1514 1080
182 879 0 1487 1080
183 846 0 1454 1080
184 816 0 1424 1080
185 795 0 1403 1080
186 786 0 1394 1080
187 789 0 1397 1080
188 801 0 1409 1080
189 815 0 1423 1080
190 829 0 1437 1080
191 841 0 1449 1080
192 849 0 1457 1080
193 853 0 1461 1080
194 854 0 1462 1080
195 851 0 1459 1080
196 846 0 1454 1080
197 841 0 1449 1080
198 838 0 1446 1080
199 841 0 1449 1080
200 849 0 1457 1080
201 860 0 1468 1080
202 871 0 1479 1080
203 882 0 1490 1080
204 891 0 1499 1080
205 900 0 1508 1080
206 909 0 1517 1080
207 919 0 1527 1080
208 932 0 1540 1080
209 946 0 1554 1080
210 962 0 1570 1080
211 977 0 1585 1080
212 990 0 1598 1080
213 999 0 1607 1080
214 1005 0 1613 1080
215 1010 0 1618 1080
216 1017 0 1625 1080
217 1026 0 1634 1080
218 1036 0 1644 1080
219 1046 0 1654 1080
220 1055 0 1663 1080
221 1062 0 1670 1080
222 1065 0 1673 1080
223 1061 0 1669 1080
224 1051 0 1659 1080
225 1038 0 1646 1080
226 1026 0 1634 1080
227 1019 0 1627 1080
228 1020 0 1628 1080
229 1027 0 1635 1080
230 1038 0 1646 1080
231 1051 0 1659 1080
232 1062 0 1670 1080
233 1066 0 1674 1080
234 1064 0 1672 1080
235 1057 0 1665 1080
236 1048 0 1656 1080
237 1040 0 1648 1080
238 1032 0 1640 1080
239 1026 0 1634 1080
240 1022 0 1630 1080
241 1021 0 1629 1080
242 1017 0 1625 1080
243 1011 0 1619 1080
244 1001 0 1609 1080
245 991 0 1599 1080
246 982 0 1590 1080
247 977 0 1585 1080
248 977 0 1585 1080
249 980 0 1588 1080
250 984 0 1592 1080
251 989 0 1597 1080
252 992 0 1600 1080
253 991 0 1599 1080
254 988 0 1596 1080
255 985 0 1593 1080
256 983 0 1591 1080
257 982 0 1590 1080
258 982 0 1590 1080
259 983 0 1591 1080
260 983 0 1591 1080
261 981 0 1589 1080
262 976 0 1584 1080
263 969 0 1577 1080
264 960 0 1568 1080
265 952 0 1560 1080
266 947 0 1555 1080
267 945 0 1553 1080
268 946 0 1554 1080
269 949 0 1557 1080
270 952 0 1560 1080
271 953 0 1561 1080
272 948 0 1556 1080
273 938 0 1546 1080
274 923 0 1531 1080
275 907 0 1515 1080
276 896 0 1504 1080
277 891 0 1499 1080
278 895 0 1503 1080
279 905 0 1513 1080
280 920 0 1528 1080
281 937 0 1545 1080
282 951 0 1559 1080
283 960 0 1568 1080
284 965 0 1573 1080
285 966 0 1574 1080
286 966 0 1574 1080
287 965 0 1573 1080
288 966 0 1574 1080
289 969 0 1577 1080
290 973 0 1581 1080
291 979 0 1587 1080
292 985 0 1593 1080
293 991 0 1599 1080
294 997 0 1605 1080
295 1003 0 1611 1080
296 1009 0 1617 1080
297 1014 0 1622 1080
298 1020 0 1628 1080
299 1026 0 1634 1080
300 1031 0 1639 1080
301 1036 0 1644 1080
302 1040 0 1648 1080
303 1043 0 1651 1080
304 1044 0 1652 1080
305 1044 0 1652 1080
306 1044 0 1652 1080
307 1044 0 1652 1080
308 1045 0 1653 1080
309 1045 0 1653 1080
310 1047 0 1655 1080
311 1050 0 1658 1080
312 1053 0 1661 1080
313 1054 0 1662 1080
314 1054 0 1662 1080
315 1051 0 1659 1080
316 1048 0 1656 1080
317 1043 0 1651 1080
318 1038 0 1646 1080
319 1032 0 1640 1080
320 1025 0 1633 1080
321 1015 0 1623 1080
322 1003 0 1611 1080
323 984 0 1592 1080
324 957 0 1565 1080
325 926 0 1534 1080
326 896 0 1504 1080
327 872 0 1480 1080
328 857 0 1465 1080
329 827 0 1435 1080
330 802 0 1410 1080
331 782 0 1390 1080
332 768 0 1376 1080
333 758 0 1366 1080
334 751 0 1359 1080
335 736 0 1344 1080
336 714 0 1322 1080
337 669 0 1277 1080
338 629 0 1237 1080
339 595 0 1203 1080
340 571 0 1179 1080
341 556 0 1164 1080
342 550 0 1158 1080
343 546 0 1154 1080
344 539 0 1147 1080
345 530 0 1138 1080
346 518 0 1126 1080
347 501 0 1109 1080
348 482 0 1090 1080
349 460 0 1068 1080
350 454 0 1062 1080
351 430 0 1038 1080
352 410 0 1018 1080
353 393 0 1001 1080
354 379 0 987 1080
355 373 0 981 1080
356 373 0 981 1080
357 378 0 986 1080
358 386 0 994 1080
359 394 0 1002 1080
360 397 0 1005 1080
361 383 0 991 1080
362 356 0 964 1080
363 329 0 937 1080
364 306 0 914 1080
365 283 0 891 1080
366 262 0 870 1080
367 246 0 854 1080
368 234 0 842 1080
369 228 0 836 1080
370 228 0 836 1080
371 234 0 842 1080
372 240 0 848 1080
373 244 0 852 1080
374 246 0 854 1080
375 245 0 853 1080
376 242 0 850 1080
377 254 0 862 1080
378 279 0 887 1080
379 311 0 919 1080
380 347 0 955 1080
381 381 0 989 1080
382 408 0 1016 1080
383 460 0 1068 1080
384 525 0 1133 1080
385 587 0 1195 1080
386 634 0 1242 1080
387 661 0 1269 1080
388 680 0 1288 1080
389 698 0 1306 1080
390 730 0 1338 1080
391 776 0 1384 1080
392 831 0 1439 1080
393 892 0 1500 1080
394 952 0 1560 1080
395 1005 0 1613 1080
396 1044 0 1652 1080
397 1065 0 1673 1080
398 1081 0 1689 1080
399 1090 0 1698 1080
400 1092 0 1700 1080
401 1089 0 1697 1080
402 1082 0 1690 1080
403 1074 0 1682 1080
404 1066 0 1674 1080
405 1059 0 1667 1080
406 1054 0 1662 1080
407 1052 0 1660 1080
408 1051 0 1659 1080
409 1050 0 1658 1080
410 1048 0 1656 1080
411 1045 0 1653 1080
412 1040 0 1648 1080
413 1033 0 1641 1080
414 1023 0 1631 1080
415 1010 0 1618 1080
416 990 0 1598 1080
417 965 0 1573 1080
418 936 0 1544 1080
419 909 0 1517 1080
420 886 0 1494 1080
421 867 0 1475 1080
422 847 0 1455 1080
423 826 0 1434 1080
424 803 0 1411 1080
425 779 0 1387 1080
426 758 0 1366 1080
427 741 0 1349 1080
428 726 0 1334 1080
429 713 0 1321 1080
430 703 0 1311 1080
431 680 0 1288 1080
432 643 0 1251 1080
433 609 0 1217 1080
434 580 0 1188 1080
435 544 0 1152 1080
436 506 0 1114 1080
437 473 0 1081 1080
438 463 0 1071 1080
439 460 0 1068 1080
440 447 0 1055 1080
441 430 0 1038 1080
442 409 0 1017 1080
443 388 0 996 1080
444 371 0 979 1080
445 359 0 967 1080
446 351 0 959 1080
447 347 0 955 1080
448 344 0 952 1080
449 336 0 944 1080
450 325 0 933 1080
451 313 0 921 1080
452 302 0 910 1080
453 292 0 900 1080
454 281 0 889 1080
455 270 0 878 1080
456 258 0 866 1080
457 246 0 854 1080
458 235 0 843 1080
459 225 0 833 1080
460 216 0 824 1080
461 208 0 816 1080
462 199 0 807 1080
463 190 0 798 1080
464 180 0 788 1080
465 169 0 777 1080
466 159 0 767 1080
467 151 0 759 1080
468 144 0 752 1080
469 135 0 743 1080
470 125 0 733 1080
471 113 0 721 1080
472 102 0 710 1080
473 92 0 700 1080
474 85 0 693 1080
475 103 0 711 1080
476 137 0 745 1080
477 174 0 782 1080
478 204 0 812 1080
479 221 0 829 1080
480 221 0 829 1080
481 195 0 803 1080
482 152 0 760 1080
483 104 0 712 1080
484 61 0 669 1080
485 31 0 639 1080
486 17 0 625 1080
487 19 0 627 1080
488 34 0 642 1080
489 55 0 663 1080
490 78 0 686 1080
491 99 0 707 1080
492 112 0 720 1080
493 119 0 727 1080
494 124 0 732 1080
495 128 0 736 1080
496 131 0 739 1080
497 136 0 744 1080
498 141 0 749 1080
499 150 0 758 1080
500 161 0 769 1080
501 176 0 784 1080
502 191 0 799 1080
503 208 0 816 1080
504 220 0 828 1080
505 224 0 832 1080
506 221 0 829 1080
507 213 0 821 1080
508 203 0 811 1080
509 197 0 805 1080
510 198 0 806 1080
511 207 0 815 1080
512 218 0 826 1080
513 229 0 837 1080
514 237 0 845 1080
515 244 0 852 1080
516 254 0 862 1080
517 270 0 878 1080
518 292 0 900 1080
519 312 0 920 1080
520 328 0 936 1080
521 338 0 946 1080
522 344 0 952 1080
523 347 0 955 1080
524 348 0 956 1080
525 349 0 957 1080
526 351 0 959 1080
527 350 0 958 1080
528 347 0 955 1080
529 359 0 967 1080
530 360 0 968 1080
531 355 0 963 1080
532 347 0 955 1080
533 341 0 949 1080
534 343 0 951 1080
535 348 0 956 1080
536 354 0 962 1080
537 360 0 968 1080
538 365 0 973 1080
539 369 0 977 1080
540 374 0 982 1080
541 381 0 989 1080
542 392 0 1000 1080
543 400 0 1008 1080
544 404 0 1012 1080
545 421 0 1029 1080
546 501 0 1109 1080
547 541 0 1149 1080
548 543 0 1151 1080
549 523 0 1131 1080
550 523 0 1131 1080
551 538 0 1146 1080
552 563 0 1171 1080
553 594 0 1202 1080
554 584 0 1192 1080
555 542 0 1150 1080
556 483 0 1091 1080
557 424 0 1032 1080
558 375 0 983 1080
559 346 0 954 1080
560 340 0 948 1080
561 355 0 963 1080
562 385 0 993 1080
563 419 0 1027 1080
564 452 0 1060 1080
565 479 0 1087 1080
566 497 0 1105 1080
567 506 0 1114 1080
568 504 0 1112 1080
569 493 0 1101 1080
570 475 0 1083 1080
571 454 0 1062 1080
572 434 0 1042 1080
573 423 0 1031 1080
574 420 0 1028 1080
575 426 0 1034 1080
576 438 0 1046 1080
577 452 0 1060 1080
578 464 0 1072 1080
579 472 0 1080 1080
580 474 0 1082 1080
581 468 0 1076 1080
582 456 0 1064 1080
583 439 0 1047 1080
584 415 0 1023 1080
585 387 0 995 1080
586 356 0 964 1080
587 290 0 898 1080
588 210 0 818 1080
589 136 0 744 1080
590 85 0 693 1080
591 67 0 675 1080
592 79 0 687 1080
593 112 0 720 1080
594 109 0 717 1080
595 78 0 686 1080
596 33 0 641 1080
597 0 0 608 1080
598 0 0 608 1080
599 0 0 608 1080
600 0 0 608 1080
601 45 0 653 1080
602 125 0 733 1080
603 204 0 812 1080
604 263 0 871 1080
605 298 0 906 1080
606 314 0 922 1080
607 315 0 923 1080
608 310 0 918 1080
609 305 0 913 1080
610 304 0 912 1080
611 308 0 916 1080
612 315 0 923 1080
613 348 0 956 1080
614 394 0 1002 1080
615 442 0 1050 1080
616 482 0 1090 1080
617 509 0 1117 1080
618 521 0 1129 1080
619 519 0 1127 1080
620 506 0 1114 1080
621 487 0 1095 1080
622 469 0 1077 1080
623 485 0 1093 1080
624 526 0 1134 1080
625 583 0 1191 1080
626 641 0 1249 1080
627 691 0 1299 1080
628 727 0 1335 1080
629 747 0 1355 1080
630 753 0 1361 1080
631 746 0 1354 1080
632 732 0 1340 1080
633 716 0 1324 1080
634 697 0 1305 1080
635 683 0 1291 1080
636 682 0 1290 1080
637 692 0 1300 1080
638 713 0 1321 1080
639 741 0 1349 1080
640 772 0 1380 1080
641 802 0 1410 1080
642 824 0 1432 1080
643 837 0 1445 1080
644 841 0 1449 1080
645 837 0 1445 1080
646 828 0 1436 1080
647 818 0 1426 1080
648 807 0 1415 1080
649 798 0 1406 1080
650 795 0 1403 1080
651 796 0 1404 1080
652 798 0 1406 1080
653 798 0 1406 1080
654 794 0 1402 1080
655 784 0 1392 1080
656 769 0 1377 1080
657 762 0 1370 1080
658 762 0 1370 1080
659 767 0 1375 1080
660 777 0 1385 1080
661 791 0 1399 1080
662 807 0 1415 1080
663 821 0 1429 1080
664 830 0 1438 1080
665 835 0 1443 1080
666 834 0 1442 1080
667 830 0 1438 1080
668 823 0 1431 1080
669 817 0 1425 1080
670 816 0 1424 1080
671 816 0 1424 1080
672 824 0 1432 1080
673 854 0 1462 1080
674 880 0 1488 1080
675 896 0 1504 1080
676 902 0 1510 1080
677 910 0 1518 1080
678 927 0 1535 1080
679 949 0 1557 1080
680 962 0 1570 1080
681 973 0 1581 1080
682 983 0 1591 1080
683 991 0 1599 1080
684 997 0 1605 1080
685 1003 0 1611 1080
686 1010 0 1618 1080
687 1019 0 1627 1080
688 1032 0 1640 1080
689 1048 0 1656 1080
690 1066 0 1674 1080
691 1085 0 1693 1080
692 1102 0 1710 1080
693 1117 0 1725 1080
694 1127 0 1735 1080
695 1134 0 1742 1080
696 1139 0 1747 1080
697 1142 0 1750 1080
698 1144 0 1752 1080
699 1147 0 1755 1080
700 1151 0 1759 1080
701 1157 0 1765 1080
702 1164 0 1772 1080
703 1174 0 1782 1080
704 1187 0 1795 1080
705 1202 0 1810 1080
706 1218 0 1826 1080
707 1223 0 1831 1080
708 1245 0 1853 1080
709 1263 0 1871 1080
710 1294 0 1902 1080
711 1312 0 1920 1080
712 1312 0 1920 1080
713 1312 0 1920 1080
714 1312 0 1920 1080
715 1312 0 1920 1080
716 1312 0 1920 1080
717 1312 0 1920 1080
718 1312 0 1920 1080
719 1312 0 1920 1080
720 1312 0 1920 1080
721 1312 0 1920 1080
722 1312 0 1920 1080
723 1312 0 1920 1080
724 1312 0 1920 1080
725 1312 0 1920 1080
726 1312 0 1920 1080
727 1312 0 1920 1080
728 1312 0 1920 1080
729 1312 0 1920 1080
730 1312 0 1920 1080
731 1312 0 1920 1080
732 1312 0 1920 1080
733 1312 0 1920 1080
734 1312 0 1920 1080
735 1312 0 1920 1080
736 1312 0 1920 1080
737 1312 0 1920 1080
738 1312 0 1920 1080
739 1312 0 1920 1080
740 1312 0 1920 1080
741 1312 0 1920 1080
742 1312 0 1920 1080
743 1312 0 1920 1080
744 1312 0 1920 1080
745 1312 0 1920 1080
746 1312 0 1920 1080
747 1312 0 1920 1080
748 1312 0 1920 1080
749 1312 0 1920 1080
750 1312 0 1920 1080
751 1312 0 1920 1080
752 1312 0 1920 1080
753 1312 0 1920 1080
754 1312 0 1920 1080
755 1312 0 1920 1080
756 1312 0 1920 1080
757 1312 0 1920 1080
758 1312 0 1920 1080
759 1312 0 1920 1080
760 1312 0 1920 1080
761 1312 0 1920 1080
762 1312 0 1920 1080
763 1312 0 1920 1080
764 1312 0 1920 1080
765 1312 0 1920 1080
766 1312 0 1920 1080
767 1312 0 1920 1080
768 1312 0 1920 1080
769 1312 0 1920 1080
770 1312 0 1920 1080
771 1312 0 1920 1080
772 1307 0 1915 1080
773 1302 0 1910 1080
774 1301 0 1909 1080
775 1303 0 1911 1080
776 1307 0 1915 1080
777 1311 0 1919 1080
778 1312 0 1920 1080
779 1312 0 1920 1080
780 1312 0 1920 1080
781 1312 0 1920 1080
782 1306 0 1914 1080
783 1297 0 1905 1080
784 1288 0 1896 1080
785 1279 0 1887 1080
786 1272 0 1880 1080
787 1268 0 1876 1080
788 1265 0 1873 1080
789 1262 0 1870 1080
790 1259 0 1867 1080
791 1256 0 1864 1080
792 1251 0 1859 1080
793 1247 0 1855 1080
794 1243 0 1851 1080
795 1239 0 1847 1080
796 1237 0 1845 1080
797 1236 0 1844 1080
798 1236 0 1844 1080
799 1237 0 1845 1080
800 1240 0 1848 1080
801 1243 0 1851 1080
802 1247 0 1855 1080
803 1250 0 1858 1080
804 1251 0 1859 1080
805 1250 0 1858 1080
806 1248 0 1856 1080
807 1243 0 1851 1080
808 1238 0 1846 1080
809 1233 0 1841 1080
810 1231 0 1839 1080
811 1232 0 1840 1080
812 1243 0 1851 1080
813 1252 0 1860 1080
814 1259 0 1867 1080
815 1261 0 1869 1080
816 1259 0 1867 1080
817 1254 0 1862 1080
818 1245 0 1853 1080
819 1235 0 1843 1080
820 1217 0 1825 1080
821 1209 0 1817 1080
822 1199 0 1807 1080
823 1193 0 1801 1080
824 1191 0 1799 1080
825 1192 0 1800 1080
826 1193 0 1801 1080
827 1196 0 1804 1080
828 1201 0 1809 1080
829 1208 0 1816 1080
830 1216 0 1824 1080
831 1225 0 1833 1080
832 1234 0 1842 1080
833 1242 0 1850 1080
834 1250 0 1858 1080
835 1256 0 1864 1080
836 1260 0 1868 1080
837 1263 0 1871 1080
838 1265 0 1873 1080
839 1283 0 1891 1080
840 1309 0 1917 1080
841 1312 0 1920 1080
842 1312 0 1920 1080
843 1312 0 1920 1080
844 1312 0 1920 1080
845 1312 0 1920 1080
846 1312 0 1920 1080
847 1312 0 1920 1080
848 1312 0 1920 1080
849 1312 0 1920 1080
850 1312 0 1920 1080
851 1312 0 1920 1080
852 1312 0 1920 1080
853 1312 0 1920 1080
854 1312 0 1920 1080
855 1312 0 1920 1080
856 1312 0 1920 1080
857 1312 0 1920 1080
858 1312 0 1920 1080
859 1307 0 1915 1080
860 1292 0 1900 1080
861 1285 0 1893 1080
862 1285 0 1893 1080
863 1288 0 1896 1080
864 1292 0 1900 1080
865 1298 0 1906 1080
866 1303 0 1911 1080
867 1267 0 1875 1080
868 1202 0 1810 1080
869 1125 0 1733 1080
870 1052 0 1660 1080
871 995 0 1603 1080
872 970 0 1578 1080
873 974 0 1582 1080
874 1000 0 1608 1080
875 1037 0 1645 1080
876 1075 0 1683 1080
877 1105 0 1713 1080
878 1169 0 1777 1080
879 1245 0 1853 1080
880 1269 0 1877 1080
881 1245 0 1853 1080
882 1187 0 1795 1080
883 1113 0 1721 1080
884 1038 0 1646 1080
885 978 0 1586 1080
886 940 0 1548 1080
887 926 0 1534 1080
888 926 0 1534 1080
889 938 0 1546 1080
890 960 0 1568 1080
891 993 0 1601 1080
892 1027 0 1635 1080
893 1056 0 1664 1080
894 1073 0 1681 1080
895 1082 0 1690 1080
896 1078 0 1686 1080
897 1073 0 1681 1080
898 1068 0 1676 1080
899 1064 0 1672 1080
900 1062 0 1670 1080
901 1071 0 1679 1080
902 1090 0 1698 1080
903 1115 0 1723 1080
904 1154 0 1762 1080
905 1185 0 1793 1080
906 1204 0 1812 1080
907 1217 0 1825 1080
908 1216 0 1824 1080
909 1204 0 1812 1080
910 1186 0 1794 1080
911 1167 0 1775 1080
912 1150 0 1758 1080
913 1140 0 1748 1080
914 1136 0 1744 1080
915 1139 0 1747 1080
916 1146 0 1754 1080
917 1156 0 1764 1080
918 1155 0 1763 1080
919 1158 0 1766 1080
920 1166 0 1774 1080
921 1177 0 1785 1080
922 1187 0 1795 1080
923 1196 0 1804 1080
924 1204 0 1812 1080
925 1208 0 1816 1080
926 1206 0 1814 1080
927 1195 0 1803 1080
928 1172 0 1780 1080
929 1145 0 1753 1080
930 1118 0 1726 1080
931 1094 0 1702 1080
932 1076 0 1684 1080
933 1063 0 1671 1080
934 1056 0 1664 1080
935 1087 0 1695 1080
936 1107 0 1715 1080
937 1114 0 1722 1080
938 1108 0 1716 1080
939 1037 0 1645 1080
940 957 0 1565 1080
941 877 0 1485 1080
942 797 0 1405 1080
943 717 0 1325 1080
944 639 0 1247 1080
945 574 0 1182 1080
946 526 0 1134 1080
947 496 0 1104 1080
948 482 0 1090 1080
949 562 0 1170 1080
950 612 0 1220 1080
951 623 0 1231 1080
952 596 0 1204 1080
953 538 0 1146 1080
954 461 0 1069 1080
955 381 0 989 1080
956 461 0 1069 1080
957 495 0 1103 1080
958 481 0 1089 1080
959 425 0 1033 1080
960 345 0 953 1080
961 265 0 873 1080
962 191 0 799 1080
963 148 0 756 1080
964 139 0 747 1080
965 149 0 757 1080
966 177 0 785 1080
967 220 0 828 1080
968 276 0 884 1080
969 338 0 946 1080
970 395 0 1003 1080
971 468 0 1076 1080
972 544 0 1152 1080
973 609 0 1217 1080
974 653 0 1261 1080
975 673 0 1281 1080
976 669 0 1277 1080
977 652 0 1260 1080
978 630 0 1238 1080
979 610 0 1218 1080
980 599 0 1207 1080
981 582 0 1190 1080
982 578 0 1186 1080
983 599 0 1207 1080
984 595 0 1203 1080
985 610 0 1218 1080
986 636 0 1244 1080
987 665 0 1273 1080
988 705 0 1313 1080
989 748 0 1356 1080
990 790 0 1398 1080
991 825 0 1433 1080
992 852 0 1460 1080
993 870 0 1478 1080
994 880 0 1488 1080
995 883 0 1491 1080
996 884 0 1492 1080
997 884 0 1492 1080
998 882 0 1490 1080
999 962 0 1570 1080
1000 1014 0 1622 1080
1001 1036 0 1644 1080
1002 1034 0 1642 1080
1003 1014 0 1622 1080
1004 984 0 1592 1080
1005 958 0 1566 1080
1006 943 0 1551 1080
1007 938 0 1546 1080
1008 952 0 1560 1080
1009 977 0 1585 1080
1010 1013 0 1621 1080
1011 1051 0 1659 1080
1012 1104 0 1712 1080
1013 1149 0 1757 1080
1014 1200 0 1808 1080
1015 1249 0 1857 1080
1016 1293 0 1901 1080
1017 1312 0 1920 1080
1018 1312 0 1920 1080
1019 1312 0 1920 1080
1020 1312 0 1920 1080
1021 1312 0 1920 1080
1022 1312 0 1920 1080
1023 1312 0 1920 1080
1024 1312 0 1920 1080
1025 1312 0 1920 1080
1026 1312 0 1920 1080
1027 1312 0 1920 1080
1028 1312 0 1920 1080
1029 1312 0 1920 1080
1030 1312 0 1920 1080
1031 1312 0 1920 1080
1032 1312 0 1920 1080
1033 1309 0 1917 1080
1034 1229 0 1837 1080
1035 1158 0 1766 1080
1036 1115 0 1723 1080
1037 1101 0 1709 1080
1038 1115 0 1723 1080
1039 1144 0 1752 1080
1040 1224 0 1832 1080
1041 1304 0 1912 1080
1042 1312 0 1920 1080
1043 1312 0 1920 1080
1044 1312 0 1920 1080
1045 1312 0 1920 1080
1046 1312 0 1920 1080
1047 1312 0 1920 1080
1048 1312 0 1920 1080
1049 1312 0 1920 1080
1050 1312 0 1920 1080
1051 1312 0 1920 1080
1052 1312 0 1920 1080
1053 1312 0 1920 1080
1054 1312 0 1920 1080
1055 1312 0 1920 1080
1056 1312 0 1920 1080
1057 1312 0 1920 1080
1058 1312 0 1920 1080
1059 1312 0 1920 1080
1060 1312 0 1920 1080
1061 1312 0 1920 1080
1062 1312 0 1920 1080
1063 1312 0 1920 1080
1064 1312 0 1920 1080
1065 1312 0 1920 1080
1066 1312 0 1920 1080
1067 1312 0 1920 1080
1068 1312 0 1920 1080
1069 1312 0 1920 1080
1070 1312 0 1920 1080
1071 1312 0 1920 1080
1072 1291 0 1899 1080
1073 1212 0 1820 1080
1074 1149 0 1757 1080
1075 1112 0 1720 1080
1076 1103 0 1711 1080
1077 1120 0 1728 1080
1078 1156 0 1764 1080
1079 1201 0 1809 1080
1080 1243 0 1851 1080
1081 1275 0 1883 1080
1082 1293 0 1901 1080
1083 1298 0 1906 1080
1084 1291 0 1899 1080
1085 1276 0 1884 1080
1086 1258 0 1866 1080
1087 1241 0 1849 1080
1088 1227 0 1835 1080
1089 1218 0 1826 1080
1090 1216 0 1824 1080
1091 1219 0 1827 1080
1092 1226 0 1834 1080
1093 1234 0 1842 1080
1094 1242 0 1850 1080
1095 1248 0 1856 1080
1096 1251 0 1859 1080
1097 1250 0 1858 1080
1098 1247 0 1855 1080
1099 1241 0 1849 1080
1100 1234 0 1842 1080
1101 1225 0 1833 1080
1102 1218 0 1826 1080
1103 1213 0 1821 1080
1104 1211 0 1819 1080
1105 1268 0 1876 1080
1106 1312 0 1920 1080
1107 1312 0 1920 1080
1108 1312 0 1920 1080
1109 1312 0 1920 1080
1110 1312 0 1920 1080
1111 1312 0 1920 1080
1112 1312 0 1920 1080
1113 1312 0 1920 1080
1114 1312 0 1920 1080
1115 1312 0 1920 1080
1116 1312 0 1920 1080
1117 1312 0 1920 1080
1118 1312 0 1920 1080
1119 1312 0 1920 1080
1120 1312 0 1920 1080
1121 1312 0 1920 1080
1122 1312 0 1920 1080
1123 1312 0 1920 1080
1124 1312 0 1920 1080
1125 1312 0 1920 1080
1126 1312 0 1920 1080
1127 1312 0 1920 1080
1128 1312 0 1920 1080
1129 1312 0 1920 1080
1130 1312 0 1920 1080
1131 1312 0 1920 1080
1132 1312 0 1920 1080
1133 1312 0 1920 1080
1134 1312 0 1920 1080
1135 1312 0 1920 1080
1136 1312 0 1920 1080
1137 1312 0 1920 1080
1138 1312 0 1920 1080
1139 1312 0 1920 1080
1140 1312 0 1920 1080
1141 1312 0 1920 1080
1142 1312 0 1920 1080
1143 1312 0 1920 1080
1144 1312 0 1920 1080
1145 1312 0 1920 1080
1146 1312 0 1920 1080
1147 1312 0 1920 1080
1148 1312 0 1920 1080
1149 1312 0 1920 1080
1150 1312 0 1920 1080
1151 1312 0 1920 1080
1152 1312 0 1920 1080
1153 1312 0 1920 1080
1154 1312 0 1920 1080
1155 1312 0 1920 1080
1156 1312 0 1920 1080
1157 1312 0 1920 1080
1158 1312 0 1920 1080
1159 1312 0 1920 1080
1160 1312 0 1920 1080
1161 1312 0 1920 1080
1162 1312 0 1920 1080
1163 1312 0 1920 1080
1164 1312 0 1920 1080
1165 1312 0 1920 1080
1166 1312 0 1920 1080
1167 1312 0 1920 1080
1168 1312 0 1920 1080
1169 1312 0 1920 1080
1170 1312 0 1920 1080
1171 1312 0 1920 1080
1172 1312 0 1920 1080
1173 1312 0 1920 1080
1174 1312 0 1920 1080
1175 1312 0 1920 1080
1176 1312 0 1920 1080
1177 1312 0 1920 1080
1178 1312 0 1920 1080
1179 1312 0 1920 1080
1180 1312 0 1920 1080
1181 1312 0 1920 1080
1182 1312 0 1920 1080
1183 1312 0 1920 1080
1184 1312 0 1920 1080
1185 1312 0 1920 1080
1186 1312 0 1920 1080
1187 1312 0 1920 1080
1188 1312 0 1920 1080
1189 1312 0 1920 1080
1190 1312 0 1920 1080
1191 1312 0 1920 1080
1192 1312 0 1920 1080
1193 1312 0 1920 1080
1194 1312 0 1920 1080
1195 1312 0 1920 1080
1196 1312 0 1920 1080
1197 1312 0 1920 1080
1198 1312 0 1920 1080
1199 1312 0 1920 1080
1200 1312 0 1920 1080
1201 1312 0 1920 1080
1202 1312 0 1920 1080
1203 1312 0 1920 1080
1204 1312 0 1920 1080
1205 1312 0 1920 1080
1206 1312 0 1920 1080
1207 1312 0 1920 1080
1208 1312 0 1920 1080
1209 1312 0 1920 1080
1210 1312 0 1920 1080
1211 1312 0 1920 1080
1212 1312 0 1920 1080
1213 1312 0 1920 1080
1214 1312 0 1920 1080
1215 1312 0 1920 1080
1216 1312 0 1920 1080
1217 1312 0 1920 1080
1218 1312 0 1920 1080
1219 1312 0 1920 1080
1220 1312 0 1920 1080
1221 1312 0 1920 1080
1222 1312 0 1920 1080
1223 1312 0 1920 1080
1224 1312 0 1920 1080
1225 1312 0 1920 1080
1226 1312 0 1920 1080
1227 1312 0 1920 1080
1228 1312 0 1920 1080
1229 1296 0 1904 1080
1230 1216 0 1824 1080
1231 1136 0 1744 1080
1232 1056 0 1664 1080
1233 1050 0 1658 1080
1234 1130 0 1738 1080
1235 1210 0 1818 1080
1236 1290 0 1898 1080
1237 1312 0 1920 1080
1238 1312 0 1920 1080
1239 1312 0 1920 1080
1240 1312 0 1920 1080
1241 1312 0 1920 1080
1242 1312 0 1920 1080
1243 1312 0 1920 1080
1244 1312 0 1920 1080
1245 1312 0 1920 1080
1246 1312 0 1920 1080
1247 1312 0 1920 1080
1248 1312 0 1920 1080
1249 1312 0 1920 1080
1250 1312 0 1920 1080
1251 1312 0 1920 1080
1252 1312 0 1920 1080
1253 1312 0 1920 1080
1254 1312 0 1920 1080
1255 1312 0 1920 1080
1256 1312 0 1920 1080
1257 1312 0 1920 1080
1258 1312 0 1920 1080
1259 1312 0 1920 1080
1260 1312 0 1920 1080
1261 1312 0 1920 1080
1262 1312 0 1920 1080
1263 1312 0 1920 1080
1264 1312 0 1920 1080
1265 1312 0 1920 1080
1266 1312 0 1920 1080
1267 1312 0 1920 1080
1268 1312 0 1920 1080
1269 1312 0 1920 1080
1270 1312 0 1920 1080
1271 1312 0 1920 1080
1272 1312 0 1920 1080
1273 1312 0 1920 1080
1274 1312 0 1920 1080
1275 1312 0 1920 1080
1276 1312 0 1920 1080
1277 1312 0 1920 1080
1278 1312 0 1920 1080
1279 1312 0 1920 1080
1280 1312 0 1920 1080
1281 1312 0 1920 1080
1282 1312 0 1920 1080
1283 1312 0 1920 1080
1284 1312 0 1920 1080
1285 1312 0 1920 1080
1286 1312 0 1920 1080
1287 1312 0 1920 1080
1288 1312 0 1920 1080
1289 1312 0 1920 1080
1290 1312 0 1920 1080
1291 1312 0 1920 1080
1292 1312 0 1920 1080
1293 1312 0 1920 1080
1294 1312 0 1920 1080
1295 1312 0 1920 1080
1296 1312 0 1920 1080
1297 1312 0 1920 1080
1298 1312 0 1920 1080
1299 1312 0 1920 1080
1300 1312 0 1920 1080
1301 1312 0 1920 1080
1302 1312 0 1920 1080
1303 1312 0 1920 1080
1304 1312 0 1920 1080
1305 1312 0 1920 1080
1306 1312 0 1920 1080
1307 1312 0 1920 1080
1308 1312 0 1920 1080
1309 1312 0 1920 1080
1310 1312 0 1920 1080
1311 1312 0 1920 1080
1312 1312 0 1920 1080
1313 1312 0 1920 1080
1314 1312 0 1920 1080
1315 1312 0 1920 1080
1316 1312 0 1920 1080
1317 1312 0 1920 1080
1318 1312 0 1920 1080
1319 1312 0 1920 1080
1320 1312 0 1920 1080
1321 1312 0 1920 1080
1322 1308 0 1916 1080
1323 1295 0 1903 1080
1324 1284 0 1892 1080
1325 1280 0 1888 1080
1326 1281 0 1889 1080
1327 1288 0 1896 1080
1328 1298 0 1906 1080
1329 1307 0 1915 1080
1330 1312 0 1920 1080
1331 1312 0 1920 1080
1332 1312 0 1920 1080
1333 1312 0 1920 1080
1334 1312 0 1920 1080
1335 1312 0 1920 1080
1336 1312 0 1920 1080
1337 1312 0 1920 1080
1338 1312 0 1920 1080
1339 1312 0 1920 1080
1340 1312 0 1920 1080
1341 1312 0 1920 1080
1342 1312 0 1920 1080
1343 1312 0 1920 1080
1344 1312 0 1920 1080
1345 1312 0 1920 1080
1346 1312 0 1920 1080
1347 1312 0 1920 1080
1348 1312 0 1920 1080
1349 1312 0 1920 1080
1350 1312 0 1920 1080
1351 1312 0 1920 1080
1352 1312 0 1920 1080
1353 1312 0 1920 1080
1354 1312 0 1920 1080
1355 1312 0 1920 1080
1356 1312 0 1920 1080
1357 1312 0 1920 1080
1358 1312 0 1920 1080
1359 1312 0 1920 1080
1360 1312 0 1920 1080
1361 1312 0 1920 1080
1362 1312 0 1920 1080
1363 1312 0 1920 1080
1364 1312 0 1920 1080
1365 1312 0 1920 1080
1366 1312 0 1920 1080
1367 1312 0 1920 1080
1368 1312 0 1920 1080
1369 1312 0 1920 1080
1370 1312 0 1920 1080
1371 1312 0 1920 1080
1372 1312 0 1920 1080
1373 1312 0 1920 1080
1374 1312 0 1920 1080
1375 1312 0 1920 1080
1376 1312 0 1920 1080
1377 1312 0 1920 1080
1378 1312 0 1920 1080
1379 1312 0 1920 1080
1380 1306 0 1914 1080
1381 1296 0 1904 1080
1382 1287 0 1895 1080
1383 1279 0 1887 1080
1384 1271 0 1879 1080
1385 1261 0 1869 1080
1386 1250 0 1858 1080
1387 1235 0 1843 1080
1388 1217 0 1825 1080
1389 1199 0 1807 1080
1390 1184 0 1792 1080
1391 1173 0 1781 1080
1392 1102 0 1710 1080
1393 1022 0 1630 1080
1394 942 0 1550 1080
1395 862 0 1470 1080
1396 799 0 1407 1080
1397 756 0 1364 1080
1398 737 0 1345 1080
1399 740 0 1348 1080
1400 720 0 1328 1080
1401 684 0 1292 1080
1402 643 0 1251 1080
1403 606 0 1214 1080
1404 584 0 1192 1080
1405 578 0 1186 1080
1406 590 0 1198 1080
1407 615 0 1223 1080
1408 648 0 1256 1080
1409 682 0 1290 1080
1410 713 0 1321 1080
1411 736 0 1344 1080
1412 750 0 1358 1080
1413 756 0 1364 1080
1414 755 0 1363 1080
1415 752 0 1360 1080
1416 747 0 1355 1080
1417 746 0 1354 1080
1418 750 0 1358 1080
1419 759 0 1367 1080
1420 773 0 1381 1080
1421 790 0 1398 1080
1422 806 0 1414 1080
1423 821 0 1429 1080
1424 831 0 1439 1080
1425 836 0 1444 1080
1426 837 0 1445 1080
1427 835 0 1443 1080
1428 831 0 1439 1080
1429 814 0 1422 1080
1430 734 0 1342 1080
1431 676 0 1284 1080
1432 648 0 1256 1080
1433 650 0 1258 1080
1434 675 0 1283 1080
1435 716 0 1324 1080
1436 760 0 1368 1080
1437 694 0 1302 1080
1438 659 0 1267 1080
1439 655 0 1263 1080
1440 679 0 1287 1080
1441 720 0 1328 1080
1442 767 0 1375 1080
1443 810 0 1418 1080
1444 735 0 1343 1080
1445 655 0 1263 1080
1446 575 0 1183 1080
1447 495 0 1103 1080
1448 415 0 1023 1080
1449 335 0 943 1080
1450 258 0 866 1080
1451 200 0 808 1080
1452 168 0 776 1080
1453 164 0 772 1080
1454 182 0 790 1080
1455 262 0 870 1080
1456 329 0 937 1080
1457 370 0 978 1080
1458 384 0 992 1080
1459 372 0 980 1080
1460 343 0 951 1080
1461 273 0 881 1080
1462 193 0 801 1080
1463 113 0 721 1080
1464 33 0 641 1080
1465 0 0 608 1080
1466 0 0 608 1080
1467 0 0 608 1080
1468 0 0 608 1080
1469 0 0 608 1080
1470 0 0 608 1080
1471 0 0 608 1080
1472 0 0 608 1080
1473 0 0 608 1080
1474 57 0 665 1080
1475 137 0 745 1080
1476 217 0 825 1080
1477 297 0 905 1080
1478 377 0 985 1080
1479 457 0 1065 1080
1480 537 0 1145 1080
1481 617 0 1225 1080
1482 686 0 1294 1080
1483 727 0 1335 1080
1484 732 0 1340 1080
1485 706 0 1314 1080
1486 654 0 1262 1080
1487 590 0 1198 1080
1488 529 0 1137 1080
1489 475 0 1083 1080
1490 435 0 1043 1080
1491 414 0 1022 1080
1492 408 0 1016 1080
1493 415 0 1023 1080
1494 429 0 1037 1080
1495 446 0 1054 1080
1496 462 0 1070 1080
1497 472 0 1080 1080
1498 475 0 1083 1080
1499 470 0 1078 1080
1500 457 0 1065 1080
1501 438 0 1046 1080
1502 416 0 1024 1080
1503 395 0 1003 1080
1504 377 0 985 1080
1505 365 0 973 1080
1506 362 0 970 1080
1507 364 0 972 1080
1508 372 0 980 1080
1509 381 0 989 1080
1510 388 0 996 1080
1511 387 0 995 1080
1512 377 0 985 1080
1513 354 0 962 1080
1514 322 0 930 1080
1515 286 0 894 1080
1516 242 0 850 1080
1517 191 0 799 1080
1518 160 0 768 1080
1519 151 0 759 1080
1520 160 0 768 1080
1521 180 0 788 1080
1522 202 0 810 1080
1523 210 0 818 1080
1524 204 0 812 1080
1525 188 0 796 1080
1526 168 0 776 1080
1527 147 0 755 1080
1528 129 0 737 1080
1529 115 0 723 1080
1530 105 0 713 1080
1531 99 0 707 1080
1532 96 0 704 1080
1533 93 0 701 1080
1534 92 0 700 1080
1535 90 0 698 1080
1536 85 0 693 1080
1537 80 0 688 1080
1538 76 0 684 1080
1539 72 0 680 1080
1540 68 0 676 1080
1541 64 0 672 1080
1542 85 0 693 1080
1543 122 0 730 1080
1544 165 0 773 1080
1545 205 0 813 1080
1546 241 0 849 1080
1547 266 0 874 1080
1548 277 0 885 1080
1549 275 0 883 1080
1550 258 0 866 1080
1551 232 0 840 1080
1552 205 0 813 1080
1553 180 0 788 1080
1554 161 0 769 1080
1555 164 0 772 1080
1556 184 0 792 1080
1557 214 0 822 1080
1558 247 0 855 1080
1559 275 0 883 1080
1560 294 0 902 1080
1561 303 0 911 1080
1562 303 0 911 1080
1563 297 0 905 1080
1564 288 0 896 1080
1565 280 0 888 1080
1566 274 0 882 1080
1567 273 0 881 1080
1568 275 0 883 1080
1569 281 0 889 1080
1570 271 0 879 1080
1571 265 0 873 1080
1572 205 0 813 1080
1573 159 0 767 1080
1574 135 0 743 1080
1575 149 0 757 1080
1576 192 0 800 1080
1577 254 0 862 1080
1578 321 0 929 1080
1579 381 0 989 1080
1580 428 0 1036 1080
1581 457 0 1065 1080
1582 471 0 1079 1080
1583 475 0 1083 1080
1584 473 0 1081 1080
1585 481 0 1089 1080
1586 561 0 1169 1080
1587 641 0 1249 1080
1588 721 0 1329 1080
1589 801 0 1409 1080
1590 881 0 1489 1080
1591 961 0 1569 1080
1592 1041 0 1649 1080
1593 1121 0 1729 1080
1594 1201 0 1809 1080
1595 1281 0 1889 1080
1596 1312 0 1920 1080
1597 1312 0 1920 1080
1598 1312 0 1920 1080
1599 1281 0 1889 1080
1600 1201 0 1809 1080
1601 1121 0 1729 1080
1602 1041 0 1649 1080
1603 961 0 1569 1080
1604 881 0 1489 1080
1605 872 0 1480 1080
1606 792 0 1400 1080
1607 712 0 1320 1080
1608 632 0 1240 1080
1609 552 0 1160 1080
1610 472 0 1080 1080
1611 392 0 1000 1080
1612 312 0 920 1080
1613 246 0 854 1080
1614 177 0 785 1080
1615 122 0 730 1080
1616 90 0 698 1080
1617 170 0 778 1080
1618 236 0 844 1080
1619 283 0 891 1080
1620 308 0 916 1080
1621 310 0 918 1080
1622 295 0 903 1080
1623 269 0 877 1080
1624 239 0 847 1080
1625 211 0 819 1080
1626 192 0 800 1080
1627 136 0 744 1080
1628 62 0 670 1080
1629 0 0 608 1080
1630 0 0 608 1080
1631 0 0 608 1080
1632 0 0 608 1080
1633 0 0 608 1080
1634 0 0 608 1080
1635 66 0 674 1080
1636 146 0 754 1080
1637 226 0 834 1080
1638 306 0 914 1080
1639 386 0 994 1080
1640 466 0 1074 1080
1641 544 0 1152 1080
1642 613 0 1221 1080
1643 660 0 1268 1080
1644 662 0 1270 1080
1645 644 0 1252 1080
1646 611 0 1219 1080
1647 575 0 1183 1080
1648 495 0 1103 1080
1649 415 0 1023 1080
1650 335 0 943 1080
1651 255 0 863 1080
1652 175 0 783 1080
1653 255 0 863 1080
1654 263 0 871 1080
1655 210 0 818 1080
1656 130 0 738 1080
1657 50 0 658 1080
1658 0 0 608 1080
1659 0 0 608 1080
1660 0 0 608 1080
1661 43 0 651 1080
1662 73 0 681 1080
1663 73 0 681 1080
1664 48 0 656 1080
1665 9 0 617 1080
1666 0 0 608 1080
1667 46 0 654 1080
1668 89 0 697 1080
1669 95 0 703 1080
1670 68 0 676 1080
1671 21 0 629 1080
1672 0 0 608 1080
1673 0 0 608 1080
1674 0 0 608 1080
1675 47 0 655 1080
1676 64 0 672 1080
1677 50 0 658 1080
1678 13 0 621 1080
1679 0 0 608 1080
1680 0 0 608 1080
1681 0 0 608 1080
1682 46 0 654 1080
1683 58 0 666 1080
1684 38 0 646 1080
1685 0 0 608 1080
1686 0 0 608 1080
1687 0 0 608 1080
1688 0 0 608 1080
1689 26 0 634 1080
1690 40 0 648 1080
1691 34 0 642 1080
1692 14 0 622 1080
1693 0 0 608 1080
1694 0 0 608 1080
1695 0 0 608 1080
1696 0 0 608 1080
1697 0 0 608 1080
1698 0 0 608 1080
1699 0 0 608 1080
1700 0 0 608 1080
1701 0 0 608 1080
1702 0 0 608 1080
1703 0 0 608 1080
1704 0 0 608 1080
1705 0 0 608 1080
1706 0 0 608 1080
1707 0 0 608 1080
1708 0 0 608 1080
1709 0 0 608 1080
1710 0 0 608 1080
1711 0 0 608 1080
1712 0 0 608 1080
1713 11 0 619 1080
1714 24 0 632 1080
1715 32 0 640 1080
1716 34 0 642 1080
1717 32 0 640 1080
1718 28 0 636 1080
1719 22 0 630 1080
1720 17 0 625 1080
1721 16 0 624 1080
1722 22 0 630 1080
1723 33 0 641 1080
1724 45 0 653 1080
1725 55 0 663 1080
1726 59 0 667 1080
1727 56 0 664 1080
1728 51 0 659 1080
1729 44 0 652 1080
1730 36 0 644 1080
1731 31 0 639 1080
1732 31 0 639 1080
1733 34 0 642 1080
1734 39 0 647 1080
1735 42 0 650 1080
1736 44 0 652 1080
1737 43 0 651 1080
1738 42 0 650 1080
1739 38 0 646 1080
1740 36 0 644 1080
1741 36 0 644 1080
1742 42 0 650 1080
1743 51 0 659 1080
1744 61 0 669 1080
1745 69 0 677 1080
1746 74 0 682 1080
1747 75 0 683 1080
1748 72 0 680 1080
1749 70 0 678 1080
1750 70 0 678 1080
1751 72 0 680 1080
1752 73 0 681 1080
1753 72 0 680 1080
1754 70 0 678 1080
1755 66 0 674 1080
1756 63 0 671 1080
1757 61 0 669 1080
1758 61 0 669 1080
1759 62 0 670 1080
1760 63 0 671 1080
1761 65 0 673 1080
1762 71 0 679 1080
1763 80 0 688 1080
1764 92 0 700 1080
1765 104 0 712 1080
1766 116 0 724 1080
1767 125 0 733 1080
1768 132 0 740 1080
1769 134 0 742 1080
1770 132 0 740 1080
1771 125 0 733 1080
1772 116 0 724 1080
1773 106 0 714 1080
1774 96 0 704 1080
1775 91 0 699 1080
1776 91 0 699 1080
1777 99 0 707 1080
1778 111 0 719 1080
1779 124 0 732 1080
1780 137 0 745 1080
1781 146 0 754 1080
1782 151 0 759 1080
1783 152 0 760 1080
1784 152 0 760 1080
1785 150 0 758 1080
1786 149 0 757 1080
1787 148 0 756 1080
1788 147 0 755 1080
1789 147 0 755 1080
1790 148 0 756 1080
1791 148 0 756 1080
1792 153 0 761 1080
1793 157 0 765 1080
1794 161 0 769 1080
1795 165 0 773 1080
1796 169 0 777 1080
1797 172 0 780 1080
1798 175 0 783 1080
1799 182 0 790 1080
1800 189 0 797 1080
1801 195 0 803 1080
1802 200 0 808 1080
1803 203 0 811 1080
1804 204 0 812 1080
1805 202 0 810 1080
1806 203 0 811 1080
1807 201 0 809 1080
1808 197 0 805 1080
1809 192 0 800 1080
1810 188 0 796 1080
1811 184 0 792 1080
1812 181 0 789 1080
1813 184 0 792 1080
1814 192 0 800 1080
1815 201 0 809 1080
1816 211 0 819 1080
1817 216 0 824 1080
1818 245 0 853 1080
1819 286 0 894 1080
1820 326 0 934 1080
1821 360 0 968 1080
1822 380 0 988 1080
1823 384 0 992 1080
1824 375 0 983 1080
1825 357 0 965 1080
1826 308 0 916 1080
1827 247 0 855 1080
1828 192 0 800 1080
1829 154 0 762 1080
1830 139 0 747 1080
1831 151 0 759 1080
1832 185 0 793 1080
1833 233 0 841 1080
1834 284 0 892 1080
1835 331 0 939 1080
1836 368 0 976 1080
1837 393 0 1001 1080
1838 405 0 1013 1080
1839 408 0 1016 1080
1840 452 0 1060 1080
1841 525 0 1133 1080
1842 605 0 1213 1080
1843 685 0 1293 1080
1844 758 0 1366 1080
1845 818 0 1426 1080
1846 859 0 1467 1080
1847 884 0 1492 1080
1848 896 0 1504 1080
1849 901 0 1509 1080
1850 906 0 1514 1080
1851 915 0 1523 1080
1852 931 0 1539 1080
1853 955 0 1563 1080
1854 987 0 1595 1080
1855 1024 0 1632 1080
1856 1063 0 1671 1080
1857 1102 0 1710 1080
1858 1137 0 1745 1080
1859 1169 0 1777 1080
1860 1197 0 1805 1080
1861 1222 0 1830 1080
1862 1245 0 1853 1080
1863 1247 0 1855 1080
1864 1229 0 1837 1080
1865 1200 0 1808 1080
1866 1166 0 1774 1080
1867 1134 0 1742 1080
1868 1111 0 1719 1080
1869 1098 0 1706 1080
1870 1086 0 1694 1080
1871 1078 0 1686 1080
1872 1074 0 1682 1080
1873 1071 0 1679 1080
1874 1069 0 1677 1080
1875 1068 0 1676 1080
1876 1068 0 1676 1080
1877 1069 0 1677 1080
1878 1070 0 1678 1080
1879 1071 0 1679 1080
1880 1071 0 1679 1080
1881 1071 0 1679 1080
1882 1070 0 1678 1080
1883 1067 0 1675 1080
1884 1063 0 1671 1080
1885 1059 0 1667 1080
1886 1060 0 1668 1080
1887 1067 0 1675 1080
1888 1074 0 1682 1080
1889 1080 0 1688 1080
1890 1082 0 1690 1080
1891 1081 0 1689 1080
1892 1115 0 1723 1080
1893 1131 0 1739 1080
1894 1129 0 1737 1080
1895 1152 0 1760 1080
1896 1190 0 1798 1080
1897 1232 0 1840 1080
1898 1270 0 1878 1080
1899 1297 0 1905 1080
1900 1310 0 1918 1080
1901 1274 0 1882 1080
1902 1205 0 1813 1080
1903 1156 0 1764 1080
1904 1134 0 1742 1080
1905 1138 0 1746 1080
1906 1163 0 1771 1080
1907 1199 0 1807 1080
1908 1237 0 1845 1080
1909 1269 0 1877 1080
1910 1289 0 1897 1080
1911 1294 0 1902 1080
1912 1286 0 1894 1080
1913 1269 0 1877 1080
1914 1264 0 1872 1080
1915 1270 0 1878 1080
1916 1293 0 1901 1080
1917 1312 0 1920 1080
1918 1312 0 1920 1080
1919 1312 0 1920 1080
1920 1312 0 1920 1080
1921 1312 0 1920 1080
1922 1312 0 1920 1080
1923 1312 0 1920 1080
1924 1287 0 1895 1080
1925 1253 0 1861 1080
1926 1239 0 1847 1080
1927 1236 0 1844 1080
1928 1255 0 1863 1080
1929 1289 0 1897 1080
1930 1312 0 1920 1080
1931 1312 0 1920 1080
1932 1312 0 1920 1080
1933 1312 0 1920 1080
1934 1294 0 1902 1080
1935 1299 0 1907 1080
1936 1312 0 1920 1080
1937 1312 0 1920 1080
1938 1312 0 1920 1080
1939 1312 0 1920 1080
1940 1312 0 1920 1080
1941 1312 0 1920 1080
1942 1312 0 1920 1080
1943 1312 0 1920 1080
1944 1312 0 1920 1080
1945 1287 0 1895 1080
1946 1272 0 1880 1080
1947 1276 0 1884 1080
1948 1293 0 1901 1080
1949 1312 0 1920 1080
1950 1312 0 1920 1080
1951 1312 0 1920 1080
1952 1312 0 1920 1080
1953 1312 0 1920 1080
1954 1312 0 1920 1080
1955 1312 0 1920 1080
1956 1312 0 1920 1080
1957 1312 0 1920 1080
1958 1312 0 1920 1080
1959 1308 0 1916 1080
1960 1278 0 1886 1080
1961 1239 0 1847 1080
1962 1202 0 1810 1080
1963 1202 0 1810 1080
1964 1203 0 1811 1080
1965 1232 0 1840 1080
1966 1262 0 1870 1080
1967 1303 0 1911 1080
1968 1312 0 1920 1080
1969 1312 0 1920 1080
1970 1312 0 1920 1080
1971 1312 0 1920 1080
1972 1291 0 1899 1080
1973 1211 0 1819 1080
1974 1174 0 1782 1080
1975 1186 0 1794 1080
1976 1237 0 1845 1080
1977 1224 0 1832 1080
1978 1253 0 1861 1080
1979 1221 0 1829 1080
1980 1147 0 1755 1080
1981 1067 0 1675 1080
1982 987 0 1595 1080
1983 907 0 1515 1080
1984 827 0 1435 1080
1985 757 0 1365 1080
1986 714 0 1322 1080
1987 702 0 1310 1080
1988 717 0 1325 1080
1989 755 0 1363 1080
1990 802 0 1410 1080
1991 848 0 1456 1080
1992 885 0 1493 1080
1993 910 0 1518 1080
1994 921 0 1529 1080
1995 919 0 1527 1080
1996 906 0 1514 1080
1997 888 0 1496 1080
1998 870 0 1478 1080
1999 852 0 1460 1080
2000 838 0 1446 1080
2001 827 0 1435 1080
2002 821 0 1429 1080
2003 823 0 1431 1080
2004 831 0 1439 1080
2005 841 0 1449 1080
2006 850 0 1458 1080
2007 858 0 1466 1080
2008 861 0 1469 1080
2009 857 0 1465 1080
2010 846 0 1454 1080
2011 828 0 1436 1080
2012 809 0 1417 1080
2013 793 0 1401 1080
2014 784 0 1392 1080
2015 783 0 1391 1080
2016 789 0 1397 1080
2017 799 0 1407 1080
2018 808 0 1416 1080
2019 813 0 1421 1080
2020 812 0 1420 1080
2021 806 0 1414 1080
2022 795 0 1403 1080
2023 785 0 1393 1080
2024 777 0 1385 1080
2025 772 0 1380 1080
2026 774 0 1382 1080
2027 779 0 1387 1080
2028 785 0 1393 1080
2029 788 0 1396 1080
2030 787 0 1395 1080
2031 781 0 1389 1080
2032 771 0 1379 1080
2033 761 0 1369 1080
2034 753 0 1361 1080
2035 750 0 1358 1080
2036 752 0 1360 1080
2037 757 0 1365 1080
2038 764 0 1372 1080
2039 770 0 1378 1080
2040 774 0 1382 1080
2041 773 0 1381 1080
2042 768 0 1376 1080
2043 759 0 1367 1080
2044 749 0 1357 1080
2045 740 0 1348 1080
2046 733 0 1341 1080
2047 730 0 1338 1080
2048 730 0 1338 1080
2049 732 0 1340 1080
2050 738 0 1346 1080
2051 744 0 1352 1080
2052 751 0 1359 1080
2053 756 0 1364 1080
2054 760 0 1368 1080
2055 764 0 1372 1080
2056 766 0 1374 1080
2057 768 0 1376 1080
2058 769 0 1377 1080
2059 766 0 1374 1080
2060 760 0 1368 1080
2061 753 0 1361 1080
2062 747 0 1355 1080
2063 743 0 1351 1080
2064 742 0 1350 1080
2065 743 0 1351 1080
2066 746 0 1354 1080
2067 750 0 1358 1080
2068 752 0 1360 1080
2069 753 0 1361 1080
2070 753 0 1361 1080
2071 753 0 1361 1080
2072 750 0 1358 1080
2073 744 0 1352 1080
2074 734 0 1342 1080
2075 720 0 1328 1080
2076 707 0 1315 1080
2077 696 0 1304 1080
2078 690 0 1298 1080
2079 688 0 1296 1080
2080 689 0 1297 1080
2081 694 0 1302 1080
2082 701 0 1309 1080
2083 708 0 1316 1080
2084 713 0 1321 1080
2085 715 0 1323 1080
2086 715 0 1323 1080
2087 714 0 1322 1080
2088 714 0 1322 1080
2089 714 0 1322 1080
2090 715 0 1323 1080
2091 720 0 1328 1080
2092 727 0 1335 1080
2093 736 0 1344 1080
2094 745 0 1353 1080
2095 753 0 1361 1080
2096 759 0 1367 1080
2097 762 0 1370 1080
2098 762 0 1370 1080
2099 761 0 1369 1080
2100 759 0 1367 1080
2101 759 0 1367 1080
2102 764 0 1372 1080
2103 777 0 1385 1080
2104 819 0 1427 1080
2105 876 0 1484 1080
2106 934 0 1542 1080
2107 983 0 1591 1080
2108 1017 0 1625 1080
2109 1037 0 1645 1080
2110 1082 0 1690 1080
2111 1141 0 1749 1080
2112 1204 0 1812 1080
2113 1259 0 1867 1080
2114 1299 0 1907 1080
2115 1312 0 1920 1080
2116 1312 0 1920 1080
2117 1306 0 1914 1080
2118 1283 0 1891 1080
2119 1258 0 1866 1080
2120 1237 0 1845 1080
2121 1223 0 1831 1080
2122 1218 0 1826 1080
2123 1222 0 1830 1080
2124 1232 0 1840 1080
2125 1245 0 1853 1080
2126 1258 0 1866 1080
2127 1269 0 1877 1080
2128 1277 0 1885 1080
2129 1280 0 1888 1080
2130 1280 0 1888 1080
2131 1277 0 1885 1080
2132 1273 0 1881 1080
2133 1270 0 1878 1080
2134 1267 0 1875 1080
2135 1265 0 1873 1080
2136 1264 0 1872 1080
2137 1265 0 1873 1080
2138 1267 0 1875 1080
2139 1270 0 1878 1080
2140 1272 0 1880 1080
2141 1274 0 1882 1080
2142 1275 0 1883 1080
2143 1276 0 1884 1080
2144 1277 0 1885 1080
2145 1276 0 1884 1080
2146 1275 0 1883 1080
2147 1273 0 1881 1080
2148 1272 0 1880 1080
2149 1272 0 1880 1080
2150 1272 0 1880 1080
2151 1273 0 1881 1080
2152 1274 0 1882 1080
2153 1275 0 1883 1080
2154 1277 0 1885 1080
2155 1278 0 1886 1080
2156 1279 0 1887 1080
2157 1279 0 1887 1080
2158 1280 0 1888 1080
2159 1280 0 1888 1080
2160 1277 0 1885 1080
2161 1273 0 1881 1080
2162 1269 0 1877 1080
2163 1263 0 1871 1080
2164 1256 0 1864 1080
2165 1251 0 1859 1080
2166 1246 0 1854 1080
2167 1242 0 1850 1080
2168 1240 0 1848 1080
2169 1238 0 1846 1080
2170 1237 0 1845 1080
2171 1237 0 1845 1080
2172 1235 0 1843 1080
2173 1233 0 1841 1080
2174 1230 0 1838 1080
2175 1226 0 1834 1080
2176 1221 0 1829 1080
2177 1215 0 1823 1080
2178 1208 0 1816 1080
2179 1201 0 1809 1080
2180 1194 0 1802 1080
2181 1189 0 1797 1080
2182 1186 0 1794 1080
2183 1183 0 1791 1080
2184 1183 0 1791 1080
2185 1184 0 1792 1080
2186 1186 0 1794 1080
2187 1189 0 1797 1080
2188 1191 0 1799 1080
2189 1192 0 1800 1080
2190 1186 0 1794 1080
2191 1181 0 1789 1080
2192 1178 0 1786 1080
2193 1177 0 1785 1080
2194 1178 0 1786 1080
2195 1196 0 1804 1080
2196 1222 0 1830 1080
2197 1202 0 1810 1080
2198 1198 0 1806 1080
2199 1209 0 1817 1080
2200 1229 0 1837 1080
2201 1253 0 1861 1080
2202 1276 0 1884 1080
2203 1293 0 1901 1080
2204 1213 0 1821 1080
2205 1161 0 1769 1080
2206 1143 0 1751 1080
2207 1155 0 1763 1080
2208 1190 0 1798 1080
2209 1236 0 1844 1080
2210 1281 0 1889 1080
2211 1201 0 1809 1080
2212 1154 0 1762 1080
2213 1143 0 1751 1080
2214 1163 0 1771 1080
2215 1204 0 1812 1080
2216 1254 0 1862 1080
2217 1302 0 1910 1080
2218 1222 0 1830 1080
2219 1173 0 1781 1080
2220 1158 0 1766 1080
2221 1174 0 1782 1080
2222 1212 0 1820 1080
2223 1261 0 1869 1080
2224 1308 0 1916 1080
2225 1228 0 1836 1080
2226 1179 0 1787 1080
2227 1166 0 1774 1080
2228 1184 0 1792 1080
2229 1224 0 1832 1080
2230 1273 0 1881 1080
2231 1312 0 1920 1080
2232 1240 0 1848 1080
2233 1191 0 1799 1080
2234 1177 0 1785 1080
2235 1195 0 1803 1080
2236 1169 0 1777 1080
2237 1114 0 1722 1080
2238 1049 0 1657 1080
2239 989 0 1597 1080
2240 947 0 1555 1080
2241 928 0 1536 1080
2242 933 0 1541 1080
2243 957 0 1565 1080
2244 992 0 1600 1080
2245 1033 0 1641 1080
2246 1069 0 1677 1080
2247 1095 0 1703 1080
2248 1107 0 1715 1080
2249 1105 0 1713 1080
2250 1094 0 1702 1080
2251 1079 0 1687 1080
2252 1064 0 1672 1080
2253 1051 0 1659 1080
2254 1045 0 1653 1080
2255 1045 0 1653 1080
2256 1052 0 1660 1080
2257 1064 0 1672 1080
2258 1078 0 1686 1080
2259 1092 0 1700 1080
2260 1103 0 1711 1080
2261 1108 0 1716 1080
2262 1108 0 1716 1080
2263 1102 0 1710 1080
2264 1095 0 1703 1080
2265 1087 0 1695 1080
2266 1081 0 1689 1080
2267 1076 0 1684 1080
2268 1074 0 1682 1080
2269 1074 0 1682 1080
2270 1075 0 1683 1080
2271 1076 0 1684 1080
2272 1072 0 1680 1080
2273 1064 0 1672 1080
2274 1041 0 1649 1080
2275 1019 0 1627 1080
2276 998 0 1606 1080
2277 963 0 1571 1080
2278 920 0 1528 1080
2279 873 0 1481 1080
2280 828 0 1436 1080
2281 789 0 1397 1080
2282 757 0 1365 1080
2283 733 0 1341 1080
2284 715 0 1323 1080
2285 701 0 1309 1080
2286 687 0 1295 1080
2287 672 0 1280 1080
2288 653 0 1261 1080
2289 630 0 1238 1080
2290 605 0 1213 1080
2291 576 0 1184 1080
2292 546 0 1154 1080
2293 516 0 1124 1080
2294 488 0 1096 1080
2295 460 0 1068 1080
2296 435 0 1043 1080
2297 410 0 1018 1080
2298 387 0 995 1080
2299 364 0 972 1080
2300 341 0 949 1080
2301 318 0 926 1080
2302 294 0 902 1080
2303 269 0 877 1080
2304 210 0 818 1080
2305 134 0 742 1080
2306 59 0 667 1080
2307 37 0 645 1080
2308 65 0 673 1080
2309 130 0 738 1080
2310 210 0 818 1080
2311 290 0 898 1080
2312 361 0 969 1080
2313 414 0 1022 1080
2314 387 0 995 1080
2315 364 0 972 1080
2316 350 0 958 1080
2317 350 0 958 1080
2318 364 0 972 1080
2319 389 0 997 1080
2320 422 0 1030 1080
2321 457 0 1065 1080
2322 498 0 1106 1080
2323 538 0 1146 1080
2324 570 0 1178 1080
2325 591 0 1199 1080
2326 593 0 1201 1080
2327 588 0 1196 1080
2328 577 0 1185 1080
2329 564 0 1172 1080
2330 555 0 1163 1080
2331 551 0 1159 1080
2332 553 0 1161 1080
2333 559 0 1167 1080
2334 569 0 1177 1080
2335 579 0 1187 1080
2336 588 0 1196 1080
2337 595 0 1203 1080
2338 597 0 1205 1080
2339 597 0 1205 1080
2340 592 0 1200 1080
2341 583 0 1191 1080
2342 576 0 1184 1080
2343 574 0 1182 1080
2344 574 0 1182 1080
2345 574 0 1182 1080
2346 567 0 1175 1080
2347 549 0 1157 1080
2348 533 0 1141 1080
2349 521 0 1129 1080
2350 515 0 1123 1080
2351 516 0 1124 1080
2352 509 0 1117 1080
2353 498 0 1106 1080
2354 487 0 1095 1080
2355 480 0 1088 1080
2356 478 0 1086 1080
2357 481 0 1089 1080
2358 492 0 1100 1080
2359 509 0 1117 1080
2360 530 0 1138 1080
2361 553 0 1161 1080
2362 574 0 1182 1080
2363 589 0 1197 1080
2364 597 0 1205 1080
2365 597 0 1205 1080
2366 592 0 1200 1080
2367 586 0 1194 1080
2368 581 0 1189 1080
2369 555 0 1163 1080
2370 517 0 1125 1080
2371 479 0 1087 1080
2372 449 0 1057 1080
2373 429 0 1037 1080
2374 451 0 1059 1080
2375 500 0 1108 1080
2376 561 0 1169 1080
2377 596 0 1204 1080
2378 606 0 1214 1080
2379 592 0 1200 1080
2380 559 0 1167 1080
2381 517 0 1125 1080
2382 491 0 1099 1080
2383 490 0 1098 1080
2384 566 0 1174 1080
2385 646 0 1254 1080
2386 726 0 1334 1080
2387 806 0 1414 1080
2388 880 0 1488 1080
2389 931 0 1539 1080
2390 951 0 1559 1080
2391 947 0 1555 1080
2392 916 0 1524 1080
2393 866 0 1474 1080
2394 807 0 1415 1080
2395 750 0 1358 1080
2396 703 0 1311 1080
2397 673 0 1281 1080
2398 664 0 1272 1080
2399 673 0 1281 1080
2400 696 0 1304 1080
2401 720 0 1328 1080
2402 737 0 1345 1080
2403 747 0 1355 1080
2404 748 0 1356 1080
2405 742 0 1350 1080
2406 732 0 1340 1080
2407 735 0 1343 1080
2408 746 0 1354 1080
2409 761 0 1369 1080
2410 774 0 1382 1080
2411 783 0 1391 1080
2412 787 0 1395 1080
2413 785 0 1393 1080
2414 778 0 1386 1080
2415 767 0 1375 1080
2416 755 0 1363 1080
2417 742 0 1350 1080
2418 730 0 1338 1080
2419 720 0 1328 1080
2420 715 0 1323 1080
2421 710 0 1318 1080
2422 705 0 1313 1080
2423 700 0 1308 1080
2424 695 0 1303 1080
2425 690 0 1298 1080
2426 685 0 1293 1080
2427 681 0 1289 1080
2428 677 0 1285 1080
2429 675 0 1283 1080
2430 670 0 1278 1080
2431 665 0 1273 1080
2432 641 0 1249 1080
2433 608 0 1216 1080
2434 576 0 1184 1080
2435 551 0 1159 1080
2436 538 0 1146 1080
2437 543 0 1151 1080
2438 561 0 1169 1080
2439 563 0 1171 1080
2440 554 0 1162 1080
2441 545 0 1153 1080
2442 542 0 1150 1080
2443 543 0 1151 1080
2444 538 0 1146 1080
2445 522 0 1130 1080
2446 505 0 1113 1080
2447 495 0 1103 1080
2448 497 0 1105 1080
2449 510 0 1118 1080
2450 551 0 1159 1080
2451 588 0 1196 1080
2452 633 0 1241 1080
2453 676 0 1284 1080
2454 709 0 1317 1080
2455 727 0 1335 1080
2456 727 0 1335 1080
2457 725 0 1333 1080
2458 706 0 1314 1080
2459 691 0 1299 1080
2460 684 0 1292 1080
2461 684 0 1292 1080
2462 690 0 1298 1080
2463 692 0 1300 1080
2464 686 0 1294 1080
2465 766 0 1374 1080
2466 808 0 1416 1080
2467 812 0 1420 1080
2468 784 0 1392 1080
2469 749 0 1357 1080
2470 705 0 1313 1080
2471 663 0 1271 1080
2472 633 0 1241 1080
2473 619 0 1227 1080
2474 625 0 1233 1080
2475 646 0 1254 1080
2476 676 0 1284 1080
2477 710 0 1318 1080
2478 742 0 1350 1080
2479 767 0 1375 1080
2480 784 0 1392 1080
2481 791 0 1399 1080
2482 791 0 1399 1080
2483 786 0 1394 1080
2484 813 0 1421 1080
2485 865 0 1473 1080
2486 929 0 1537 1080
2487 995 0 1603 1080
2488 1052 0 1660 1080
2489 1095 0 1703 1080
2490 1122 0 1730 1080
2491 1133 0 1741 1080
2492 1132 0 1740 1080
2493 1124 0 1732 1080
2494 1113 0 1721 1080
2495 1099 0 1707 1080
2496 1086 0 1694 1080
2497 1073 0 1681 1080
2498 1062 0 1670 1080
2499 1054 0 1662 1080
2500 1047 0 1655 1080
2501 1041 0 1649 1080
2502 1036 0 1644 1080
2503 1031 0 1639 1080
2504 1027 0 1635 1080
2505 1027 0 1635 1080
2506 1030 0 1638 1080
2507 1039 0 1647 1080
2508 1047 0 1655 1080
2509 1054 0 1662 1080
2510 1059 0 1667 1080
2511 1060 0 1668 1080
2512 1072 0 1680 1080
2513 1096 0 1704 1080
2514 1126 0 1734 1080
2515 1158 0 1766 1080
2516 1186 0 1794 1080
2517 1206 0 1814 1080
2518 1216 0 1824 1080
2519 1217 0 1825 1080
2520 1209 0 1817 1080
2521 1197 0 1805 1080
2522 1186 0 1794 1080
2523 1178 0 1786 1080
2524 1175 0 1783 1080
2525 1181 0 1789 1080
2526 1193 0 1801 1080
2527 1209 0 1817 1080
2528 1225 0 1833 1080
2529 1239 0 1847 1080
2530 1249 0 1857 1080
2531 1255 0 1863 1080
2532 1258 0 1866 1080
2533 1258 0 1866 1080
2534 1257 0 1865 1080
2535 1255 0 1863 1080
2536 1235 0 1843 1080
2537 1201 0 1809 1080
2538 1163 0 1771 1080
2539 1126 0 1734 1080
2540 1098 0 1706 1080
2541 1080 0 1688 1080
2542 1060 0 1668 1080
2543 1039 0 1647 1080
2544 1021 0 1629 1080
2545 1011 0 1619 1080
2546 1007 0 1615 1080
2547 1010 0 1618 1080
2548 1018 0 1626 1080
2549 1031 0 1639 1080
2550 1045 0 1653 1080
2551 1056 0 1664 1080
2552 1062 0 1670 1080
2553 1062 0 1670 1080
2554 1057 0 1665 1080
2555 1048 0 1656 1080
2556 1037 0 1645 1080
2557 1025 0 1633 1080
2558 1012 0 1620 1080
2559 1003 0 1611 1080
2560 992 0 1600 1080
2561 983 0 1591 1080
2562 977 0 1585 1080
2563 973 0 1581 1080
2564 971 0 1579 1080
2565 972 0 1580 1080
2566 974 0 1582 1080
2567 975 0 1583 1080
2568 974 0 1582 1080
2569 1033 0 1641 1080
2570 1057 0 1665 1080
2571 1050 0 1658 1080
2572 1020 0 1628 1080
2573 979 0 1587 1080
2574 939 0 1547 1080
2575 867 0 1475 1080
2576 787 0 1395 1080
2577 714 0 1322 1080
2578 682 0 1290 1080
2579 689 0 1297 1080
2580 728 0 1336 1080
2581 785 0 1393 1080
2582 843 0 1451 1080
2583 889 0 1497 1080
2584 916 0 1524 1080
2585 922 0 1530 1080
2586 906 0 1514 1080
2587 879 0 1487 1080
2588 846 0 1454 1080
2589 816 0 1424 1080
2590 795 0 1403 1080
2591 786 0 1394 1080
2592 789 0 1397 1080
2593 801 0 1409 1080
2594 815 0 1423 1080
2595 829 0 1437 1080
2596 841 0 1449 1080
2597 849 0 1457 1080
2598 853 0 1461 1080
2599 854 0 1462 1080
2600 851 0 1459 1080
2601 846 0 1454 1080
2602 841 0 1449 1080
2603 838 0 1446 1080
2604 841 0 1449 1080
2605 849 0 1457 1080
2606 860 0 1468 1080
2607 871 0 1479 1080
2608 882 0 1490 1080
2609 891 0 1499 1080
2610 900 0 1508 1080
2611 909 0 1517 1080
2612 919 0 1527 1080
2613 932 0 1540 1080
2614 946 0 1554 1080
2615 962 0 1570 1080
2616 977 0 1585 1080
2617 990 0 1598 1080
2618 999 0 1607 1080
2619 1005 0 1613 1080
2620 1010 0 1618 1080
2621 1017 0 1625 1080
2622 1026 0 1634 1080
2623 1036 0 1644 1080
2624 1046 0 1654 1080
2625 1055 0 1663 1080
2626 1062 0 1670 1080
2627 1065 0 1673 1080
2628 1061 0 1669 1080
2629 1051 0 1659 1080
2630 1038 0 1646 1080
2631 1026 0 1634 1080
2632 1019 0 1627 1080
2633 1020 0 1628 1080
2634 1027 0 1635 1080
2635 1038 0 1646 1080
2636 1051 0 1659 1080
2637 1062 0 1670 1080
2638 1066 0 1674 1080
2639 1064 0 1672 1080
2640 1057 0 1665 1080
2641 1048 0 1656 1080
2642 1040 0 1648 1080
2643 1032 0 1640 1080
2644 1026 0 1634 1080
2645 1022 0 1630 1080
2646 1021 0 1629 1080
2647 1017 0 1625 1080
2648 1011 0 1619 1080
2649 1001 0 1609 1080
2650 991 0 1599 1080
2651 982 0 1590 1080
2652 977 0 1585 1080
2653 977 0 1585 1080
2654 980 0 1588 1080
2655 984 0 1592 1080
2656 989 0 1597 1080
2657 992 0 1600 1080
2658 991 0 1599 1080
2659 988 0 1596 1080
2660 985 0 1593 1080
2661 983 0 1591 1080
2662 982 0 1590 1080
2663 982 0 1590 1080
2664 983 0 1591 1080
2665 983 0 1591 1080
2666 981 0 1589 1080
2667 976 0 1584 1080
2668 969 0 1577 1080
2669 960 0 1568 1080
2670 952 0 1560 1080
2671 947 0 1555 1080
2672 945 0 1553 1080
2673 946 0 1554 1080
2674 949 0 1557 1080
2675 952 0 1560 1080
2676 953 0 1561 1080
2677 948 0 1556 1080
2678 938 0 1546 1080
2679 923 0 1531 1080
2680 907 0 1515 1080
2681 896 0 1504 1080
2682 891 0 1499 1080
2683 895 0 1503 1080
2684 905 0 1513 1080
2685 920 0 1528 1080
2686 937 0 1545 1080
2687 951 0 1559 1080
2688 960 0 1568 1080
2689 965 0 1573 1080
2690 966 0 1574 1080
2691 966 0 1574 1080
2692 965 0 1573 1080
2693 966 0 1574 1080
2694 969 0 1577 1080
2695 973 0 1581 1080
2696 979 0 1587 1080
2697 985 0 1593 1080
2698 991 0 1599 1080
2699 997 0 1605 1080
2700 1003 0 1611 1080
2701 1009 0 1617 1080
2702 1014 0 1622 1080
2703 1020 0 1628 1080
2704 1026 0 1634 1080
2705 1031 0 1639 1080
2706 1036 0 1644 1080
2707 1040 0 1648 1080
2708 1043 0 1651 1080
2709 1044 0 1652 1080
2710 1044 0 1652 1080
2711 1044 0 1652 1080
2712 1044 0 1652 1080
2713 1045 0 1653 1080
2714 1045 0 1653 1080
2715 1047 0 1655 1080
2716 1050 0 1658 1080
2717 1053 0 1661 1080
2718 1054 0 1662 1080
2719 1054 0 1662 1080
2720 1051 0 1659 1080
2721 1048 0 1656 1080
2722 1043 0 1651 1080
2723 1038 0 1646 1080
2724 1032 0 1640 1080
2725 1025 0 1633 1080
2726 1015 0 1623 1080
2727 1003 0 1611 1080
2728 984 0 1592 1080
2729 957 0 1565 1080
2730 926 0 1534 1080
2731 896 0 1504 1080
2732 872 0 1480 1080
2733 857 0 1465 1080
2734 827 0 1435 1080
2735 802 0 1410 1080
2736 782 0 1390 1080
2737 768 0 1376 1080
2738 758 0 1366 1080
2739 751 0 1359 1080
2740 736 0 1344 1080
2741 714 0 1322 1080
2742 669 0 1277 1080
2743 629 0 1237 1080
2744 595 0 1203 1080
2745 571 0 1179 1080
2746 556 0 1164 1080
2747 550 0 1158 1080
2748 546 0 1154 1080
2749 539 0 1147 1080
2750 530 0 1138 1080
2751 518 0 1126 1080
2752 501 0 1109 1080
2753 482 0 1090 1080
2754 460 0 1068 1080
2755 454 0 1062 1080
2756 430 0 1038 1080
2757 410 0 1018 1080
2758 393 0 1001 1080
2759 379 0 987 1080
2760 373 0 981 1080
2761 373 0 981 1080
2762 378 0 986 1080
2763 386 0 994 1080
2764 394 0 1002 1080
2765 397 0 1005 1080
2766 383 0 991 1080
2767 356 0 964 1080
2768 329 0 937 1080
2769 306 0 914 1080
2770 283 0 891 1080
2771 262 0 870 1080
2772 246 0 854 1080
2773 234 0 842 1080
2774 228 0 836 1080
2775 228 0 836 1080
2776 234 0 842 1080
2777 240 0 848 1080
2778 244 0 852 1080
2779 246 0 854 1080
2780 245 0 853 1080
2781 242 0 850 1080
2782 254 0 862 1080
2783 279 0 887 1080
2784 311 0 919 1080
2785 347 0 955 1080
2786 381 0 989 1080
2787 408 0 1016 1080
2788 460 0 1068 1080
2789 525 0 1133 1080
2790 587 0 1195 1080
2791 634 0 1242 1080
2792 661 0 1269 1080
2793 680 0 1288 1080
2794 698 0 1306 1080
2795 730 0 1338 1080
2796 776 0 1384 1080
2797 831 0 1439 1080
2798 892 0 1500 1080
2799 952 0 1560 1080
2800 1005 0 1613 1080
2801 1044 0 1652 1080
2802 1065 0 1673 1080
2803 1081 0 1689 1080
2804 1090 0 1698 1080
2805 1092 0 1700 1080
2806 1089 0 1697 1080
2807 1082 0 1690 1080
2808 1074 0 1682 1080
2809 1066 0 1674 1080
2810 1059 0 1667 1080
2811 1054 0 1662 1080
2812 1052 0 1660 1080
2813 1051 0 1659 1080
2814 1050 0 1658 1080
2815 1048 0 1656 1080
2816 1045 0 1653 1080
2817 1040 0 1648 1080
2818 1033 0 1641 1080
2819 1023 0 1631 1080
2820 1010 0 1618 1080
2821 990 0 1598 1080
2822 965 0 1573 1080
2823 936 0 1544 1080
2824 909 0 1517 1080
2825 886 0 1494 1080
2826 867 0 1475 1080
2827 847 0 1455 1080
2828 826 0 1434 1080
2829 803 0 1411 1080
2830 779 0 1387 1080
2831 758 0 1366 1080
2832 741 0 1349 1080
2833 726 0 1334 1080
2834 713 0 1321 1080
2835 703 0 1311 1080
2836 680 0 1288 1080
2837 643 0 1251 1080
2838 609 0 1217 1080
2839 580 0 1188 1080
2840 544 0 1152 1080
2841 506 0 1114 1080
2842 473 0 1081 1080
2843 463 0 1071 1080
2844 460 0 1068 1080
2845 447 0 1055 1080
2846 430 0 1038 1080
2847 409 0 1017 1080
2848 388 0 996 1080
2849 371 0 979 1080
2850 359 0 967 1080
2851 351 0 959 1080
2852 347 0 955 1080
2853 344 0 952 1080
2854 336 0 944 1080
2855 325 0 933 1080
2856 313 0 921 1080
2857 302 0 910 1080
2858 292 0 900 1080
2859 281 0 889 1080
2860 270 0 878 1080
2861 258 0 866 1080
2862 246 0 854 1080
2863 235 0 843 1080
2864 225 0 833 1080
2865 216 0 824 1080
2866 208 0 816 1080
2867 199 0 807 1080
2868 190 0 798 1080
2869 180 0 788 1080
2870 169 0 777 1080
2871 159 0 767 1080
2872 151 0 759 1080
2873 144 0 752 1080
2874 135 0 743 1080
2875 125 0 733 1080
2876 113 0 721 1080
2877 102 0 710 1080
2878 92 0 700 1080
2879 85 0 693 1080
2880 103 0 711 1080
2881 137 0 745 1080
2882 174 0 782 1080
2883 204 0 812 1080
2884 221 0 829 1080
2885 221 0 829 1080
2886 195 0 803 1080
2887 152 0 760 1080
2888 104 0 712 1080
2889 61 0 669 1080
2890 31 0 639 1080
2891 17 0 625 1080
2892 19 0 627 1080
2893 34 0 642 1080
2894 55 0 663 1080
2895 78 0 686 1080
2896 99 0 707 1080
2897 112 0 720 1080
2898 119 0 727 1080
2899 124 0 732 1080
2900 128 0 736 1080
2901 131 0 739 1080
2902 136 0 744 1080
2903 141 0 749 1080
2904 150 0 758 1080
2905 161 0 769 1080
2906 176 0 784 1080
2907 191 0 799 1080
2908 208 0 816 1080
2909 220 0 828 1080
2910 224 0 832 1080
2911 221 0 829 1080
2912 213 0 821 1080
2913 203 0 811 1080
2914 197 0 805 1080
2915 198 0 806 1080
2916 207 0 815 1080
2917 218 0 826 1080
2918 229 0 837 1080
2919 237 0 845 1080
2920 244 0 852 1080
2921 254 0 862 1080
2922 270 0 878 1080
2923 292 0 900 1080
2924 312 0 920 1080
2925 328 0 936 1080
2926 338 0 946 1080
2927 344 0 952 1080
2928 347 0 955 1080
2929 348 0 956 1080
2930 349 0 957 1080
2931 351 0 959 1080
2932 350 0 958 1080
2933 347 0 955 1080
2934 359 0 967 1080
2935 360 0 968 1080
2936 355 0 963 1080
2937 347 0 955 1080
2938 341 0 949 1080
2939 343 0 951 1080
2940 348 0 956 1080
2941 354 0 962 1080
2942 360 0 968 1080
2943 365 0 973 1080
2944 369 0 977 1080
2945 374 0 982 1080
2946 381 0 989 1080
2947 392 0 1000 1080
2948 400 0 1008 1080
2949 404 0 1012 1080
2950 421 0 1029 1080
2951 501 0 1109 1080
2952 541 0 1149 1080
2953 543 0 1151 1080
2954 523 0 1131 1080
2955 523 0 1131 1080
2956 538 0 1146 1080
2957 563 0 1171 1080
2958 594 0 1202 1080
2959 584 0 1192 1080
2960 542 0 1150 1080
2961 483 0 1091 1080
2962 424 0 1032 1080
2963 375 0 983 1080
2964 346 0 954 1080
2965 340 0 948 1080
2966 355 0 963 1080
2967 385 0 993 1080
2968 419 0 1027 1080
2969 452 0 1060 1080
2970 479 0 1087 1080
2971 497 0 1105 1080
2972 506 0 1114 1080
2973 504 0 1112 1080
2974 493 0 1101 1080
2975 475 0 1083 1080
2976 454 0 1062 1080
2977 434 0 1042 1080
2978 423 0 1031 1080
2979 420 0 1028 1080
2980 426 0 1034 1080
2981 438 0 1046 1080
2982 452 0 1060 1080
2983 464 0 1072 1080
2984 472 0 1080 1080
2985 474 0 1082 1080
2986 468 0 1076 1080
2987 456 0 1064 1080
2988 439 0 1047 1080
2989 415 0 1023 1080
2990 387 0 995 1080
2991 356 0 964 1080
2992 290 0 898 1080
2993 210 0 818 1080
2994 136 0 744 1080
2995 85 0 693 1080
2996 67 0 675 1080
2997 79 0 687 1080
2998 112 0 720 1080
2999 109 0 717 1080
3000 78 0 686 1080
3001 33 0 641 1080
3002 0 0 608 1080
3003 0 0 608 1080
3004 0 0 608 1080
3005 0 0 608 1080
3006 45 0 653 1080
3007 125 0 733 1080
3008 204 0 812 1080
3009 263 0 871 1080
3010 298 0 906 1080
3011 314 0 922 1080
3012 315 0 923 1080
3013 310 0 918 1080
3014 305 0 913 1080
3015 304 0 912 1080
3016 308 0 916 1080
3017 315 0 923 1080
3018 348 0 956 1080
3019 394 0 1002 1080
3020 442 0 1050 1080
3021 482 0 1090 1080
3022 509 0 1117 1080
3023 521 0 1129 1080
3024 519 0 1127 1080
3025 506 0 1114 1080
3026 487 0 1095 1080
3027 469 0 1077 1080
3028 485 0 1093 1080
3029 526 0 1134 1080
3030 583 0 1191 1080
3031 641 0 1249 1080
3032 691 0 1299 1080
3033 727 0 1335 1080
3034 747 0 1355 1080
3035 753 0 1361 1080
3036 746 0 1354 1080
3037 732 0 1340 1080
3038 716 0 1324 1080
3039 697 0 1305 1080
3040 683 0 1291 1080
3041 682 0 1290 1080
3042 692 0 1300 1080
3043 713 0 1321 1080
3044 741 0 1349 1080
3045 772 0 1380 1080
3046 802 0 1410 1080
3047 824 0 1432 1080
3048 837 0 1445 1080
3049 841 0 1449 1080
3050 837 0 1445 1080
3051 828 0 1436 1080
3052 818 0 1426 1080
3053 807 0 1415 1080
3054 798 0 1406 1080
3055 795 0 1403 1080
3056 796 0 1404 1080
3057 798 0 1406 1080
3058 798 0 1406 1080
3059 794 0 1402 1080
3060 784 0 1392 1080
3061 769 0 1377 1080
3062 762 0 1370 1080
3063 762 0 1370 1080
3064 767 0 1375 1080
3065 777 0 1385 1080
3066 791 0 1399 1080
3067 807 0 1415 1080
3068 821 0 1429 1080
3069 830 0 1438 1080
3070 835 0 1443 1080
3071 834 0 1442 1080
3072 830 0 1438 1080
3073 823 0 1431 1080
3074 817 0 1425 1080
3075 816 0 1424 1080
3076 816 0 1424 1080
3077 824 0 1432 1080
3078 854 0 1462 1080
3079 880 0 1488 1080
3080 896 0 1504 1080
3081 902 0 1510 1080
3082 910 0 1518 1080
3083 927 0 1535 1080
3084 949 0 1557 1080
3085 962 0 1570 1080
3086 973 0 1581 1080
3087 983 0 1591 1080
3088 991 0 1599 1080
3089 997 0 1605 1080
3090 1003 0 1611 1080
3091 1010 0 1618 1080
3092 1019 0 1627 1080
3093 1032 0 1640 1080
3094 1048 0 1656 1080
3095 1066 0 1674 1080
3096 1085 0 1693 1080
3097 1102 0 1710 1080
3098 1117 0 1725 1080
3099 1127 0 1735 1080
3100 1134 0 1742 1080
3101 1139 0 1747 1080
3102 1142 0 1750 1080
3103 1144 0 1752 1080
3104 1147 0 1755 1080
3105 1151 0 1759 1080
3106 1157 0 1765 1080
3107 1164 0 1772 1080
3108 1174 0 1782 1080
3109 1187 0 1795 1080
3110 1202 0 1810 1080
3111 1218 0 1826 1080
3112 1223 0 1831 1080
3113 1245 0 1853 1080
3114 1263 0 1871 1080
3115 1294 0 1902 1080
3116 1312 0 1920 1080
3117 1312 0 1920 1080
3118 1312 0 1920 1080
3119 1312 0 1920 1080
3120 1312 0 1920 1080
3121 1312 0 1920 1080
3122 1312 0 1920 1080
3123 1312 0 1920 1080
3124 1312 0 1920 1080
3125 1312 0 1920 1080
3126 1312 0 1920 1080
3127 1312 0 1920 1080
3128 1312 0 1920 1080
3129 1312 0 1920 1080
3130 1312 0 1920 1080
3131 1312 0 1920 1080
3132 1312 0 1920 1080
3133 1312 0 1920 1080
3134 1312 0 1920 1080
3135 1312 0 1920 1080
3136 1312 0 1920 1080
3137 1312 0 1920 1080
3138 1312 0 1920 1080
3139 1312 0 1920 1080
3140 1312 0 1920 1080
3141 1312 0 1920 1080
3142 1312 0 1920 1080
3143 1312 0 1920 1080
3144 1312 0 1920 1080
3145 1312 0 1920 1080
3146 1312 0 1920 1080
3147 1312 0 1920 1080
3148 1312 0 1920 1080
3149 1312 0 1920 1080
3150 1312 0 1920 1080
3151 1312 0 1920 1080
3152 1312 0 1920 1080
3153 1312 0 1920 1080
3154 1312 0 1920 1080
3155 1312 0 1920 1080
3156 1312 0 1920 1080
3157 1312 0 1920 1080
3158 1312 0 1920 1080
3159 1312 0 1920 1080
3160 1312 0 1920 1080
3161 1312 0 1920 1080
3162 1312 0 1920 1080
3163 1312 0 1920 1080
3164 1312 0 1920 1080
3165 1312 0 1920 1080
3166 1312 0 1920 1080
3167 1312 0 1920 1080
3168 1312 0 1920 1080
3169 1312 0 1920 1080
3170 1312 0 1920 1080
3171 1312 0 1920 1080
3172 1312 0 1920 1080
3173 1312 0 1920 1080
3174 1312 0 1920 1080
3175 1312 0 1920 1080
3176 1312 0 1920 1080
3177 1307 0 1915 1080
3178 1302 0 1910 1080
3179 1301 0 1909 1080
3180 1303 0 1911 1080
3181 1307 0 1915 1080
3182 1311 0 1919 1080
3183 1312 0 1920 1080
3184 1312 0 1920 1080
3185 1312 0 1920 1080
3186 1312 0 1920 1080
3187 1306 0 1914 1080
3188 1297 0 1905 1080
3189 1288 0 1896 1080
3190 1279 0 1887 1080
3191 1272 0 1880 1080
3192 1268 0 1876 1080
3193 1265 0 1873 1080
3194 1262 0 1870 1080
3195 1259 0 1867 1080
3196 1256 0 1864 1080
3197 1251 0 1859 1080
3198 1247 0 1855 1080
3199 1243 0 1851 1080
3200 1239 0 1847 1080
3201 1237 0 1845 1080
3202 1236 0 1844 1080
3203 1236 0 1844 1080
3204 1237 0 1845 1080
3205 1240 0 1848 1080
3206 1243 0 1851 1080
3207 1247 0 1855 1080
3208 1250 0 1858 1080
3209 1251 0 1859 1080
3210 1250 0 1858 1080
3211 1248 0 1856 1080
3212 1243 0 1851 1080
3213 1238 0 1846 1080
3214 1233 0 1841 1080
3215 1231 0 1839 1080
3216 1232 0 1840 1080
3217 1243 0 1851 1080
3218 1252 0 1860 1080
3219 1259 0 1867 1080
3220 1261 0 1869 1080
3221 1259 0 1867 1080
3222 1254 0 1862 1080
3223 1245 0 1853 1080
3224 1235 0 1843 1080
3225 1217 0 1825 1080
3226 1209 0 1817 1080
3227 1199 0 1807 1080
3228 1193 0 1801 1080
3229 1191 0 1799 1080
3230 1192 0 1800 1080
3231 1193 0 1801 1080
3232 1196 0 1804 1080
3233 1201 0 1809 1080
3234 1208 0 1816 1080
3235 1216 0 1824 1080
3236 1225 0 1833 1080
3237 1234 0 1842 1080
3238 1242 0 1850 1080
3239 1250 0 1858 1080
3240 1256 0 1864 1080
3241 1260 0 1868 1080
3242 1263 0 1871 1080
3243 1265 0 1873 1080
3244 1283 0 1891 1080
3245 1309 0 1917 1080
3246 1312 0 1920 1080
3247 1312 0 1920 1080
3248 1312 0 1920 1080
3249 1312 0 1920 1080
3250 1312 0 1920 1080
3251 1312 0 1920 1080
3252 1312 0 1920 1080
3253 1312 0 1920 1080
3254 1312 0 1920 1080
3255 1312 0 1920 1080
3256 1312 0 1920 1080
3257 1312 0 1920 1080
3258 1312 0 1920 1080
3259 1312 0 1920 1080
3260 1312 0 1920 1080
3261 1312 0 1920 1080
3262 1312 0 1920 1080
3263 1312 0 1920 1080
3264 1307 0 1915 1080
3265 1292 0 1900 1080
3266 1285 0 1893 1080
3267 1285 0 1893 1080
3268 1288 0 1896 1080
3269 1292 0 1900 1080
3270 1298 0 1906 1080
3271 1303 0 1911 1080
3272 1267 0 1875 1080
3273 1202 0 1810 1080
3274 1125 0 1733 1080
3275 1052 0 1660 1080
3276 995 0 1603 1080
3277 970 0 1578 1080
3278 974 0 1582 1080
3279 1000 0 1608 1080
3280 1037 0 1645 1080
3281 1075 0 1683 1080
3282 1105 0 1713 1080
3283 1169 0 1777 1080
3284 1245 0 1853 1080
3285 1269 0 1877 1080
3286 1245 0 1853 1080
3287 1187 0 1795 1080
3288 1113 0 1721 1080
3289 1038 0 1646 1080
3290 978 0 1586 1080
3291 940 0 1548 1080
3292 926 0 1534 1080
3293 926 0 1534 1080
3294 938 0 1546 1080
3295 960 0 1568 1080
3296 993 0 1601 1080
3297 1027 0 1635 1080
3298 1056 0 1664 1080
3299 1073 0 1681 1080
3300 1082 0 1690 1080
3301 1078 0 1686 1080
3302 1073 0 1681 1080
3303 1068 0 1676 1080
3304 1064 0 1672 1080
3305 1062 0 1670 1080
3306 1071 0 1679 1080
3307 1090 0 1698 1080
3308 1115 0 1723 1080
3309 1154 0 1762 1080
3310 1185 0 1793 1080
3311 1204 0 1812 1080
3312 1217 0 1825 1080
3313 1216 0 1824 1080
3314 1204 0 1812 1080
3315 1186 0 1794 1080
3316 1167 0 1775 1080
3317 1150 0 1758 1080
3318 1140 0 1748 1080
3319 1136 0 1744 1080
3320 1139 0 1747 1080
3321 1146 0 1754 1080
3322 1156 0 1764 1080
3323 1155 0 1763 1080
3324 1158 0 1766 1080
3325 1166 0 1774 1080
3326 1177 0 1785 1080
3327 1187 0 1795 1080
3328 1196 0 1804 1080
3329 1204 0 1812 1080
3330 1208 0 1816 1080
3331 1206 0 1814 1080
3332 1195 0 1803 1080
3333 1172 0 1780 1080
3334 1145 0 1753 1080
3335 1118 0 1726 1080
3336 1094 0 1702 1080
3337 1076 0 1684 1080
3338 1063 0 1671 1080
3339 1056 0 1664 1080
3340 1087 0 1695 1080
3341 1107 0 1715 1080
3342 1114 0 1722 1080
3343 1108 0 1716 1080
3344 1037 0 1645 1080
3345 957 0 1565 1080
3346 877 0 1485 1080
3347 797 0 1405 1080
3348 717 0 1325 1080
3349 639 0 1247 1080
3350 574 0 1182 1080
3351 526 0 1134 1080
3352 496 0 1104 1080
3353 482 0 1090 1080
3354 562 0 1170 1080
3355 612 0 1220 1080
3356 623 0 1231 1080
3357 596 0 1204 1080
3358 538 0 1146 1080
3359 461 0 1069 1080
3360 381 0 989 1080
3361 461 0 1069 1080
3362 495 0 1103 1080
3363 481 0 1089 1080
3364 425 0 1033 1080
3365 345 0 953 1080
3366 265 0 873 1080
3367 191 0 799 1080
3368 148 0 756 1080
3369 139 0 747 1080
3370 149 0 757 1080
3371 177 0 785 1080
3372 220 0 828 1080
3373 276 0 884 1080
3374 338 0 946 1080
3375 395 0 1003 1080
3376 468 0 1076 1080
3377 544 0 1152 1080
3378 609 0 1217 1080
3379 653 0 1261 1080
3380 673 0 1281 1080
3381 669 0 1277 1080
3382 652 0 1260 1080
3383 630 0 1238 1080
3384 610 0 1218 1080
3385 599 0 1207 1080
3386 582 0 1190 1080
3387 578 0 1186 1080
3388 599 0 1207 1080
3389 595 0 1203 1080
3390 610 0 1218 1080
3391 636 0 1244 1080
3392 665 0 1273 1080
3393 705 0 1313 1080
3394 748 0 1356 1080
3395 790 0 1398 1080
3396 825 0 1433 1080
3397 852 0 1460 1080
3398 870 0 1478 1080
3399 880 0 1488 1080
3400 883 0 1491 1080
3401 884 0 1492 1080
3402 884 0 1492 1080
3403 882 0 1490 1080
3404 962 0 1570 1080
3405 1014 0 1622 1080
3406 1036 0 1644 1080
3407 1034 0 1642 1080
3408 1014 0 1622 1080
3409 984 0 1592 1080
3410 958 0 1566 1080
3411 943 0 1551 1080
3412 938 0 1546 1080
3413 952 0 1560 1080
3414 977 0 1585 1080
3415 1013 0 1621 1080
3416 1051 0 1659 1080
3417 1104 0 1712 1080
3418 1149 0 1757 1080
3419 1200 0 1808 1080
3420 1249 0 1857 1080
3421 1293 0 1901 1080
3422 1312 0 1920 1080
3423 1312 0 1920 1080
3424 1312 0 1920 1080
3425 1312 0 1920 1080
3426 1312 0 1920 1080
3427 1312 0 1920 1080
3428 1312 0 1920 1080
3429 1312 0 1920 1080
3430 1312 0 1920 1080
3431 1312 0 1920 1080
3432 1312 0 1920 1080
3433 1312 0 1920 1080
3434 1312 0 1920 1080
3435 1312 0 1920 1080
3436 1312 0 1920 1080
3437 1312 0 1920 1080
3438 1309 0 1917 1080
3439 1229 0 1837 1080
3440 1158 0 1766 1080
3441 1115 0 1723 1080
3442 1101 0 1709 1080
3443 1115 0 1723 1080
3444 1144 0 1752 1080
3445 1224 0 1832 1080
3446 1304 0 1912 1080
3447 1312 0 1920 1080
3448 1312 0 1920 1080
3449 1312 0 1920 1080
3450 1312 0 1920 1080
3451 1312 0 1920 1080
3452 1312 0 1920 1080
3453 1312 0 1920 1080
3454 1312 0 1920 1080
3455 1312 0 1920 1080
3456 1312 0 1920 1080
3457 1312 0 1920 1080
3458 1312 0 1920 1080
3459 1312 0 1920 1080
3460 1312 0 1920 1080
3461 1312 0 1920 1080
3462 1312 0 1920 1080
3463 1312 0 1920 1080
3464 1312 0 1920 1080
3465 1312 0 1920 1080
3466 1312 0 1920 1080
3467 1312 0 1920 1080
3468 1312 0 1920 1080
3469 1312 0 1920 1080
3470 1312 0 1920 1080
3471 1312 0 1920 1080
3472 1312 0 1920 1080
3473 1312 0 1920 1080
3474 1312 0 1920 1080
3475 1312 0 1920 1080
3476 1312 0 1920 1080
3477 1291 0 1899 1080
3478 1212 0 1820 1080
3479 1149 0 1757 1080
3480 1112 0 1720 1080
3481 1103 0 1711 1080
3482 1120 0 1728 1080
3483 1156 0 1764 1080
3484 1201 0 1809 1080
3485 1243 0 1851 1080
3486 1275 0 1883 1080
3487 1293 0 1901 1080
3488 1298 0 1906 1080
3489 1291 0 1899 1080
3490 1276 0 1884 1080
3491 1258 0 1866 1080
3492 1241 0 1849 1080
3493 1227 0 1835 1080
3494 1218 0 1826 1080
3495 1216 0 1824 1080
3496 1219 0 1827 1080
3497 1226 0 1834 1080
3498 1234 0 1842 1080
3499 1242 0 1850 1080
3500 1248 0 1856 1080
3501 1251 0 1859 1080
3502 1250 0 1858 1080
3503 1247 0 1855 1080
3504 1241 0 1849 1080
3505 1234 0 1842 1080
3506 1225 0 1833 1080
3507 1218 0 1826 1080
3508 1213 0 1821 1080
3509 1211 0 1819 1080
3510 1268 0 1876 1080
3511 1312 0 1920 1080
3512 1312 0 1920 1080
3513 1312 0 1920 1080
3514 1312 0 1920 1080
3515 1312 0 1920 1080
3516 1312 0 1920 1080
3517 1312 0 1920 1080
3518 1312 0 1920 1080
3519 1312 0 1920 1080
3520 1312 0 1920 1080
3521 1312 0 1920 1080
3522 1312 0 1920 1080
3523 1312 0 1920 1080
3524 1312 0 1920 1080
3525 1312 0 1920 1080
3526 1312 0 1920 1080
3527 1312 0 1920 1080
3528 1312 0 1920 1080
3529 1312 0 1920 1080
3530 1312 0 1920 1080
3531 1312 0 1920 1080
3532 1312 0 1920 1080
3533 1312 0 1920 1080
3534 1312 0 1920 1080
3535 1312 0 1920 1080
3536 1312 0 1920 1080
3537 1312 0 1920 1080
3538 1312 0 1920 1080
3539 1312 0 1920 1080
3540 1312 0 1920 1080
3541 1312 0 1920 1080
3542 1312 0 1920 1080
3543 1312 0 1920 1080
3544 1312 0 1920 1080
3545 1312 0 1920 1080
3546 1312 0 1920 1080
3547 1312 0 1920 1080
3548 1312 0 1920 1080
3549 1312 0 1920 1080
3550 1312 0 1920 1080
3551 1312 0 1920 1080
3552 1312 0 1920 1080
3553 1312 0 1920 1080
3554 1312 0 1920 1080
3555 1312 0 1920 1080
3556 1312 0 1920 1080
3557 1312 0 1920 1080
3558 1312 0 1920 1080
3559 1312 0 1920 1080
3560 1312 0 1920 1080
3561 1312 0 1920 1080
3562 1312 0 1920 1080
3563 1312 0 1920 1080
3564 1312 0 1920 1080
3565 1312 0 1920 1080
3566 1312 0 1920 1080
3567 1312 0 1920 1080
3568 1312 0 1920 1080
3569 1312 0 1920 1080
3570 1312 0 1920 1080
3571 1312 0 1920 1080
3572 1312 0 1920 1080
3573 1312 0 1920 1080
3574 1312 0 1920 1080
3575 1312 0 1920 1080
3576 1312 0 1920 1080
3577 1312 0 1920 1080
3578 1312 0 1920 1080
3579 1312 0 1920 1080
3580 1312 0 1920 1080
3581 1312 0 1920 1080
3582 1312 0 1920 1080
3583 1312 0 1920 1080
3584 1312 0 1920 1080
3585 1312 0 1920 1080
3586 1312 0 1920 1080
3587 1312 0 1920 1080
3588 1312 0 1920 1080
3589 1312 0 1920 1080
3590 1312 0 1920 1080
3591 1312 0 1920 1080
3592 1312 0 1920 1080
3593 1312 0 1920 1080
3594 1312 0 1920 1080
3595 1312 0 1920 1080
3596 1312 0 1920 1080
3597 1312 0 1920 1080
3598 1312 0 1920 1080
3599 1312 0 1920 1080
3600 1312 0 1920 1080
3601 1312 0 1920 1080
3602 1312 0 1920 1080
3603 1312 0 1920 1080
3604 1312 0 1920 1080
3605 1312 0 1920 1080
3606 1312 0 1920 1080
3607 1312 0 1920 1080
3608 1312 0 1920 1080
3609 1312 0 1920 1080
3610 1312 0 1920 1080
3611 1312 0 1920 1080
3612 1312 0 1920 1080
3613 1312 0 1920 1080
3614 1312 0 1920 1080
3615 1312 0 1920 1080
3616 1312 0 1920 1080
3617 1312 0 1920 1080
3618 1312 0 1920 1080
3619 1312 0 1920 1080
3620 1312 0 1920 1080
3621 1312 0 1920 1080
3622 1312 0 1920 1080
3623 1312 0 1920 1080
3624 1312 0 1920 1080
3625 1312 0 1920 1080
3626 1312 0 1920 1080
3627 1312 0 1920 1080
3628 1312 0 1920 1080
3629 1312 0 1920 1080
3630 1312 0 1920 1080
3631 1312 0 1920 1080
3632 1312 0 1920 1080
3633 1312 0 1920 1080
3634 1296 0 1904 1080
3635 1216 0 1824 1080
3636 1136 0 1744 1080
3637 1056 0 1664 1080
3638 1050 0 1658 1080
3639 1130 0 1738 1080
3640 1210 0 1818 1080
3641 1290 0 1898 1080
3642 1312 0 1920 1080
3643 1312 0 1920 1080
3644 1312 0 1920 1080
3645 1312 0 1920 1080
3646 1312 0 1920 1080
3647 1312 0 1920 1080
3648 1312 0 1920 1080
3649 1312 0 1920 1080
3650 1312 0 1920 1080
3651 1312 0 1920 1080
3652 1312 0 1920 1080
3653 1312 0 1920 1080
3654 1312 0 1920 1080
3655 1312 0 1920 1080
3656 1312 0 1920 1080
3657 1312 0 1920 1080
3658 1312 0 1920 1080
3659 1312 0 1920 1080
3660 1312 0 1920 1080
3661 1312 0 1920 1080
3662 1312 0 1920 1080
3663 1312 0 1920 1080
3664 1312 0 1920 1080
3665 1312 0 1920 1080
3666 1312 0 1920 1080
3667 1312 0 1920 1080
3668 1312 0 1920 1080
3669 1312 0 1920 1080
3670 1312 0 1920 1080
3671 1312 0 1920 1080
3672 1312 0 1920 1080
3673 1312 0 1920 1080
3674 1312 0 1920 1080
3675 1312 0 1920 1080
3676 1312 0 1920 1080
3677 1312 0 1920 1080
3678 1312 0 1920 1080
3679 1312 0 1920 1080
3680 1312 0 1920 1080
3681 1312 0 1920 1080
3682 1312 0 1920 1080
3683 1312 0 1920 1080
3684 1312 0 1920 1080
3685 1312 0 1920 1080
3686 1312 0 1920 1080
3687 1312 0 1920 1080
3688 1312 0 1920 1080
3689 1312 0 1920 1080
3690 1312 0 1920 1080
3691 1312 0 1920 1080
3692 1312 0 1920 1080
3693 1312 0 1920 1080
3694 1312 0 1920 1080
3695 1312 0 1920 1080
3696 1312 0 1920 1080
3697 1312 0 1920 1080
3698 1312 0 1920 1080
3699 1312 0 1920 1080
3700 1312 0 1920 1080
3701 1312 0 1920 1080
3702 1312 0 1920 1080
3703 1312 0 1920 1080
3704 1312 0 1920 1080
3705 1312 0 1920 1080
3706 1312 0 1920 1080
3707 1312 0 1920 1080
3708 1312 0 1920 1080
3709 1312 0 1920 1080
3710 1312 0 1920 1080
3711 1312 0 1920 1080
3712 1312 0 1920 1080
3713 1312 0 1920 1080
3714 1312 0 1920 1080
3715 1312 0 1920 1080
3716 1312 0 1920 1080
3717 1312 0 1920 1080
3718 1312 0 1920 1080
3719 1312 0 1920 1080
3720 1312 0 1920 1080
3721 1312 0 1920 1080
3722 1312 0 1920 1080
3723 1312 0 1920 1080
3724 1312 0 1920 1080
3725 1312 0 1920 1080
3726 1312 0 1920 1080
3727 1308 0 1916 1080
3728 1295 0 1903 1080
3729 1284 0 1892 1080
3730 1280 0 1888 1080
3731 1281 0 1889 1080
3732 1288 0 1896 1080
3733 1298 0 1906 1080
3734 1307 0 1915 1080
3735 1312 0 1920 1080
3736 1312 0 1920 1080
3737 1312 0 1920 1080
3738 1312 0 1920 1080
3739 1312 0 1920 1080
3740 1312 0 1920 1080
3741 1312 0 1920 1080
3742 1312 0 1920 1080
3743 1312 0 1920 1080
3744 1312 0 1920 1080
3745 1312 0 1920 1080
3746 1312 0 1920 1080
3747 1312 0 1920 1080
3748 1312 0 1920 1080
3749 1312 0 1920 1080
3750 1312 0 1920 1080
3751 1312 0 1920 1080
3752 1312 0 1920 1080
3753 1312 0 1920 1080
3754 1312 0 1920 1080
3755 1312 0 1920 1080
3756 1312 0 1920 1080
3757 1312 0 1920 1080
3758 1312 0 1920 1080
3759 1312 0 1920 1080
3760 1312 0 1920 1080
3761 1312 0 1920 1080
3762 1312 0 1920 1080
3763 1312 0 1920 1080
3764 1312 0 1920 1080
3765 1312 0 1920 1080
3766 1312 0 1920 1080
3767 1312 0 1920 1080
3768 1312 0 1920 1080
3769 1312 0 1920 1080
3770 1312 0 1920 1080
3771 1312 0 1920 1080
3772 1312 0 1920 1080
3773 1312 0 1920 1080
3774 1312 0 1920 1080
3775 1312 0 1920 1080
3776 1312 0 1920 1080
3777 1312 0 1920 1080
3778 1312 0 1920 1080
3779 1312 0 1920 1080
3780 1312 0 1920 1080
3781 1312 0 1920 1080
3782 1312 0 1920 1080
3783 1312 0 1920 1080
3784 1312 0 1920 1080
3785 1306 0 1914 1080
3786 1296 0 1904 1080
3787 1287 0 1895 1080
3788 1279 0 1887 1080
3789 1271 0 1879 1080
3790 1261 0 1869 1080
3791 1250 0 1858 1080
3792 1235 0 1843 1080
3793 1217 0 1825 1080
3794 1199 0 1807 1080
3795 1184 0 1792 1080
3796 1173 0 1781 1080
3797 1102 0 1710 1080
3798 1022 0 1630 1080
3799 942 0 1550 1080
3800 862 0 1470 1080
3801 799 0 1407 1080
3802 756 0 1364 1080
3803 737 0 1345 1080
3804 740 0 1348 1080
3805 720 0 1328 1080
3806 684 0 1292 1080
3807 643 0 1251 1080
3808 606 0 1214 1080
3809 584 0 1192 1080
3810 578 0 1186 1080
3811 590 0 1198 1080
3812 615 0 1223 1080
3813 648 0 1256 1080
3814 682 0 1290 1080
3815 713 0 1321 1080
3816 736 0 1344 1080
3817 750 0 1358 1080
3818 756 0 1364 1080
3819 755 0 1363 1080
3820 752 0 1360 1080
3821 747 0 1355 1080
3822 746 0 1354 1080
3823 750 0 1358 1080
3824 759 0 1367 1080
3825 773 0 1381 1080
3826 790 0 1398 1080
3827 806 0 1414 1080
3828 821 0 1429 1080
3829 831 0 1439 1080
3830 836 0 1444 1080
3831 837 0 1445 1080
3832 835 0 1443 1080
3833 831 0 1439 1080
3834 814 0 1422 1080
3835 734 0 1342 1080
3836 676 0 1284 1080
3837 648 0 1256 1080
3838 650 0 1258 1080
3839 675 0 1283 1080
3840 716 0 1324 1080
3841 760 0 1368 1080
3842 694 0 1302 1080
3843 659 0 1267 1080
3844 655 0 1263 1080
3845 679 0 1287 1080
3846 720 0 1328 1080
3847 767 0 1375 1080
3848 810 0 1418 1080
3849 735 0 1343 1080
3850 655 0 1263 1080
3851 575 0 1183 1080
3852 495 0 1103 1080
3853 415 0 1023 1080
3854 335 0 943 1080
3855 258 0 866 1080
3856 200 0 808 1080
3857 168 0 776 1080
3858 164 0 772 1080
3859 182 0 790 1080
3860 262 0 870 1080
3861 329 0 937 1080
3862 370 0 978 1080
3863 384 0 992 1080
3864 372 0 980 1080
3865 343 0 951 1080
3866 273 0 881 1080
3867 193 0 801 1080
3868 113 0 721 1080
3869 33 0 641 1080
3870 0 0 608 1080
3871 0 0 608 1080
3872 0 0 608 1080
3873 0 0 608 1080
3874 0 0 608 1080
3875 0 0 608 1080
3876 0 0 608 1080
3877 0 0 608 1080
3878 0 0 608 1080
3879 57 0 665 1080
3880 137 0 745 1080
3881 217 0 825 1080
3882 297 0 905 1080
3883 377 0 985 1080
3884 457 0 1065 1080
3885 537 0 1145 1080
3886 617 0 1225 1080
3887 686 0 1294 1080
3888 727 0 1335 1080
3889 732 0 1340 1080
3890 706 0 1314 1080
3891 654 0 1262 1080
3892 590 0 1198 1080
3893 529 0 1137 1080
3894 475 0 1083 1080
3895 435 0 1043 1080
3896 414 0 1022 1080
3897 408 0 1016 1080
3898 415 0 1023 1080
3899 429 0 1037 1080
3900 446 0 1054 1080
3901 462 0 1070 1080
3902 472 0 1080 1080
3903 475 0 1083 1080
3904 470 0 1078 1080
3905 457 0 1065 1080
3906 438 0 1046 1080
3907 416 0 1024 1080
3908 395 0 1003 1080
3909 377 0 985 1080
3910 365 0 973 1080
3911 362 0 970 1080
3912 364 0 972 1080
3913 372 0 980 1080
3914 381 0 989 1080
3915 388 0 996 1080
3916 387 0 995 1080
3917 377 0 985 1080
3918 354 0 962 1080
3919 322 0 930 1080
3920 286 0 894 1080
3921 242 0 850 1080
3922 191 0 799 1080
3923 160 0 768 1080
3924 151 0 759 1080
3925 160 0 768 1080
3926 180 0 788 1080
3927 202 0 810 1080
3928 210 0 818 1080
3929 204 0 812 1080
3930 188 0 796 1080
3931 168 0 776 1080
3932 147 0 755 1080
3933 129 0 737 1080
3934 115 0 723 1080
3935 105 0 713 1080
3936 99 0 707 1080
3937 96 0 704 1080
3938 93 0 701 1080
3939 92 0 700 1080
3940 90 0 698 1080
3941 85 0 693 1080
3942 80 0 688 1080
3943 76 0 684 1080
3944 72 0 680 1080
3945 68 0 676 1080
3946 64 0 672 1080
3947 85 0 693 1080
3948 122 0 730 1080
3949 165 0 773 1080
3950 205 0 813 1080
3951 241 0 849 1080
3952 266 0 874 1080
3953 277 0 885 1080
3954 275 0 883 1080
3955 258 0 866 1080
3956 232 0 840 1080
3957 205 0 813 1080
3958 180 0 788 1080
3959 161 0 769 1080
3960 164 0 772 1080
3961 184 0 792 1080
3962 214 0 822 1080
3963 247 0 855 1080
3964 275 0 883 1080
3965 294 0 902 1080
3966 303 0 911 1080
3967 303 0 911 1080
3968 297 0 905 1080
3969 288 0 896 1080
3970 280 0 888 1080
3971 274 0 882 1080
3972 273 0 881 1080
3973 275 0 883 1080
3974 281 0 889 1080
3975 271 0 879 1080
3976 265 0 873 1080
3977 205 0 813 1080
3978 159 0 767 1080
3979 135 0 743 1080
3980 149 0 757 1080
3981 192 0 800 1080
3982 254 0 862 1080
3983 321 0 929 1080
3984 381 0 989 1080
3985 428 0 1036 1080
3986 457 0 1065 1080
3987 471 0 1079 1080
3988 475 0 1083 1080
3989 473 0 1081 1080
3990 481 0 1089 1080
3991 561 0 1169 1080
3992 641 0 1249 1080
3993 721 0 1329 1080
3994 801 0 1409 1080
3995 881 0 1489 1080
3996 961 0 1569 1080
3997 1041 0 1649 1080
3998 1121 0 1729 1080
3999 1201 0 1809 1080
4000 1281 0 1889 1080
4001 1312 0 1920 1080
4002 1312 0 1920 1080
4003 1312 0 1920 1080
4004 1281 0 1889 1080
4005 1201 0 1809 1080
4006 1121 0 1729 1080
4007 1041 0 1649 1080
4008 961 0 1569 1080
4009 881 0 1489 1080
4010 872 0 1480 1080
4011 792 0 1400 1080
4012 712 0 1320 1080
4013 632 0 1240 1080
4014 552 0 1160 1080
4015 472 0 1080 1080
4016 392 0 1000 1080
4017 312 0 920 1080
4018 246 0 854 1080
4019 177 0 785 1080
4020 122 0 730 1080
4021 90 0 698 1080
4022 170 0 778 1080
4023 236 0 844 1080
4024 283 0 891 1080
4025 308 0 916 1080
4026 310 0 918 1080
4027 295 0 903 1080
4028 269 0 877 1080
4029 239 0 847 1080
4030 211 0 819 1080
4031 192 0 800 1080
4032 136 0 744 1080
4033 62 0 670 1080
4034 0 0 608 1080
4035 0 0 608 1080
4036 0 0 608 1080
4037 0 0 608 1080
4038 0 0 608 1080
4039 0 0 608 1080
4040 66 0 674 1080
4041 146 0 754 1080
4042 226 0 834 1080
4043 306 0 914 1080
4044 386 0 994 1080
4045 466 0 1074 1080
4046 544 0 1152 1080
4047 613 0 1221 1080
4048 660 0 1268 1080
4049 662 0 1270 1080
4050 644 0 1252 1080
4051 611 0 1219 1080
4052 575 0 1183 1080
4053 495 0 1103 1080
4054 415 0 1023 1080
4055 335 0 943 1080
4056 255 0 863 1080
4057 175 0 783 1080
4058 255 0 863 1080
4059 263 0 871 1080
4060 210 0 818 1080
4061 130 0 738 1080
4062 50 0 658 1080
4063 0 0 608 1080
4064 0 0 608 1080
4065 0 0 608 1080
4066 43 0 651 1080
4067 73 0 681 1080
4068 73 0 681 1080
4069 48 0 656 1080
4070 9 0 617 1080
4071 0 0 608 1080
4072 46 0 654 1080
4073 89 0 697 1080
4074 95 0 703 1080
4075 68 0 676 1080
4076 21 0 629 1080
4077 0 0 608 1080
4078 0 0 608 1080
4079 0 0 608 1080
4080 47 0 655 1080
4081 64 0 672 1080
4082 50 0 658 1080
4083 13 0 621 1080
4084 0 0 608 1080
4085 0 0 608 1080
4086 0 0 608 1080
4087 46 0 654 1080
4088 58 0 666 1080
4089 38 0 646 1080
4090 0 0 608 1080
4091 0 0 608 1080
4092 0 0 608 1080
4093 0 0 608 1080
4094 26 0 634 1080
4095 40 0 648 1080
4096 34 0 642 1080
4097 14 0 622 1080
4098 0 0 608 1080
4099 0 0 608 1080
4100 0 0 608 1080
4101 0 0 608 1080
4102 0 0 608 1080
4103 0 0 608 1080
4104 0 0 608 1080
4105 0 0 608 1080
4106 0 0 608 1080
4107 0 0 608 1080
4108 0 0 608 1080
4109 0 0 608 1080
4110 0 0 608 1080
4111 0 0 608 1080
4112 0 0 608 1080
4113 0 0 608 1080
4114 0 0 608 1080
4115 0 0 608 1080
4116 0 0 608 1080
4117 0 0 608 1080
4118 11 0 619 1080
4119 24 0 632 1080
4120 32 0 640 1080
4121 34 0 642 1080
4122 32 0 640 1080
4123 28 0 636 1080
4124 22 0 630 1080
4125 17 0 625 1080
4126 16 0 624 1080
4127 22 0 630 1080
4128 33 0 641 1080
4129 45 0 653 1080
4130 55 0 663 1080
4131 59 0 667 1080
4132 56 0 664 1080
4133 51 0 659 1080
4134 44 0 652 1080
4135 36 0 644 1080
4136 31 0 639 1080
4137 31 0 639 1080
4138 34 0 642 1080
4139 39 0 647 1080
4140 42 0 650 1080
4141 44 0 652 1080
4142 43 0 651 1080
4143 42 0 650 1080
4144 38 0 646 1080
4145 36 0 644 1080
4146 36 0 644 1080
4147 42 0 650 1080
4148 51 0 659 1080
4149 61 0 669 1080
4150 69 0 677 1080
4151 74 0 682 1080
4152 75 0 683 1080
4153 72 0 680 1080
4154 70 0 678 1080
4155 70 0 678 1080
4156 72 0 680 1080
4157 73 0 681 1080
4158 72 0 680 1080
4159 70 0 678 1080
4160 66 0 674 1080
4161 63 0 671 1080
4162 61 0 669 1080
4163 61 0 669 1080
4164 62 0 670 1080
4165 63 0 671 1080
4166 65 0 673 1080
4167 71 0 679 1080
4168 80 0 688 1080
4169 92 0 700 1080
4170 104 0 712 1080
4171 116 0 724 1080
4172 125 0 733 1080
4173 132 0 740 1080
4174 134 0 742 1080
4175 132 0 740 1080
4176 125 0 733 1080
4177 116 0 724 1080
4178 106 0 714 1080
4179 96 0 704 1080
4180 91 0 699 1080
4181 91 0 699 1080
4182 99 0 707 1080
4183 111 0 719 1080
4184 124 0 732 1080
4185 137 0 745 1080
4186 146 0 754 1080
4187 151 0 759 1080
4188 152 0 760 1080
4189 152 0 760 1080
4190 150 0 758 1080
4191 149 0 757 1080
4192 148 0 756 1080
4193 147 0 755 1080
4194 147 0 755 1080
4195 148 0 756 1080
4196 148 0 756 1080
4197 153 0 761 1080
4198 157 0 765 1080
4199 161 0 769 1080
4200 165 0 773 1080
4201 169 0 777 1080
4202 172 0 780 1080
4203 175 0 783 1080
4204 182 0 790 1080
4205 189 0 797 1080
4206 195 0 803 1080
4207 200 0 808 1080
4208 203 0 811 1080
4209 204 0 812 1080
4210 202 0 810 1080
4211 203 0 811 1080
4212 201 0 809 1080
4213 197 0 805 1080
4214 192 0 800 1080
4215 188 0 796 1080
4216 184 0 792 1080
4217 181 0 789 1080
4218 184 0 792 1080
4219 192 0 800 1080
4220 201 0 809 1080
4221 211 0 819 1080
4222 216 0 824 1080
4223 245 0 853 1080
4224 286 0 894 1080
4225 326 0 934 1080
4226 360 0 968 1080
4227 380 0 988 1080
4228 384 0 992 1080
4229 375 0 983 1080
4230 357 0 965 1080
4231 308 0 916 1080
4232 247 0 855 1080
4233 192 0 800 1080
4234 154 0 762 1080
4235 139 0 747 1080
4236 151 0 759 1080
4237 185 0 793 1080
4238 233 0 841 1080
4239 284 0 892 1080
4240 331 0 939 1080
4241 368 0 976 1080
4242 393 0 1001 1080
4243 405 0 1013 1080
4244 408 0 1016 1080
4245 452 0 1060 1080
4246 525 0 1133 1080
4247 605 0 1213 1080
4248 685 0 1293 1080
4249 758 0 1366 1080
4250 818 0 1426 1080
4251 859 0 1467 1080
4252 884 0 1492 1080
4253 896 0 1504 1080
4254 901 0 1509 1080
4255 906 0 1514 1080
4256 915 0 1523 1080
4257 931 0 1539 1080
4258 955 0 1563 1080
4259 987 0 1595 1080
4260 1024 0 1632 1080
4261 1063 0 1671 1080
4262 1102 0 1710 1080
4263 1137 0 1745 1080
4264 1169 0 1777 1080
4265 1197 0 1805 1080
4266 1222 0 1830 1080
4267 1245 0 1853 1080
4268 1247 0 1855 1080
4269 1229 0 1837 1080
4270 1200 0 1808 1080
4271 1166 0 1774 1080
4272 1134 0 1742 1080
4273 1111 0 1719 1080
4274 1098 0 1706 1080
4275 1086 0 1694 1080
4276 1078 0 1686 1080
4277 1074 0 1682 1080
4278 1071 0 1679 1080
4279 1069 0 1677 1080
4280 1068 0 1676 1080
4281 1068 0 1676 1080
4282 1069 0 1677 1080
4283 1070 0 1678 1080
4284 1071 0 1679 1080
4285 1071 0 1679 1080
4286 1071 0 1679 1080
4287 1070 0 1678 1080
4288 1067 0 1675 1080
4289 1063 0 1671 1080
4290 1059 0 1667 1080
4291 1060 0 1668 1080
4292 1067 0 1675 1080
4293 1074 0 1682 1080
4294 1080 0 1688 1080
4295 1082 0 1690 1080
4296 1081 0 1689 1080
4297 1115 0 1723 1080
4298 1131 0 1739 1080
4299 1129 0 1737 1080
4300 1152 0 1760 1080
4301 1190 0 1798 1080
4302 1232 0 1840 1080
4303 1270 0 1878 1080
4304 1297 0 1905 1080
4305 1310 0 1918 1080
4306 1274 0 1882 1080
4307 1205 0 1813 1080
4308 1156 0 1764 1080
4309 1134 0 1742 1080
4310 1138 0 1746 1080
4311 1163 0 1771 1080
4312 1199 0 1807 1080
4313 1237 0 1845 1080
4314 1269 0 1877 1080
4315 1289 0 1897 1080
4316 1294 0 1902 1080
4317 1286 0 1894 1080
4318 1269 0 1877 1080
4319 1264 0 1872 1080
4320 1270 0 1878 1080
4321 1293 0 1901 1080
4322 1312 0 1920 1080
4323 1312 0 1920 1080
4324 1312 0 1920 1080
4325 1312 0 1920 1080
4326 1312 0 1920 1080
4327 1312 0 1920 1080
4328 1312 0 1920 1080
4329 1287 0 1895 1080
4330 1253 0 1861 1080
4331 1239 0 1847 1080
4332 1236 0 1844 1080
4333 1255 0 1863 1080
4334 1289 0 1897 1080
4335 1312 0 1920 1080
4336 1312 0 1920 1080
4337 1312 0 1920 1080
4338 1312 0 1920 1080
4339 1294 0 1902 1080
4340 1299 0 1907 1080
4341 1312 0 1920 1080
4342 1312 0 1920 1080
4343 1312 0 1920 1080
4344 1312 0 1920 1080
4345 1312 0 1920 1080
4346 1312 0 1920 1080
4347 1312 0 1920 1080
4348 1312 0 1920 1080
4349 1312 0 1920 1080
4350 1287 0 1895 1080
4351 1272 0 1880 1080
4352 1276 0 1884 1080
4353 1293 0 1901 1080
4354 1312 0 1920 1080
4355 1312 0 1920 1080
4356 1312 0 1920 1080
4357 1312 0 1920 1080
4358 1312 0 1920 1080
4359 1312 0 1920 1080
4360 1312 0 1920 1080
4361 1312 0 1920 1080
4362 1312 0 1920 1080
4363 1312 0 1920 1080
4364 1308 0 1916 1080
4365 1278 0 1886 1080
4366 1239 0 1847 1080
4367 1202 0 1810 1080
4368 1202 0 1810 1080
4369 1203 0 1811 1080
4370 1232 0 1840 1080
4371 1262 0 1870 1080
4372 1303 0 1911 1080
4373 1312 0 1920 1080
4374 1312 0 1920 1080
4375 1312 0 1920 1080
4376 1312 0 1920 1080
4377 1291 0 1899 1080
4378 1211 0 1819 1080
4379 1174 0 1782 1080
4380 1186 0 1794 1080
4381 1237 0 1845 1080
4382 1224 0 1832 1080
4383 1253 0 1861 1080
4384 1221 0 1829 1080
4385 1147 0 1755 1080
4386 1067 0 1675 1080
4387 987 0 1595 1080
4388 907 0 1515 1080
4389 827 0 1435 1080
4390 757 0 1365 1080
4391 714 0 1322 1080
4392 702 0 1310 1080
4393 717 0 1325 1080
4394 755 0 1363 1080
4395 802 0 1410 1080
4396 848 0 1456 1080
4397 885 0 1493 1080
4398 910 0 1518 1080
4399 921 0 1529 1080
4400 919 0 1527 1080
4401 906 0 1514 1080
4402 888 0 1496 1080
4403 870 0 1478 1080
4404 852 0 1460 1080
4405 838 0 1446 1080
4406 827 0 1435 1080
4407 821 0 1429 1080
4408 823 0 1431 1080
4409 831 0 1439 1080
4410 841 0 1449 1080
4411 850 0 1458 1080
4412 858 0 1466 1080
4413 861 0 1469 1080
4414 857 0 1465 1080
4415 846 0 1454 1080
4416 828 0 1436 1080
4417 809 0 1417 1080
4418 793 0 1401 1080
4419 784 0 1392 1080
4420 783 0 1391 1080
4421 789 0 1397 1080
4422 799 0 1407 1080
4423 808 0 1416 1080
4424 813 0 1421 1080
4425 812 0 1420 1080
4426 806 0 1414 1080
4427 795 0 1403 1080
4428 785 0 1393 1080
4429 777 0 1385 1080
4430 772 0 1380 1080
4431 774 0 1382 1080
4432 779 0 1387 1080
4433 785 0 1393 1080
4434 788 0 1396 1080
4435 787 0 1395 1080
4436 781 0 1389 1080
4437 771 0 1379 1080
4438 761 0 1369 1080
4439 753 0 1361 1080
4440 750 0 1358 1080
4441 752 0 1360 1080
4442 757 0 1365 1080
4443 764 0 1372 1080
4444 770 0 1378 1080
4445 774 0 1382 1080
4446 773 0 1381 1080
4447 768 0 1376 1080
4448 759 0 1367 1080
4449 749 0 1357 1080
4450 740 0 1348 1080
4451 733 0 1341 1080
4452 730 0 1338 1080
4453 730 0 1338 1080
4454 732 0 1340 1080
4455 738 0 1346 1080
4456 744 0 1352 1080
4457 751 0 1359 1080
4458 756 0 1364 1080
4459 760 0 1368 1080
4460 764 0 1372 1080
4461 766 0 1374 1080
4462 768 0 1376 1080
4463 769 0 1377 1080
4464 766 0 1374 1080
4465 760 0 1368 1080
4466 753 0 1361 1080
4467 747 0 1355 1080
4468 743 0 1351 1080
4469 742 0 1350 1080
4470 743 0 1351 1080
4471 746 0 1354 1080
4472 750 0 1358 1080
4473 752 0 1360 1080
4474 753 0 1361 1080
4475 753 0 1361 1080
4476 753 0 1361 1080
4477 750 0 1358 1080
4478 744 0 1352 1080
4479 734 0 1342 1080
4480 720 0 1328 1080
4481 707 0 1315 1080
4482 696 0 1304 1080
4483 690 0 1298 1080
4484 688 0 1296 1080
4485 689 0 1297 1080
4486 694 0 1302 1080
4487 701 0 1309 1080
4488 708 0 1316 1080
4489 713 0 1321 1080
4490 715 0 1323 1080
4491 715 0 1323 1080
4492 714 0 1322 1080
4493 714 0 1322 1080
4494 714 0 1322 1080
4495 715 0 1323 1080
4496 720 0 1328 1080
4497 727 0 1335 1080
4498 736 0 1344 1080
4499 745 0 1353 1080
4500 753 0 1361 1080
4501 759 0 1367 1080
4502 762 0 1370 1080
4503 762 0 1370 1080
4504 761 0 1369 1080
4505 759 0 1367 1080
4506 759 0 1367 1080
4507 764 0 1372 1080
4508 777 0 1385 1080
4509 819 0 1427 1080
4510 876 0 1484 1080
4511 934 0 1542 1080
4512 983 0 1591 1080
4513 1017 0 1625 1080
4514 1037 0 1645 1080
4515 1082 0 1690 1080
4516 1141 0 1749 1080
4517 1204 0 1812 1080
4518 1259 0 1867 1080
4519 1299 0 1907 1080
4520 1312 0 1920 1080
4521 1312 0 1920 1080
4522 1306 0 1914 1080
4523 1283 0 1891 1080
4524 1258 0 1866 1080
4525 1237 0 1845 1080
4526 1223 0 1831 1080
4527 1218 0 1826 1080
4528 1222 0 1830 1080
4529 1232 0 1840 1080
4530 1245 0 1853 1080
4531 1258 0 1866 1080
4532 1269 0 1877 1080
4533 1277 0 1885 1080
4534 1280 0 1888 1080
4535 1280 0 1888 1080
4536 1277 0 1885 1080
4537 1273 0 1881 1080
4538 1270 0 1878 1080
4539 1267 0 1875 1080
4540 1265 0 1873 1080
4541 1264 0 1872 1080
4542 1265 0 1873 1080
4543 1267 0 1875 1080
4544 1270 0 1878 1080
4545 1272 0 1880 1080
4546 1274 0 1882 1080
4547 1275 0 1883 1080
4548 1276 0 1884 1080
4549 1277 0 1885 1080
4550 1276 0 1884 1080
4551 1275 0 1883 1080
4552 1273 0 1881 1080
4553 1272 0 1880 1080
4554 1272 0 1880 1080
4555 1272 0 1880 1080
4556 1273 0 1881 1080
4557 1274 0 1882 1080
4558 1275 0 1883 1080
4559 1277 0 1885 1080
4560 1278 0 1886 1080
4561 1279 0 1887 1080
4562 1279 0 1887 1080
4563 1280 0 1888 1080
4564 1280 0 1888 1080
4565 1277 0 1885 1080
4566 1273 0 1881 1080
4567 1269 0 1877 1080
4568 1263 0 1871 1080
4569 1256 0 1864 1080
4570 1251 0 1859 1080
4571 1246 0 1854 1080
4572 1242 0 1850 1080
4573 1240 0 1848 1080
4574 1238 0 1846 1080
4575 1237 0 1845 1080
4576 1237 0 1845 1080
4577 1235 0 1843 1080
4578 1233 0 1841 1080
4579 1230 0 1838 1080
4580 1226 0 1834 1080
4581 1221 0 1829 1080
4582 1215 0 1823 1080
4583 1208 0 1816 1080
4584 1201 0 1809 1080
4585 1194 0 1802 1080
4586 1189 0 1797 1080
4587 1186 0 1794 1080
4588 1183 0 1791 1080
4589 1183 0 1791 1080
4590 1184 0 1792 1080
4591 1186 0 1794 1080
4592 1189 0 1797 1080
4593 1191 0 1799 1080
4594 1192 0 1800 1080
4595 1186 0 1794 1080
4596 1181 0 1789 1080
4597 1178 0 1786 1080
4598 1177 0 1785 1080
4599 1178 0 1786 1080
4600 1196 0 1804 1080
4601 1222 0 1830 1080
4602 1202 0 1810 1080
4603 1198 0 1806 1080
4604 1209 0 1817 1080
4605 1229 0 1837 1080
4606 1253 0 1861 1080
4607 1276 0 1884 1080
4608 1293 0 1901 1080
4609 1213 0 1821 1080
4610 1161 0 1769 1080
4611 1143 0 1751 1080
4612 1155 0 1763 1080
4613 1190 0 1798 1080
4614 1236 0 1844 1080
4615 1281 0 1889 1080
4616 1201 0 1809 1080
4617 1154 0 1762 1080
4618 1143 0 1751 1080
4619 1163 0 1771 1080
4620 1204 0 1812 1080
4621 1254 0 1862 1080
4622 1302 0 1910 1080
4623 1222 0 1830 1080
4624 1173 0 1781 1080
4625 1158 0 1766 1080
4626 1174 0 1782 1080
4627 1212 0 1820 1080
4628 1261 0 1869 1080
4629 1308 0 1916 1080
4630 1228 0 1836 1080
4631 1179 0 1787 1080
4632 1166 0 1774 1080
4633 1184 0 1792 1080
4634 1224 0 1832 1080
4635 1273 0 1881 1080
4636 1312 0 1920 1080
4637 1240 0 1848 1080
4638 1191 0 1799 1080
4639 1177 0 1785 1080
4640 1195 0 1803 1080
4641 1169 0 1777 1080
4642 1114 0 1722 1080
4643 1049 0 1657 1080
4644 989 0 1597 1080
4645 947 0 1555 1080
4646 928 0 1536 1080
4647 933 0 1541 1080
4648 957 0 1565 1080
4649 992 0 1600 1080
4650 1033 0 1641 1080
4651 1069 0 1677 1080
4652 1095 0 1703 1080
4653 1107 0 1715 1080
4654 1105 0 1713 1080
4655 1094 0 1702 1080
4656 1079 0 1687 1080
4657 1064 0 1672 1080
4658 1051 0 1659 1080
4659 1045 0 1653 1080
4660 1045 0 1653 1080
4661 1052 0 1660 1080
4662 1064 0 1672 1080
4663 1078 0 1686 1080
4664 1092 0 1700 1080
4665 1103 0 1711 1080
4666 1108 0 1716 1080
4667 1108 0 1716 1080
4668 1102 0 1710 1080
4669 1095 0 1703 1080
4670 1087 0 1695 1080
4671 1081 0 1689 1080
4672 1076 0 1684 1080
4673 1074 0 1682 1080
4674 1074 0 1682 1080
4675 1075 0 1683 1080
4676 1076 0 1684 1080
4677 1072 0 1680 1080
4678 1064 0 1672 1080
4679 1041 0 1649 1080
4680 1019 0 1627 1080
4681 998 0 1606 1080
4682 963 0 1571 1080
4683 920 0 1528 1080
4684 873 0 1481 1080
4685 828 0 1436 1080
4686 789 0 1397 1080
4687 757 0 1365 1080
4688 733 0 1341 1080
4689 715 0 1323 1080
4690 701 0 1309 1080
4691 687 0 1295 1080
4692 672 0 1280 1080
4693 653 0 1261 1080
4694 630 0 1238 1080
4695 605 0 1213 1080
4696 576 0 1184 1080
4697 546 0 1154 1080
4698 516 0 1124 1080
4699 488 0 1096 1080
4700 460 0 1068 1080
4701 435 0 1043 1080
4702 410 0 1018 1080
4703 387 0 995 1080
4704 364 0 972 1080
4705 341 0 949 1080
4706 318 0 926 1080
4707 294 0 902 1080
4708 269 0 877 1080
4709 210 0 818 1080
4710 134 0 742 1080
4711 59 0 667 1080
4712 37 0 645 1080
4713 65 0 673 1080
4714 130 0 738 1080
4715 210 0 818 1080
4716 290 0 898 1080
4717 361 0 969 1080
4718 414 0 1022 1080
4719 387 0 995 1080
4720 364 0 972 1080
4721 350 0 958 1080
4722 350 0 958 1080
4723 364 0 972 1080
4724 389 0 997 1080
4725 422 0 1030 1080
4726 457 0 1065 1080
4727 498 0 1106 1080
4728 538 0 1146 1080
4729 570 0 1178 1080
4730 591 0 1199 1080
4731 593 0 1201 1080
4732 588 0 1196 1080
4733 577 0 1185 1080
4734 564 0 1172 1080
4735 555 0 1163 1080
4736 551 0 1159 1080
4737 553 0 1161 1080
4738 559 0 1167 1080
4739 569 0 1177 1080
4740 579 0 1187 1080
4741 588 0 1196 1080
4742 595 0 1203 1080
4743 597 0 1205 1080
4744 597 0 1205 1080
4745 592 0 1200 1080
4746 583 0 1191 1080
4747 576 0 1184 1080
4748 574 0 1182 1080
4749 574 0 1182 1080
4750 574 0 1182 1080
4751 567 0 1175 1080
4752 549 0 1157 1080
4753 533 0 1141 1080
4754 521 0 1129 1080
4755 515 0 1123 1080
4756 516 0 1124 1080
4757 509 0 1117 1080
4758 498 0 1106 1080
4759 487 0 1095 1080
4760 480 0 1088 1080
4761 478 0 1086 1080
4762 481 0 1089 1080
4763 492 0 1100 1080
4764 509 0 1117 1080
4765 530 0 1138 1080
4766 553 0 1161 1080
4767 574 0 1182 1080
4768 589 0 1197 1080
4769 597 0 1205 1080
4770 597 0 1205 1080
4771 592 0 1200 1080
4772 586 0 1194 1080
4773 581 0 1189 1080
4774 555 0 1163 1080
4775 517 0 1125 1080
4776 479 0 1087 1080
4777 449 0 1057 1080
4778 429 0 1037 1080
4779 451 0 1059 1080
4780 500 0 1108 1080
4781 561 0 1169 1080
4782 596 0 1204 1080
4783 606 0 1214 1080
4784 592 0 1200 1080
4785 559 0 1167 1080
4786 517 0 1125 1080
4787 491 0 1099 1080
4788 490 0 1098 1080
4789 566 0 1174 1080
4790 646 0 1254 1080
4791 726 0 1334 1080
4792 806 0 1414 1080
4793 880 0 1488 1080
4794 931 0 1539 1080
4795 951 0 1559 1080
4796 947 0 1555 1080
4797 916 0 1524 1080
4798 866 0 1474 1080
4799 807 0 1415 1080
4800 750 0 1358 1080
4801 703 0 1311 1080
4802 673 0 1281 1080
4803 664 0 1272 1080
4804 673 0 1281 1080
4805 696 0 1304 1080
4806 720 0 1328 1080
4807 737 0 1345 1080
4808 747 0 1355 1080
4809 748 0 1356 1080
4810 742 0 1350 1080
4811 732 0 1340 1080
4812 735 0 1343 1080
4813 746 0 1354 1080
4814 761 0 1369 1080
4815 774 0 1382 1080
4816 783 0 1391 1080
4817 787 0 1395 1080
4818 785 0 1393 1080
4819 778 0 1386 1080
4820 767 0 1375 1080
4821 755 0 1363 1080
4822 742 0 1350 1080
4823 730 0 1338 1080
4824 720 0 1328 1080
4825 715 0 1323 1080
4826 710 0 1318 1080
4827 705 0 1313 1080
4828 700 0 1308 1080
4829 695 0 1303 1080
4830 690 0 1298 1080
4831 685 0 1293 1080
4832 681 0 1289 1080
4833 677 0 1285 1080
4834 675 0 1283 1080
4835 670 0 1278 1080
4836 665 0 1273 1080
4837 641 0 1249 1080
4838 608 0 1216 1080
4839 576 0 1184 1080
4840 551 0 1159 1080
4841 538 0 1146 1080
4842 543 0 1151 1080
4843 561 0 1169 1080
4844 563 0 1171 1080
4845 554 0 1162 1080
4846 545 0 1153 1080
4847 542 0 1150 1080
4848 543 0 1151 1080
4849 538 0 1146 1080
4850 522 0 1130 1080
4851 505 0 1113 1080
4852 495 0 1103 1080
4853 497 0 1105 1080
4854 510 0 1118 1080
4855 551 0 1159 1080
4856 588 0 1196 1080
4857 633 0 1241 1080
4858 676 0 1284 1080
4859 709 0 1317 1080
4860 727 0 1335 1080
4861 727 0 1335 1080
4862 725 0 1333 1080
4863 706 0 1314 1080
4864 691 0 1299 1080
4865 684 0 1292 1080
4866 684 0 1292 1080
4867 690 0 1298 1080
4868 692 0 1300 1080
4869 686 0 1294 1080
4870 766 0 1374 1080
4871 808 0 1416 1080
4872 812 0 1420 1080
4873 784 0 1392 1080
4874 749 0 1357 1080
4875 705 0 1313 1080
4876 663 0 1271 1080
4877 633 0 1241 1080
4878 619 0 1227 1080
4879 625 0 1233 1080
4880 646 0 1254 1080
4881 676 0 1284 1080
4882 710 0 1318 1080
4883 742 0 1350 1080
4884 767 0 1375 1080
4885 784 0 1392 1080
4886 791 0 1399 1080
4887 791 0 1399 1080
4888 786 0 1394 1080
4889 813 0 1421 1080
4890 865 0 1473 1080
4891 929 0 1537 1080
4892 995 0 1603 1080
4893 1052 0 1660 1080
4894 1095 0 1703 1080
4895 1122 0 1730 1080
4896 1133 0 1741 1080
4897 1132 0 1740 1080
4898 1124 0 1732 1080
4899 1113 0 1721 1080
4900 1099 0 1707 1080
4901 1086 0 1694 1080
4902 1073 0 1681 1080
4903 1062 0 1670 1080
4904 1054 0 1662 1080
4905 1047 0 1655 1080
4906 1041 0 1649 1080
4907 1036 0 1644 1080
4908 1031 0 1639 1080
4909 1027 0 1635 1080
4910 1027 0 1635 1080
4911 1030 0 1638 1080
4912 1039 0 1647 1080
4913 1047 0 1655 1080
4914 1054 0 1662 1080
4915 1059 0 1667 1080
4916 1060 0 1668 1080
4917 1072 0 1680 1080
4918 1096 0 1704 1080
4919 1126 0 1734 1080
4920 1158 0 1766 1080
4921 1186 0 1794 1080
4922 1206 0 1814 1080
4923 1216 0 1824 1080
4924 1217 0 1825 1080
4925 1209 0 1817 1080
4926 1197 0 1805 1080
4927 1186 0 1794 1080
4928 1178 0 1786 1080
4929 1175 0 1783 1080
4930 1181 0 1789 1080
4931 1193 0 1801 1080
4932 1209 0 1817 1080
4933 1225 0 1833 1080
4934 1239 0 1847 1080
4935 1249 0 1857 1080
4936 1255 0 1863 1080
4937 1258 0 1866 1080
4938 1258 0 1866 1080
4939 1257 0 1865 1080
4940 1255 0 1863 1080
4941 1235 0 1843 1080
4942 1201 0 1809 1080
4943 1163 0 1771 1080
4944 1126 0 1734 1080
4945 1098 0 1706 1080
4946 1080 0 1688 1080
4947 1060 0 1668 1080
4948 1039 0 1647 1080
4949 1021 0 1629 1080
4950 1011 0 1619 1080
4951 1007 0 1615 1080
4952 1010 0 1618 1080
4953 1018 0 1626 1080
4954 1031 0 1639 1080
4955 1045 0 1653 1080
4956 1056 0 1664 1080
4957 1062 0 1670 1080
4958 1062 0 1670 1080
4959 1057 0 1665 1080
4960 1048 0 1656 1080
4961 1037 0 1645 1080
4962 1025 0 1633 1080
4963 1012 0 1620 1080
4964 1003 0 1611 1080
4965 992 0 1600 1080
4966 983 0 1591 1080
4967 977 0 1585 1080
4968 973 0 1581 1080
4969 971 0 1579 1080
4970 972 0 1580 1080
4971 974 0 1582 1080
4972 975 0 1583 1080
4973 974 0 1582 1080
4974 1033 0 1641 1080
4975 1057 0 1665 1080
4976 1050 0 1658 1080
4977 1020 0 1628 1080
4978 979 0 1587 1080
4979 939 0 1547 1080
4980 867 0 1475 1080
4981 787 0 1395 1080
4982 714 0 1322 1080
4983 682 0 1290 1080
4984 689 0 1297 1080
4985 728 0 1336 1080
4986 785 0 1393 1080
4987 843 0 1451 1080
4988 889 0 1497 1080
4989 916 0 1524 1080
4990 922 0 1530 1080
4991 906 0 1514 1080
4992 879 0 1487 1080
4993 846 0 1454 1080
4994 816 0 1424 1080
4995 795 0 1403 1080
4996 786 0 1394 1080
4997 789 0 1397 1080
4998 801 0 1409 1080
4999 815 0 1423 1080
5000 829 0 1437 1080
5001 841 0 1449 1080
5002 849 0 1457 1080
5003 853 0 1461 1080
5004 854 0 1462 1080
5005 851 0 1459 1080
5006 846 0 1454 1080
5007 841 0 1449 1080
5008 838 0 1446 1080
5009 841 0 1449 1080
5010 849 0 1457 1080
5011 860 0 1468 1080
5012 871 0 1479 1080
5013 882 0 1490 1080
5014 891 0 1499 1080
5015 900 0 1508 1080
5016 909 0 1517 1080
5017 919 0 1527 1080
5018 932 0 1540 1080
5019 946 0 1554 1080
5020 962 0 1570 1080
5021 977 0 1585 1080
5022 990 0 1598 1080
5023 999 0 1607 1080
5024 1005 0 1613 1080
5025 1010 0 1618 1080
5026 1017 0 1625 1080
5027 1026 0 1634 1080
5028 1036 0 1644 1080
5029 1046 0 1654 1080
5030 1055 0 1663 1080
5031 1062 0 1670 1080
5032 1065 0 1673 1080
5033 1061 0 1669 1080
5034 1051 0 1659 1080
5035 1038 0 1646 1080
5036 1026 0 1634 1080
5037 1019 0 1627 1080
5038 1020 0 1628 1080
5039 1027 0 1635 1080
5040 1038 0 1646 1080
5041 1051 0 1659 1080
5042 1062 0 1670 1080
5043 1066 0 1674 1080
5044 1064 0 1672 1080
5045 1057 0 1665 1080
5046 1048 0 1656 1080
5047 1040 0 1648 1080
5048 1032 0 1640 1080
5049 1026 0 1634 1080
5050 1022 0 1630 1080
5051 1021 0 1629 1080
5052 1017 0 1625 1080
5053 1011 0 1619 1080
5054 1001 0 1609 1080
5055 991 0 1599 1080
5056 982 0 1590 1080
5057 977 0 1585 1080
5058 977 0 1585 1080
5059 980 0 1588 1080
5060 984 0 1592 1080
5061 989 0 1597 1080
5062 992 0 1600 1080
5063 991 0 1599 1080
5064 988 0 1596 1080
5065 985 0 1593 1080
5066 983 0 1591 1080
5067 982 0 1590 1080
5068 982 0 1590 1080
5069 983 0 1591 1080
5070 983 0 1591 1080
5071 981 0 1589 1080
5072 976 0 1584 1080
5073 969 0 1577 1080
5074 960 0 1568 1080
5075 952 0 1560 1080
5076 947 0 1555 1080
5077 945 0 1553 1080
5078 946 0 1554 1080
5079 949 0 1557 1080
5080 952 0 1560 1080
5081 953 0 1561 1080
5082 948 0 1556 1080
5083 938 0 1546 1080
5084 923 0 1531 1080
5085 907 0 1515 1080
5086 896 0 1504 1080
5087 891 0 1499 1080
5088 895 0 1503 1080
5089 905 0 1513 1080
5090 920 0 1528 1080
5091 937 0 1545 1080
5092 951 0 1559 1080
5093 960 0 1568 1080
5094 965 0 1573 1080
5095 966 0 1574 1080
5096 966 0 1574 1080
5097 965 0 1573 1080
5098 966 0 1574 1080
5099 969 0 1577 1080
5100 973 0 1581 1080
5101 979 0 1587 1080
5102 985 0 1593 1080
5103 991 0 1599 1080
5104 997 0 1605 1080
5105 1003 0 1611 1080
5106 1009 0 1617 1080
5107 1014 0 1622 1080
5108 1020 0 1628 1080
5109 1026 0 1634 1080
5110 1031 0 1639 1080
5111 1036 0 1644 1080
5112 1040 0 1648 1080
5113 1043 0 1651 1080
5114 1044 0 1652 1080
5115 1044 0 1652 1080
5116 1044 0 1652 1080
5117 1044 0 1652 1080
5118 1045 0 1653 1080
5119 1045 0 1653 1080
5120 1047 0 1655 1080
5121 1050 0 1658 1080
5122 1053 0 1661 1080
5123 1054 0 1662 1080
5124 1054 0 1662 1080
5125 1051 0 1659 1080
5126 1048 0 1656 1080
5127 1043 0 1651 1080
5128 1038 0 1646 1080
5129 1032 0 1640 1080
5130 1025 0 1633 1080
5131 1015 0 1623 1080
5132 1003 0 1611 1080
5133 984 0 1592 1080
5134 957 0 1565 1080
5135 926 0 1534 1080
5136 896 0 1504 1080
5137 872 0 1480 1080
5138 857 0 1465 1080
5139 827 0 1435 1080
5140 802 0 1410 1080
5141 782 0 1390 1080
5142 768 0 1376 1080
5143 758 0 1366 1080
5144 751 0 1359 1080
5145 736 0 1344 1080
5146 714 0 1322 1080
5147 669 0 1277 1080
5148 629 0 1237 1080
5149 595 0 1203 1080
5150 571 0 1179 1080
5151 556 0 1164 1080
5152 550 0 1158 1080
5153 546 0 1154 1080
5154 539 0 1147 1080
5155 530 0 1138 1080
5156 518 0 1126 1080
5157 501 0 1109 1080
5158 482 0 1090 1080
5159 460 0 1068 1080
5160 454 0 1062 1080
5161 430 0 1038 1080
5162 410 0 1018 1080
5163 393 0 1001 1080
5164 379 0 987 1080
5165 373 0 981 1080
5166 373 0 981 1080
5167 378 0 986 1080
5168 386 0 994 1080
5169 394 0 1002 1080
5170 397 0 1005 1080
5171 383 0 991 1080
5172 356 0 964 1080
5173 329 0 937 1080
5174 306 0 914 1080
5175 283 0 891 1080
5176 262 0 870 1080
5177 246 0 854 1080
5178 234 0 842 1080
5179 228 0 836 1080
5180 228 0 836 1080
5181 234 0 842 1080
5182 240 0 848 1080
5183 244 0 852 1080
5184 246 0 854 1080
5185 245 0 853 1080
5186 242 0 850 1080
5187 254 0 862 1080
5188 279 0 887 1080
5189 311 0 919 1080
5190 347 0 955 1080
5191 381 0 989 1080
5192 408 0 1016 1080
5193 460 0 1068 1080
5194 525 0 1133 1080
5195 587 0 1195 1080
5196 634 0 1242 1080
5197 661 0 1269 1080
5198 680 0 1288 1080
5199 698 0 1306 1080
5200 730 0 1338 1080
5201 776 0 1384 1080
5202 831 0 1439 1080
5203 892 0 1500 1080
5204 952 0 1560 1080
5205 1005 0 1613 1080
5206 1044 0 1652 1080
5207 1065 0 1673 1080
5208 1081 0 1689 1080
5209 1090 0 1698 1080
5210 1092 0 1700 1080
5211 1089 0 1697 1080
5212 1082 0 1690 1080
5213 1074 0 1682 1080
5214 1066 0 1674 1080
5215 1059 0 1667 1080
5216 1054 0 1662 1080
5217 1052 0 1660 1080
5218 1051 0 1659 1080
5219 1050 0 1658 1080
5220 1048 0 1656 1080
5221 1045 0 1653 1080
5222 1040 0 1648 1080
5223 1033 0 1641 1080
5224 1023 0 1631 1080
5225 1010 0 1618 1080
5226 990 0 1598 1080
5227 965 0 1573 1080
5228 936 0 1544 1080
5229 909 0 1517 1080
5230 886 0 1494 1080
5231 867 0 1475 1080
5232 847 0 1455 1080
5233 826 0 1434 1080
5234 803 0 1411 1080
5235 779 0 1387 1080
5236 758 0 1366 1080
5237 741 0 1349 1080
5238 726 0 1334 1080
5239 713 0 1321 1080
5240 703 0 1311 1080
5241 680 0 1288 1080
5242 643 0 1251 1080
5243 609 0 1217 1080
5244 580 0 1188 1080
5245 544 0 1152 1080
5246 506 0 1114 1080
5247 473 0 1081 1080
5248 463 0 1071 1080
5249 460 0 1068 1080
5250 447 0 1055 1080
5251 430 0 1038 1080
5252 409 0 1017 1080
5253 388 0 996 1080
5254 371 0 979 1080
5255 359 0 967 1080
5256 351 0 959 1080
5257 347 0 955 1080
5258 344 0 952 1080
5259 336 0 944 1080
5260 325 0 933 1080
5261 313 0 921 1080
5262 302 0 910 1080
5263 292 0 900 1080
5264 281 0 889 1080
5265 270 0 878 1080
5266 258 0 866 1080
5267 246 0 854 1080
5268 235 0 843 1080
5269 225 0 833 1080
5270 216 0 824 1080
5271 208 0 816 1080
5272 199 0 807 1080
5273 190 0 798 1080
5274 180 0 788 1080
5275 169 0 777 1080
5276 159 0 767 1080
5277 151 0 759 1080
5278 144 0 752 1080
5279 135 0 743 1080
5280 125 0 733 1080
5281 113 0 721 1080
5282 102 0 710 1080
5283 92 0 700 1080
5284 85 0 693 1080
5285 103 0 711 1080
5286 137 0 745 1080
5287 174 0 782 1080
5288 204 0 812 1080
5289 221 0 829 1080
5290 221 0 829 1080
5291 195 0 803 1080
5292 152 0 760 1080
5293 104 0 712 1080
5294 61 0 669 1080
5295 31 0 639 1080
5296 17 0 625 1080
5297 19 0 627 1080
5298 34 0 642 1080
5299 55 0 663 1080
5300 78 0 686 1080
5301 99 0 707 1080
5302 112 0 720 1080
5303 119 0 727 1080
5304 124 0 732 1080
5305 128 0 736 1080
5306 131 0 739 1080
5307 136 0 744 1080
5308 141 0 749 1080
5309 150 0 758 1080
5310 161 0 769 1080
5311 176 0 784 1080
5312 191 0 799 1080
5313 208 0 816 1080
5314 220 0 828 1080
5315 224 0 832 1080
5316 221 0 829 1080
5317 213 0 821 1080
5318 203 0 811 1080
5319 197 0 805 1080
5320 198 0 806 1080
5321 207 0 815 1080
5322 218 0 826 1080
5323 229 0 837 1080
5324 237 0 845 1080
5325 244 0 852 1080
5326 254 0 862 1080
5327 270 0 878 1080
5328 292 0 900 1080
5329 312 0 920 1080
5330 328 0 936 1080
5331 338 0 946 1080
5332 344 0 952 1080
5333 347 0 955 1080
5334 348 0 956 1080
5335 349 0 957 1080
5336 351 0 959 1080
5337 350 0 958 1080
5338 347 0 955 1080
5339 359 0 967 1080
5340 360 0 968 1080
5341 355 0 963 1080
5342 347 0 955 1080
5343 341 0 949 1080
5344 343 0 951 1080
5345 348 0 956 1080
5346 354 0 962 1080
5347 360 0 968 1080
5348 365 0 973 1080
5349 369 0 977 1080
5350 374 0 982 1080
5351 381 0 989 1080
5352 392 0 1000 1080
5353 400 0 1008 1080
5354 404 0 1012 1080
5355 421 0 1029 1080
5356 501 0 1109 1080
5357 541 0 1149 1080
5358 543 0 1151 1080
5359 523 0 1131 1080
5360 523 0 1131 1080
5361 538 0 1146 1080
5362 563 0 1171 1080
5363 594 0 1202 1080
5364 584 0 1192 1080
5365 542 0 1150 1080
5366 483 0 1091 1080
5367 424 0 1032 1080
5368 375 0 983 1080
5369 346 0 954 1080
5370 340 0 948 1080
5371 355 0 963 1080
5372 385 0 993 1080
5373 419 0 1027 1080
5374 452 0 1060 1080
5375 479 0 1087 1080
5376 497 0 1105 1080
5377 506 0 1114 1080
5378 504 0 1112 1080
5379 493 0 1101 1080
5380 475 0 1083 1080
5381 454 0 1062 1080
5382 434 0 1042 1080
5383 423 0 1031 1080
5384 420 0 1028 1080
5385 426 0 1034 1080
5386 438 0 1046 1080
5387 452 0 1060 1080
5388 464 0 1072 1080
5389 472 0 1080 1080
5390 474 0 1082 1080
5391 468 0 1076 1080
5392 456 0 1064 1080
5393 439 0 1047 1080
5394 415 0 1023 1080
5395 387 0 995 1080
5396 356 0 964 1080
5397 290 0 898 1080
5398 210 0 818 1080
5399 136 0 744 1080
5400 85 0 693 1080
5401 67 0 675 1080
5402 79 0 687 1080
5403 112 0 720 1080
5404 109 0 717 1080
5405 78 0 686 1080
5406 33 0 641 1080
5407 0 0 608 1080
5408 0 0 608 1080
5409 0 0 608 1080
5410 0 0 608 1080
5411 45 0 653 1080
5412 125 0 733 1080
5413 204 0 812 1080
5414 263 0 871 1080
5415 298 0 906 1080
5416 314 0 922 1080
5417 315 0 923 1080
5418 310 0 918 1080
5419 305 0 913 1080
5420 304 0 912 1080
5421 308 0 916 1080
5422 315 0 923 1080
5423 348 0 956 1080
5424 394 0 1002 1080
5425 442 0 1050 1080
5426 482 0 1090 1080
5427 509 0 1117 1080
5428 521 0 1129 1080
5429 519 0 1127 1080
5430 506 0 1114 1080
5431 487 0 1095 1080
5432 469 0 1077 1080
5433 485 0 1093 1080
5434 526 0 1134 1080
5435 583 0 1191 1080
5436 641 0 1249 1080
5437 691 0 1299 1080
5438 727 0 1335 1080
5439 747 0 1355 1080
5440 753 0 1361 1080
5441 746 0 1354 1080
5442 732 0 1340 1080
5443 716 0 1324 1080
5444 697 0 1305 1080
5445 683 0 1291 1080
5446 682 0 1290 1080
5447 692 0 1300 1080
5448 713 0 1321 1080
5449 741 0 1349 1080
5450 772 0 1380 1080
5451 802 0 1410 1080
5452 824 0 1432 1080
5453 837 0 1445 1080
5454 841 0 1449 1080
5455 837 0 1445 1080
5456 828 0 1436 1080
5457 818 0 1426 1080
5458 807 0 1415 1080
5459 798 0 1406 1080
5460 795 0 1403 1080
5461 796 0 1404 1080
5462 798 0 1406 1080
5463 798 0 1406 1080
5464 794 0 1402 1080
5465 784 0 1392 1080
5466 769 0 1377 1080
5467 762 0 1370 1080
5468 762 0 1370 1080
5469 767 0 1375 1080
5470 777 0 1385 1080
5471 791 0 1399 1080
5472 807 0 1415 1080
5473 821 0 1429 1080
5474 830 0 1438 1080
5475 835 0 1443 1080
5476 834 0 1442 1080
5477 830 0 1438 1080
5478 823 0 1431 1080
5479 817 0 1425 1080
5480 816 0 1424 1080
5481 816 0 1424 1080
5482 824 0 1432 1080
5483 854 0 1462 1080
5484 880 0 1488 1080
5485 896 0 1504 1080
5486 902 0 1510 1080
5487 910 0 1518 1080
5488 927 0 1535 1080
5489 949 0 1557 1080
5490 962 0 1570 1080
5491 973 0 1581 1080
5492 983 0 1591 1080
5493 991 0 1599 1080
5494 997 0 1605 1080
5495 1003 0 1611 1080
5496 1010 0 1618 1080
5497 1019 0 1627 1080
5498 1032 0 1640 1080
5499 1048 0 1656 1080
5500 1066 0 1674 1080
5501 1085 0 1693 1080
5502 1102 0 1710 1080
5503 1117 0 1725 1080
5504 1127 0 1735 1080
5505 1134 0 1742 1080
5506 1139 0 1747 1080
5507 1142 0 1750 1080
5508 1144 0 1752 1080
5509 1147 0 1755 1080
5510 1151 0 1759 1080
5511 1157 0 1765 1080
5512 1164 0 1772 1080
5513 1174 0 1782 1080
5514 1187 0 1795 1080
5515 1202 0 1810 1080
5516 1218 0 1826 1080
5517 1223 0 1831 1080
5518 1245 0 1853 1080
5519 1263 0 1871 1080
5520 1294 0 1902 1080
5521 1312 0 1920 1080
5522 1312 0 1920 1080
5523 1312 0 1920 1080
5524 1312 0 1920 1080
5525 1312 0 1920 1080
5526 1312 0 1920 1080
5527 1312 0 1920 1080
5528 1312 0 1920 1080
5529 1312 0 1920 1080
5530 1312 0 1920 1080
5531 1312 0 1920 1080
5532 1312 0 1920 1080
5533 1312 0 1920 1080
5534 1312 0 1920 1080
5535 1312 0 1920 1080
5536 1312 0 1920 1080
5537 1312 0 1920 1080
5538 1312 0 1920 1080
5539 1312 0 1920 1080
5540 1312 0 1920 1080
5541 1312 0 1920 1080
5542 1312 0 1920 1080
5543 1312 0 1920 1080
5544 1312 0 1920 1080
5545 1312 0 1920 1080
5546 1312 0 1920 1080
5547 1312 0 1920 1080
5548 1312 0 1920 1080
5549 1312 0 1920 1080
5550 1312 0 1920 1080
5551 1312 0 1920 1080
5552 1312 0 1920 1080
5553 1312 0 1920 1080
5554 1312 0 1920 1080
5555 1312 0 1920 1080
5556 1312 0 1920 1080
5557 1312 0 1920 1080
5558 1312 0 1920 1080
5559 1312 0 1920 1080
5560 1312 0 1920 1080
5561 1312 0 1920 1080
5562 1312 0 1920 1080
5563 1312 0 1920 1080
5564 1312 0 1920 1080
5565 1312 0 1920 1080
5566 1312 0 1920 1080
5567 1312 0 1920 1080
5568 1312 0 1920 1080
5569 1312 0 1920 1080
5570 1312 0 1920 1080
5571 1312 0 1920 1080
5572 1312 0 1920 1080
5573 1312 0 1920 1080
5574 1312 0 1920 1080
5575 1312 0 1920 1080
5576 1312 0 1920 1080
5577 1312 0 1920 1080
5578 1312 0 1920 1080
5579 1312 0 1920 1080
5580 1312 0 1920 1080
5581 1312 0 1920 1080
5582 1307 0 1915 1080
5583 1302 0 1910 1080
5584 1301 0 1909 1080
5585 1303 0 1911 1080
5586 1307 0 1915 1080
5587 1311 0 1919 1080
5588 1312 0 1920 1080
5589 1312 0 1920 1080
5590 1312 0 1920 1080
5591 1312 0 1920 1080
5592 1306 0 1914 1080
5593 1297 0 1905 1080
5594 1288 0 1896 1080
5595 1279 0 1887 1080
5596 1272 0 1880 1080
5597 1268 0 1876 1080
5598 1265 0 1873 1080
5599 1262 0 1870 1080
5600 1259 0 1867 1080
5601 1256 0 1864 1080
5602 1251 0 1859 1080
5603 1247 0 1855 1080
5604 1243 0 1851 1080
5605 1239 0 1847 1080
5606 1237 0 1845 1080
5607 1236 0 1844 1080
5608 1236 0 1844 1080
5609 1237 0 1845 1080
5610 1240 0 1848 1080
5611 1243 0 1851 1080
5612 1247 0 1855 1080
5613 1250 0 1858 1080
5614 1251 0 1859 1080
5615 1250 0 1858 1080
5616 1248 0 1856 1080
5617 1243 0 1851 1080
5618 1238 0 1846 1080
5619 1233 0 1841 1080
5620 1231 0 1839 1080
5621 1232 0 1840 1080
5622 1243 0 1851 1080
5623 1252 0 1860 1080
5624 1259 0 1867 1080
5625 1261 0 1869 1080
5626 1259 0 1867 1080
5627 1254 0 1862 1080
5628 1245 0 1853 1080
5629 1235 0 1843 1080
5630 1217 0 1825 1080
5631 1209 0 1817 1080
5632 1199 0 1807 1080
5633 1193 0 1801 1080
5634 1191 0 1799 1080
5635 1192 0 1800 1080
5636 1193 0 1801 1080
5637 1196 0 1804 1080
5638 1201 0 1809 1080
5639 1208 0 1816 1080
5640 1216 0 1824 1080
5641 1225 0 1833 1080
5642 1234 0 1842 1080
5643 1242 0 1850 1080
5644 1250 0 1858 1080
5645 1256 0 1864 1080
5646 1260 0 1868 1080
5647 1263 0 1871 1080
5648 1265 0 1873 1080
5649 1283 0 1891 1080
5650 1309 0 1917 1080
5651 1312 0 1920 1080
5652 1312 0 1920 1080
5653 1312 0 1920 1080
5654 1312 0 1920 1080
5655 1312 0 1920 1080
5656 1312 0 1920 1080
5657 1312 0 1920 1080
5658 1312 0 1920 1080
5659 1312 0 1920 1080
5660 1312 0 1920 1080
5661 1312 0 1920 1080
5662 1312 0 1920 1080
5663 1312 0 1920 1080
5664 1312 0 1920 1080
5665 1312 0 1920 1080
5666 1312 0 1920 1080
5667 1312 0 1920 1080
5668 1312 0 1920 1080
5669 1307 0 1915 1080
5670 1292 0 1900 1080
5671 1285 0 1893 1080
5672 1285 0 1893 1080
5673 1288 0 1896 1080
5674 1292 0 1900 1080
5675 1298 0 1906 1080
5676 1303 0 1911 1080
5677 1267 0 1875 1080
5678 1202 0 1810 1080
5679 1125 0 1733 1080
5680 1052 0 1660 1080
5681 995 0 1603 1080
5682 970 0 1578 1080
5683 974 0 1582 1080
5684 1000 0 1608 1080
5685 1037 0 1645 1080
5686 1075 0 1683 1080
5687 1105 0 1713 1080
5688 1169 0 1777 1080
5689 1245 0 1853 1080
5690 1269 0 1877 1080
5691 1245 0 1853 1080
5692 1187 0 1795 1080
5693 1113 0 1721 1080
5694 1038 0 1646 1080
5695 978 0 1586 1080
5696 940 0 1548 1080
5697 926 0 1534 1080
5698 926 0 1534 1080
5699 938 0 1546 1080
5700 960 0 1568 1080
5701 993 0 1601 1080
5702 1027 0 1635 1080
5703 1056 0 1664 1080
5704 1073 0 1681 1080
5705 1082 0 1690 1080
5706 1078 0 1686 1080
5707 1073 0 1681 1080
5708 1068 0 1676 1080
5709 1064 0 1672 1080
5710 1062 0 1670 1080
5711 1071 0 1679 1080
5712 1090 0 1698 1080
5713 1115 0 1723 1080
5714 1154 0 1762 1080
5715 1185 0 1793 1080
5716 1204 0 1812 1080
5717 1217 0 1825 1080
5718 1216 0 1824 1080
5719 1204 0 1812 1080
5720 1186 0 1794 1080
5721 1167 0 1775 1080
5722 1150 0 1758 1080
5723 1140 0 1748 1080
5724 1136 0 1744 1080
5725 1139 0 1747 1080
5726 1146 0 1754 1080
5727 1156 0 1764 1080
5728 1155 0 1763 1080
5729 1158 0 1766 1080
5730 1166 0 1774 1080
5731 1177 0 1785 1080
5732 1187 0 1795 1080
5733 1196 0 1804 1080
5734 1204 0 1812 1080
5735 1208 0 1816 1080
5736 1206 0 1814 1080
5737 1195 0 1803 1080
5738 1172 0 1780 1080
5739 1145 0 1753 1080
5740 1118 0 1726 1080
5741 1094 0 1702 1080
5742 1076 0 1684 1080
5743 1063 0 1671 1080
5744 1056 0 1664 1080
5745 1087 0 1695 1080
5746 1107 0 1715 1080
5747 1114 0 1722 1080
5748 1108 0 1716 1080
5749 1037 0 1645 1080
5750 957 0 1565 1080
5751 877 0 1485 1080
5752 797 0 1405 1080
5753 717 0 1325 1080
5754 639 0 1247 1080
5755 574 0 1182 1080
5756 526 0 1134 1080
5757 496 0 1104 1080
5758 482 0 1090 1080
5759 562 0 1170 1080
5760 612 0 1220 1080
5761 623 0 1231 1080
5762 596 0 1204 1080
5763 538 0 1146 1080
5764 461 0 1069 1080
5765 381 0 989 1080
5766 461 0 1069 1080
5767 495 0 1103 1080
5768 481 0 1089 1080
5769 425 0 1033 1080
5770 345 0 953 1080
5771 265 0 873 1080
5772 191 0 799 1080
5773 148 0 756 1080
5774 139 0 747 1080
5775 149 0 757 1080
5776 177 0 785 1080
5777 220 0 828 1080
5778 276 0 884 1080
5779 338 0 946 1080
5780 395 0 1003 1080
5781 468 0 1076 1080
5782 544 0 1152 1080
5783 609 0 1217 1080
5784 653 0 1261 1080
5785 673 0 1281 1080
5786 669 0 1277 1080
5787 652 0 1260 1080
5788 630 0 1238 1080
5789 610 0 1218 1080
5790 599 0 1207 1080
5791 582 0 1190 1080
5792 578 0 1186 1080
5793 599 0 1207 1080
5794 595 0 1203 1080
5795 610 0 1218 1080
5796 636 0 1244 1080
5797 665 0 1273 1080
5798 705 0 1313 1080
5799 748 0 1356 1080
5800 790 0 1398 1080
5801 825 0 1433 1080
5802 852 0 1460 1080
5803 870 0 1478 1080
5804 880 0 1488 1080
5805 883 0 1491 1080
5806 884 0 1492 1080
5807 884 0 1492 1080
5808 882 0 1490 1080
5809 962 0 1570 1080
5810 1014 0 1622 1080
5811 1036 0 1644 1080
5812 1034 0 1642 1080
5813 1014 0 1622 1080
5814 984 0 1592 1080
5815 958 0 1566 1080
5816 943 0 1551 1080
5817 938 0 1546 1080
5818 952 0 1560 1080
5819 977 0 1585 1080
5820 1013 0 1621 1080
5821 1051 0 1659 1080
5822 1104 0 1712 1080
5823 1149 0 1757 1080
5824 1200 0 1808 1080
5825 1249 0 1857 1080
5826 1293 0 1901 1080
5827 1312 0 1920 1080
5828 1312 0 1920 1080
5829 1312 0 1920 1080
5830 1312 0 1920 1080
5831 1312 0 1920 1080
5832 1312 0 1920 1080
5833 1312 0 1920 1080
5834 1312 0 1920 1080
5835 1312 0 1920 1080
5836 1312 0 1920 1080
5837 1312 0 1920 1080
5838 1312 0 1920 1080
5839 1312 0 1920 1080
5840 1312 0 1920 1080
5841 1312 0 1920 1080
5842 1312 0 1920 1080
5843 1309 0 1917 1080
5844 1229 0 1837 1080
5845 1158 0 1766 1080
5846 1115 0 1723 1080
5847 1101 0 1709 1080
5848 1115 0 1723 1080
5849 1144 0 1752 1080
5850 1224 0 1832 1080
5851 1304 0 1912 1080
5852 1312 0 1920 1080
5853 1312 0 1920 1080
5854 1312 0 1920 1080
5855 1312 0 1920 1080
5856 1312 0 1920 1080
5857 1312 0 1920 1080
5858 1312 0 1920 1080
5859 1312 0 1920 1080
5860 1312 0 1920 1080
5861 1312 0 1920 1080
5862 1312 0 1920 1080
5863 1312 0 1920 1080
5864 1312 0 1920 1080
5865 1312 0 1920 1080
5866 1312 0 1920 1080
5867 1312 0 1920 1080
5868 1312 0 1920 1080
5869 1312 0 1920 1080
5870 1312 0 1920 1080
5871 1312 0 1920 1080
5872 1312 0 1920 1080
5873 1312 0 1920 1080
5874 1312 0 1920 1080
5875 1312 0 1920 1080
5876 1312 0 1920 1080
5877 1312 0 1920 1080
5878 1312 0 1920 1080
5879 1312 0 1920 1080
5880 1312 0 1920 1080
5881 1312 0 1920 1080
5882 1291 0 1899 1080
5883 1212 0 1820 1080
5884 1149 0 1757 1080
5885 1112 0 1720 1080
5886 1103 0 1711 1080
5887 1120 0 1728 1080
5888 1156 0 1764 1080
5889 1201 0 1809 1080
5890 1243 0 1851 1080
5891 1275 0 1883 1080
5892 1293 0 1901 1080
5893 1298 0 1906 1080
5894 1291 0 1899 1080
5895 1276 0 1884 1080
5896 1258 0 1866 1080
5897 1241 0 1849 1080
5898 1227 0 1835 1080
5899 1218 0 1826 1080
5900 1216 0 1824 1080
5901 1219 0 1827 1080
5902 1226 0 1834 1080
5903 1234 0 1842 1080
5904 1242 0 1850 1080
5905 1248 0 1856 1080
5906 1251 0 1859 1080
5907 1250 0 1858 1080
5908 1247 0 1855 1080
5909 1241 0 1849 1080
5910 1234 0 1842 1080
5911 1225 0 1833 1080
5912 1218 0 1826 1080
5913 1213 0 1821 1080
5914 1211 0 1819 1080
5915 1268 0 1876 1080
5916 1312 0 1920 1080
5917 1312 0 1920 1080
5918 1312 0 1920 1080
5919 1312 0 1920 1080
5920 1312 0 1920 1080
5921 1312 0 1920 1080
5922 1312 0 1920 1080
5923 1312 0 1920 1080
5924 1312 0 1920 1080
5925 1312 0 1920 1080
5926 1312 0 1920 1080
5927 1312 0 1920 1080
5928 1312 0 1920 1080
5929 1312 0 1920 1080
5930 1312 0 1920 1080
5931 1312 0 1920 1080
5932 1312 0 1920 1080
5933 1312 0 1920 1080
5934 1312 0 1920 1080
5935 1312 0 1920 1080
5936 1312 0 1920 1080
5937 1312 0 1920 1080
5938 1312 0 1920 1080
5939 1312 0 1920 1080
5940 1312 0 1920 1080
5941 1312 0 1920 1080
5942 1312 0 1920 1080
5943 1312 0 1920 1080
5944 1312 0 1920 1080
5945 1312 0 1920 1080
5946 1312 0 1920 1080
5947 1312 0 1920 1080
5948 1312 0 1920 1080
5949 1312 0 1920 1080
5950 1312 0 1920 1080
5951 1312 0 1920 1080
5952 1312 0 1920 1080
5953 1312 0 1920 1080
5954 1312 0 1920 1080
5955 1312 0 1920 1080
5956 1312 0 1920 1080
5957 1312 0 1920 1080
5958 1312 0 1920 1080
5959 1312 0 1920 1080
5960 1312 0 1920 1080
5961 1312 0 1920 1080
5962 1312 0 1920 1080
5963 1312 0 1920 1080
5964 1312 0 1920 1080
5965 1312 0 1920 1080
5966 1312 0 1920 1080
5967 1312 0 1920 1080
5968 1312 0 1920 1080
5969 1312 0 1920 1080
5970 1312 0 1920 1080
5971 1312 0 1920 1080
5972 1312 0 1920 1080
5973 1312 0 1920 1080
5974 1312 0 1920 1080
5975 1312 0 1920 1080
5976 1312 0 1920 1080
5977 1312 0 1920 1080
5978 1312 0 1920 1080
5979 1312 0 1920 1080
5980 1312 0 1920 1080
5981 1312 0 1920 1080
5982 1312 0 1920 1080
5983 1312 0 1920 1080
5984 1312 0 1920 1080
5985 1312 0 1920 1080
5986 1312 0 1920 1080
5987 1312 0 1920 1080
5988 1312 0 1920 1080
5989 1312 0 1920 1080
5990 1312 0 1920 1080
5991 1312 0 1920 1080
5992 1312 0 1920 1080
5993 1312 0 1920 1080
5994 1312 0 1920 1080
5995 1312 0 1920 1080
5996 1312 0 1920 1080
5997 1312 0 1920 1080
5998 1312 0 1920 1080
5999 1312 0 1920 1080
6000 1312 0 1920 1080
6001 1312 0 1920 1080
6002 1312 0 1920 1080
6003 1312 0 1920 1080
6004 1312 0 1920 1080
6005 1312 0 1920 1080
6006 1312 0 1920 1080
6007 1312 0 1920 1080
6008 1312 0 1920 1080
6009 1312 0 1920 1080
6010 1312 0 1920 1080
6011 1312 0 1920 1080
6012 1312 0 1920 1080
6013 1312 0 1920 1080
6014 1312 0 1920 1080
6015 1312 0 1920 1080
6016 1312 0 1920 1080
6017 1312 0 1920 1080
6018 1312 0 1920 1080
6019 1312 0 1920 1080
6020 1312 0 1920 1080
6021 1312 0 1920 1080
6022 1312 0 1920 1080
6023 1312 0 1920 1080
6024 1312 0 1920 1080
6025 1312 0 1920 1080
6026 1312 0 1920 1080
6027 1312 0 1920 1080
6028 1312 0 1920 1080
6029 1312 0 1920 1080
6030 1312 0 1920 1080
6031 1312 0 1920 1080
6032 1312 0 1920 1080
6033 1312 0 1920 1080
6034 1312 0 1920 1080
6035 1312 0 1920 1080
6036 1312 0 1920 1080
6037 1312 0 1920 1080
6038 1312 0 1920 1080
6039 1296 0 1904 1080
6040 1216 0 1824 1080
6041 1136 0 1744 1080
6042 1056 0 1664 1080
6043 1050 0 1658 1080
6044 1130 0 1738 1080
6045 1210 0 1818 1080
6046 1290 0 1898 1080
6047 1312 0 1920 1080
6048 1312 0 1920 1080
6049 1312 0 1920 1080
6050 1312 0 1920 1080
6051 1312 0 1920 1080
6052 1312 0 1920 1080
6053 1312 0 1920 1080
6054 1312 0 1920 1080
6055 1312 0 1920 1080
6056 1312 0 1920 1080
6057 1312 0 1920 1080
6058 1312 0 1920 1080
6059 1312 0 1920 1080
6060 1312 0 1920 1080
6061 1312 0 1920 1080
6062 1312 0 1920 1080
6063 1312 0 1920 1080
6064 1312 0 1920 1080
6065 1312 0 1920 1080
6066 1312 0 1920 1080
6067 1312 0 1920 1080
6068 1312 0 1920 1080
6069 1312 0 1920 1080
6070 1312 0 1920 1080
6071 1312 0 1920 1080
6072 1312 0 1920 1080
6073 1312 0 1920 1080
6074 1312 0 1920 1080
6075 1312 0 1920 1080
6076 1312 0 1920 1080
6077 1312 0 1920 1080
6078 1312 0 1920 1080
6079 1312 0 1920 1080
6080 1312 0 1920 1080
6081 1312 0 1920 1080
6082 1312 0 1920 1080
6083 1312 0 1920 1080
6084 1312 0 1920 1080
6085 1312 0 1920 1080
6086 1312 0 1920 1080
6087 1312 0 1920 1080
6088 1312 0 1920 1080
6089 1312 0 1920 1080
6090 1312 0 1920 1080
6091 1312 0 1920 1080
6092 1312 0 1920 1080
6093 1312 0 1920 1080
6094 1312 0 1920 1080
6095 1312 0 1920 1080
6096 1312 0 1920 1080
6097 1312 0 1920 1080
6098 1312 0 1920 1080
6099 1312 0 1920 1080
6100 1312 0 1920 1080
6101 1312 0 1920 1080
6102 1312 0 1920 1080
6103 1312 0 1920 1080
6104 1312 0 1920 1080
6105 1312 0 1920 1080
6106 1312 0 1920 1080
6107 1312 0 1920 1080
6108 1312 0 1920 1080
6109 1312 0 1920 1080
6110 1312 0 1920 1080
6111 1312 0 1920 1080
6112 1312 0 1920 1080
6113 1312 0 1920 1080
6114 1312 0 1920 1080
6115 1312 0 1920 1080
6116 1312 0 1920 1080
6117 1312 0 1920 1080
6118 1312 0 1920 1080
6119 1312 0 1920 1080
6120 1312 0 1920 1080
6121 1312 0 1920 1080
6122 1312 0 1920 1080
6123 1312 0 1920 1080
6124 1312 0 1920 1080
6125 1312 0 1920 1080
6126 1312 0 1920 1080
6127 1312 0 1920 1080
6128 1312 0 1920 1080
6129 1312 0 1920 1080
6130 1312 0 1920 1080
6131 1312 0 1920 1080
6132 1308 0 1916 1080
6133 1295 0 1903 1080
6134 1284 0 1892 1080
6135 1280 0 1888 1080
6136 1281 0 1889 1080
6137 1288 0 1896 1080
6138 1298 0 1906 1080
6139 1307 0 1915 1080
6140 1312 0 1920 1080
6141 1312 0 1920 1080
6142 1312 0 1920 1080
6143 1312 0 1920 1080
6144 1312 0 1920 1080
6145 1312 0 1920 1080
6146 1312 0 1920 1080
6147 1312 0 1920 1080
6148 1312 0 1920 1080
6149 1312 0 1920 1080
6150 1312 0 1920 1080
6151 1312 0 1920 1080
6152 1312 0 1920 1080
6153 1312 0 1920 1080
6154 1312 0 1920 1080
6155 1312 0 1920 1080
6156 1312 0 1920 1080
6157 1312 0 1920 1080
6158 1312 0 1920 1080
6159 1312 0 1920 1080
6160 1312 0 1920 1080
6161 1312 0 1920 1080
6162 1312 0 1920 1080
6163 1312 0 1920 1080
6164 1312 0 1920 1080
6165 1312 0 1920 1080
6166 1312 0 1920 1080
6167 1312 0 1920 1080
6168 1312 0 1920 1080
6169 1312 0 1920 1080
6170 1312 0 1920 1080
6171 1312 0 1920 1080
6172 1312 0 1920 1080
6173 1312 0 1920 1080
6174 1312 0 1920 1080
6175 1312 0 1920 1080
6176 1312 0 1920 1080
6177 1312 0 1920 1080
6178 1312 0 1920 1080
6179 1312 0 1920 1080
6180 1312 0 1920 1080
6181 1312 0 1920 1080
6182 1312 0 1920 1080
6183 1312 0 1920 1080
6184 1312 0 1920 1080
6185 1312 0 1920 1080
6186 1312 0 1920 1080
6187 1312 0 1920 1080
6188 1312 0 1920 1080
6189 1312 0 1920 1080
6190 1306 0 1914 1080
6191 1296 0 1904 1080
6192 1287 0 1895 1080
6193 1279 0 1887 1080
6194 1271 0 1879 1080
6195 1261 0 1869 1080
6196 1250 0 1858 1080
6197 1235 0 1843 1080
6198 1217 0 1825 1080
6199 1199 0 1807 1080
6200 1184 0 1792 1080
6201 1173 0 1781 1080
6202 1102 0 1710 1080
6203 1022 0 1630 1080
6204 942 0 1550 1080
6205 862 0 1470 1080
6206 799 0 1407 1080
6207 756 0 1364 1080
6208 737 0 1345 1080
6209 740 0 1348 1080
6210 720 0 1328 1080
6211 684 0 1292 1080
6212 643 0 1251 1080
6213 606 0 1214 1080
6214 584 0 1192 1080
6215 578 0 1186 1080
6216 590 0 1198 1080
6217 615 0 1223 1080
6218 648 0 1256 1080
6219 682 0 1290 1080
6220 713 0 1321 1080
6221 736 0 1344 1080
6222 750 0 1358 1080
6223 756 0 1364 1080
6224 755 0 1363 1080
6225 752 0 1360 1080
6226 747 0 1355 1080
6227 746 0 1354 1080
6228 750 0 1358 1080
6229 759 0 1367 1080
6230 773 0 1381 1080
6231 790 0 1398 1080
6232 806 0 1414 1080
6233 821 0 1429 1080
6234 831 0 1439 1080
6235 836 0 1444 1080
6236 837 0 1445 1080
6237 835 0 1443 1080
6238 831 0 1439 1080
6239 814 0 1422 1080
6240 734 0 1342 1080
6241 676 0 1284 1080
6242 648 0 1256 1080
6243 650 0 1258 1080
6244 675 0 1283 1080
6245 716 0 1324 1080
6246 760 0 1368 1080
6247 694 0 1302 1080
6248 659 0 1267 1080
6249 655 0 1263 1080
6250 679 0 1287 1080
6251 720 0 1328 1080
6252 767 0 1375 1080
6253 810 0 1418 1080
6254 735 0 1343 1080
6255 655 0 1263 1080
6256 575 0 1183 1080
6257 495 0 1103 1080
6258 415 0 1023 1080
6259 335 0 943 1080
6260 258 0 866 1080
6261 200 0 808 1080
6262 168 0 776 1080
6263 164 0 772 1080
6264 182 0 790 1080
6265 262 0 870 1080
6266 329 0 937 1080
6267 370 0 978 1080
6268 384 0 992 1080
6269 372 0 980 1080
6270 343 0 951 1080
6271 273 0 881 1080
6272 193 0 801 1080
6273 113 0 721 1080
6274 33 0 641 1080
6275 0 0 608 1080
6276 0 0 608 1080
6277 0 0 608 1080
6278 0 0 608 1080
6279 0 0 608 1080
6280 0 0 608 1080
6281 0 0 608 1080
6282 0 0 608 1080
6283 0 0 608 1080
6284 57 0 665 1080
6285 137 0 745 1080
6286 217 0 825 1080
6287 297 0 905 1080
6288 377 0 985 1080
6289 457 0 1065 1080
6290 537 0 1145 1080
6291 617 0 1225 1080
6292 686 0 1294 1080
6293 727 0 1335 1080
6294 732 0 1340 1080
6295 706 0 1314 1080
6296 654 0 1262 1080
6297 590 0 1198 1080
6298 529 0 1137 1080
6299 475 0 1083 1080
6300 435 0 1043 1080
6301 414 0 1022 1080
6302 408 0 1016 1080
6303 415 0 1023 1080
6304 429 0 1037 1080
6305 446 0 1054 1080
6306 462 0 1070 1080
6307 472 0 1080 1080
6308 475 0 1083 1080
6309 470 0 1078 1080
6310 457 0 1065 1080
6311 438 0 1046 1080
6312 416 0 1024 1080
6313 395 0 1003 1080
6314 377 0 985 1080
6315 365 0 973 1080
6316 362 0 970 1080
6317 364 0 972 1080
6318 372 0 980 1080
6319 381 0 989 1080
6320 388 0 996 1080
6321 387 0 995 1080
6322 377 0 985 1080
6323 354 0 962 1080
6324 322 0 930 1080
6325 286 0 894 1080
6326 242 0 850 1080
6327 191 0 799 1080
6328 160 0 768 1080
6329 151 0 759 1080
6330 160 0 768 1080
6331 180 0 788 1080
6332 202 0 810 1080
6333 210 0 818 1080
6334 204 0 812 1080
6335 188 0 796 1080
6336 168 0 776 1080
6337 147 0 755 1080
6338 129 0 737 1080
6339 115 0 723 1080
6340 105 0 713 1080
6341 99 0 707 1080
6342 96 0 704 1080
6343 93 0 701 1080
6344 92 0 700 1080
6345 90 0 698 1080
6346 85 0 693 1080
6347 80 0 688 1080
6348 76 0 684 1080
6349 72 0 680 1080
6350 68 0 676 1080
6351 64 0 672 1080
6352 85 0 693 1080
6353 122 0 730 1080
6354 165 0 773 1080
6355 205 0 813 1080
6356 241 0 849 1080
6357 266 0 874 1080
6358 277 0 885 1080
6359 275 0 883 1080
6360 258 0 866 1080
6361 232 0 840 1080
6362 205 0 813 1080
6363 180 0 788 1080
6364 161 0 769 1080
6365 164 0 772 1080
6366 184 0 792 1080
6367 214 0 822 1080
6368 247 0 855 1080
6369 275 0 883 1080
6370 294 0 902 1080
6371 303 0 911 1080
6372 303 0 911 1080
6373 297 0 905 1080
6374 288 0 896 1080
6375 280 0 888 1080
6376 274 0 882 1080
6377 273 0 881 1080
6378 275 0 883 1080
6379 281 0 889 1080
6380 271 0 879 1080
6381 265 0 873 1080
6382 205 0 813 1080
6383 159 0 767 1080
6384 135 0 743 1080
6385 149 0 757 1080
6386 192 0 800 1080
6387 254 0 862 1080
6388 321 0 929 1080
6389 381 0 989 1080
6390 428 0 1036 1080
6391 457 0 1065 1080
6392 471 0 1079 1080
6393 475 0 1083 1080
6394 473 0 1081 1080
6395 481 0 1089 1080
6396 561 0 1169 1080
6397 641 0 1249 1080
6398 721 0 1329 1080
6399 801 0 1409 1080
6400 881 0 1489 1080
6401 961 0 1569 1080
6402 1041 0 1649 1080
6403 1121 0 1729 1080
6404 1201 0 1809 1080
6405 1281 0 1889 1080
6406 1312 0 1920 1080
6407 1312 0 1920 1080
6408 1312 0 1920 1080
6409 1281 0 1889 1080
6410 1201 0 1809 1080
6411 1121 0 1729 1080
6412 1041 0 1649 1080
6413 961 0 1569 1080
6414 881 0 1489 1080
6415 872 0 1480 1080
6416 792 0 1400 1080
6417 712 0 1320 1080
6418 632 0 1240 1080
6419 552 0 1160 1080
6420 472 0 1080 1080
6421 392 0 1000 1080
6422 312 0 920 1080
6423 246 0 854 1080
6424 177 0 785 1080
6425 122 0 730 1080
6426 90 0 698 1080
6427 170 0 778 1080
6428 236 0 844 1080
6429 283 0 891 1080
6430 308 0 916 1080
6431 310 0 918 1080
6432 295 0 903 1080
6433 269 0 877 1080
6434 239 0 847 1080
6435 211 0 819 1080
6436 192 0 800 1080
6437 136 0 744 1080
6438 62 0 670 1080
6439 0 0 608 1080
6440 0 0 608 1080
6441 0 0 608 1080
6442 0 0 608 1080
6443 0 0 608 1080
6444 0 0 608 1080
6445 66 0 674 1080
6446 146 0 754 1080
6447 226 0 834 1080
6448 306 0 914 1080
6449 386 0 994 1080
6450 466 0 1074 1080
6451 544 0 1152 1080
6452 613 0 1221 1080
6453 660 0 1268 1080
6454 662 0 1270 1080
6455 644 0 1252 1080
6456 611 0 1219 1080
6457 575 0 1183 1080
6458 495 0 1103 1080
6459 415 0 1023 1080
6460 335 0 943 1080
6461 255 0 863 1080
6462 175 0 783 1080
6463 255 0 863 1080
6464 263 0 871 1080
6465 210 0 818 1080
6466 130 0 738 1080
6467 50 0 658 1080
6468 0 0 608 1080
6469 0 0 608 1080
6470 0 0 608 1080
6471 43 0 651 1080
6472 73 0 681 1080
6473 73 0 681 1080
6474 48 0 656 1080
6475 9 0 617 1080
6476 0 0 608 1080
6477 46 0 654 1080
6478 89 0 697 1080
6479 95 0 703 1080
6480 68 0 676 1080
6481 21 0 629 1080
6482 0 0 608 1080
6483 0 0 608 1080
6484 0 0 608 1080
6485 47 0 655 1080
6486 64 0 672 1080
6487 50 0 658 1080
6488 13 0 621 1080
6489 0 0 608 1080
6490 0 0 608 1080
6491 0 0 608 1080
6492 46 0 654 1080
6493 58 0 666 1080
6494 38 0 646 1080
6495 0 0 608 1080
6496 0 0 608 1080
6497 0 0 608 1080
6498 0 0 608 1080
6499 26 0 634 1080
6500 40 0 648 1080
6501 34 0 642 1080
6502 14 0 622 1080
6503 0 0 608 1080
6504 0 0 608 1080
6505 0 0 608 1080
6506 0 0 608 1080
6507 0 0 608 1080
6508 0 0 608 1080
6509 0 0 608 1080
6510 0 0 608 1080
6511 0 0 608 1080
6512 0 0 608 1080
6513 0 0 608 1080
6514 0 0 608 1080
6515 0 0 608 1080
6516 0 0 608 1080
6517 0 0 608 1080
6518 0 0 608 1080
6519 0 0 608 1080
6520 0 0 608 1080
6521 0 0 608 1080
6522 0 0 608 1080
6523 11 0 619 1080
6524 24 0 632 1080
6525 32 0 640 1080
6526 34 0 642 1080
6527 32 0 640 1080
6528 28 0 636 1080
6529 22 0 630 1080
6530 17 0 625 1080
6531 16 0 624 1080
6532 22 0 630 1080
6533 33 0 641 1080
6534 45 0 653 1080
6535 55 0 663 1080
6536 59 0 667 1080
6537 56 0 664 1080
6538 51 0 659 1080
6539 44 0 652 1080
6540 36 0 644 1080
6541 31 0 639 1080
6542 31 0 639 1080
6543 34 0 642 1080
6544 39 0 647 1080
6545 42 0 650 1080
6546 44 0 652 1080
6547 43 0 651 1080
6548 42 0 650 1080
6549 38 0 646 1080
6550 36 0 644 1080
6551 36 0 644 1080
6552 42 0 650 1080
6553 51 0 659 1080
6554 61 0 669 1080
6555 69 0 677 1080
6556 74 0 682 1080
6557 75 0 683 1080
6558 72 0 680 1080
6559 70 0 678 1080
6560 70 0 678 1080
6561 72 0 680 1080
6562 73 0 681 1080
6563 72 0 680 1080
6564 70 0 678 1080
6565 66 0 674 1080
6566 63 0 671 1080
6567 61 0 669 1080
6568 61 0 669 1080
6569 62 0 670 1080
6570 63 0 671 1080
6571 65 0 673 1080
6572 71 0 679 1080
6573 80 0 688 1080
6574 92 0 700 1080
6575 104 0 712 1080
6576 116 0 724 1080
6577 125 0 733 1080
6578 132 0 740 1080
6579 134 0 742 1080
6580 132 0 740 1080
6581 125 0 733 1080
6582 116 0 724 1080
6583 106 0 714 1080
6584 96 0 704 1080
6585 91 0 699 1080
6586 91 0 699 1080
6587 99 0 707 1080
6588 111 0 719 1080
6589 124 0 732 1080
6590 137 0 745 1080
6591 146 0 754 1080
6592 151 0 759 1080
6593 152 0 760 1080
6594 152 0 760 1080
6595 150 0 758 1080
6596 149 0 757 1080
6597 148 0 756 1080
6598 147 0 755 1080
6599 147 0 755 1080
6600 148 0 756 1080
6601 148 0 756 1080
6602 153 0 761 1080
6603 157 0 765 1080
6604 161 0 769 1080
6605 165 0 773 1080
6606 169 0 777 1080
6607 172 0 780 1080
6608 175 0 783 1080
6609 182 0 790 1080
6610 189 0 797 1080
6611 195 0 803 1080
6612 200 0 808 1080
6613 203 0 811 1080
6614 204 0 812 1080
6615 202 0 810 1080
6616 203 0 811 1080
6617 201 0 809 1080
6618 197 0 805 1080
6619 192 0 800 1080
6620 188 0 796 1080
6621 184 0 792 1080
6622 181 0 789 1080
6623 184 0 792 1080
6624 192 0 800 1080
6625 201 0 809 1080
6626 211 0 819 1080
6627 216 0 824 1080
6628 245 0 853 1080
6629 286 0 894 1080
6630 326 0 934 1080
6631 360 0 968 1080
6632 380 0 988 1080
6633 384 0 992 1080
6634 375 0 983 1080
6635 357 0 965 1080
6636 308 0 916 1080
6637 247 0 855 1080
6638 192 0 800 1080
6639 154 0 762 1080
6640 139 0 747 1080
6641 151 0 759 1080
6642 185 0 793 1080
6643 233 0 841 1080
6644 284 0 892 1080
6645 331 0 939 1080
6646 368 0 976 1080
6647 393 0 1001 1080
6648 405 0 1013 1080
6649 408 0 1016 1080
6650 452 0 1060 1080
6651 525 0 1133 1080
6652 605 0 1213 1080
6653 685 0 1293 1080
6654 758 0 1366 1080
6655 818 0 1426 1080
6656 859 0 1467 1080
6657 884 0 1492 1080
6658 896 0 1504 1080
6659 901 0 1509 1080
6660 906 0 1514 1080
6661 915 0 1523 1080
6662 931 0 1539 1080
6663 955 0 1563 1080
6664 987 0 1595 1080
6665 1024 0 1632 1080
6666 1063 0 1671 1080
6667 1102 0 1710 1080
6668 1137 0 1745 1080
6669 1169 0 1777 1080
6670 1197 0 1805 1080
6671 1222 0 1830 1080
6672 1245 0 1853 1080
6673 1247 0 1855 1080
6674 1229 0 1837 1080
6675 1200 0 1808 1080
6676 1166 0 1774 1080
6677 1134 0 1742 1080
6678 1111 0 1719 1080
6679 1098 0 1706 1080
6680 1086 0 1694 1080
6681 1078 0 1686 1080
6682 1074 0 1682 1080
6683 1071 0 1679 1080
6684 1069 0 1677 1080
6685 1068 0 1676 1080
6686 1068 0 1676 1080
6687 1069 0 1677 1080
6688 1070 0 1678 1080
6689 1071 0 1679 1080
6690 1071 0 1679 1080
6691 1071 0 1679 1080
6692 1070 0 1678 1080
6693 1067 0 1675 1080
6694 1063 0 1671 1080
6695 1059 0 1667 1080
6696 1060 0 1668 1080
6697 1067 0 1675 1080
6698 1074 0 1682 1080
6699 1080 0 1688 1080
6700 1082 0 1690 1080
6701 1081 0 1689 1080
6702 1115 0 1723 1080
6703 1131 0 1739 1080
6704 1129 0 1737 1080
6705 1152 0 1760 1080
6706 1190 0 1798 1080
6707 1232 0 1840 1080
6708 1270 0 1878 1080
6709 1297 0 1905 1080
6710 1310 0 1918 1080
6711 1274 0 1882 1080
6712 1205 0 1813 1080
6713 1156 0 1764 1080
6714 1134 0 1742 1080
6715 1138 0 1746 1080
6716 1163 0 1771 1080
6717 1199 0 1807 1080
6718 1237 0 1845 1080
6719 1269 0 1877 1080
6720 1289 0 1897 1080
6721 1294 0 1902 1080
6722 1286 0 1894 1080
6723 1269 0 1877 1080
6724 1264 0 1872 1080
6725 1270 0 1878 1080
6726 1293 0 1901 1080
6727 1312 0 1920 1080
6728 1312 0 1920 1080
6729 1312 0 1920 1080
6730 1312 0 1920 1080
6731 1312 0 1920 1080
6732 1312 0 1920 1080
6733 1312 0 1920 1080
6734 1287 0 1895 1080
6735 1253 0 1861 1080
6736 1239 0 1847 1080
6737 1236 0 1844 1080
6738 1255 0 1863 1080
6739 1289 0 1897 1080
6740 1312 0 1920 1080
6741 1312 0 1920 1080
6742 1312 0 1920 1080
6743 1312 0 1920 1080
6744 1294 0 1902 1080
6745 1299 0 1907 1080
6746 1312 0 1920 1080
6747 1312 0 1920 1080
6748 1312 0 1920 1080
6749 1312 0 1920 1080
6750 1312 0 1920 1080
6751 1312 0 1920 1080
6752 1312 0 1920 1080
6753 1312 0 1920 1080
6754 1312 0 1920 1080
6755 1287 0 1895 1080
6756 1272 0 1880 1080
6757 1276 0 1884 1080
6758 1293 0 1901 1080
6759 1312 0 1920 1080
6760 1312 0 1920 1080
6761 1312 0 1920 1080
6762 1312 0 1920 1080
6763 1312 0 1920 1080
6764 1312 0 1920 1080
6765 1312 0 1920 1080
6766 1312 0 1920 1080
6767 1312 0 1920 1080
6768 1312 0 1920 1080
6769 1308 0 1916 1080
6770 1278 0 1886 1080
6771 1239 0 1847 1080
6772 1202 0 1810 1080
6773 1202 0 1810 1080
6774 1203 0 1811 1080
6775 1232 0 1840 1080
6776 1262 0 1870 1080
6777 1303 0 1911 1080
6778 1312 0 1920 1080
6779 1312 0 1920 1080
6780 1312 0 1920 1080
6781 1312 0 1920 1080
6782 1291 0 1899 1080
6783 1211 0 1819 1080
6784 1174 0 1782 1080
6785 1186 0 1794 1080
6786 1237 0 1845 1080
6787 1224 0 1832 1080
6788 1253 0 1861 1080
6789 1221 0 1829 1080
6790 1147 0 1755 1080
6791 1067 0 1675 1080
6792 987 0 1595 1080
6793 907 0 1515 1080
6794 827 0 1435 1080
6795 757 0 1365 1080
6796 714 0 1322 1080
6797 702 0 1310 1080
6798 717 0 1325 1080
6799 755 0 1363 1080
6800 802 0 1410 1080
6801 848 0 1456 1080
6802 885 0 1493 1080
6803 910 0 1518 1080
6804 921 0 1529 1080
6805 919 0 1527 1080
6806 906 0 1514 1080
6807 888 0 1496 1080
6808 870 0 1478 1080
6809 852 0 1460 1080
6810 838 0 1446 1080
6811 827 0 1435 1080
6812 821 0 1429 1080
6813 823 0 1431 1080
6814 831 0 1439 1080
6815 841 0 1449 1080
6816 850 0 1458 1080
6817 858 0 1466 1080
6818 861 0 1469 1080
6819 857 0 1465 1080
6820 846 0 1454 1080
6821 828 0 1436 1080
6822 809 0 1417 1080
6823 793 0 1401 1080
6824 784 0 1392 1080
6825 783 0 1391 1080
6826 789 0 1397 1080
6827 799 0 1407 1080
6828 808 0 1416 1080
6829 813 0 1421 1080
6830 812 0 1420 1080
6831 806 0 1414 1080
6832 795 0 1403 1080
6833 785 0 1393 1080
6834 777 0 1385 1080
6835 772 0 1380 1080
6836 774 0 1382 1080
6837 779 0 1387 1080
6838 785 0 1393 1080
6839 788 0 1396 1080
6840 787 0 1395 1080
6841 781 0 1389 1080
6842 771 0 1379 1080
6843 761 0 1369 1080
6844 753 0 1361 1080
6845 750 0 1358 1080
6846 752 0 1360 1080
6847 757 0 1365 1080
6848 764 0 1372 1080
6849 770 0 1378 1080
6850 774 0 1382 1080
6851 773 0 1381 1080
6852 768 0 1376 1080
6853 759 0 1367 1080
6854 749 0 1357 1080
6855 740 0 1348 1080
6856 733 0 1341 1080
6857 730 0 1338 1080
6858 730 0 1338 1080
6859 732 0 1340 1080
6860 738 0 1346 1080
6861 744 0 1352 1080
6862 751 0 1359 1080
6863 756 0 1364 1080
6864 760 0 1368 1080
6865 764 0 1372 1080
6866 766 0 1374 1080
6867 768 0 1376 1080
6868 769 0 1377 1080
6869 766 0 1374 1080
6870 760 0 1368 1080
6871 753 0 1361 1080
6872 747 0 1355 1080
6873 743 0 1351 1080
6874 742 0 1350 1080
6875 743 0 1351 1080
6876 746 0 1354 1080
6877 750 0 1358 1080
6878 752 0 1360 1080
6879 753 0 1361 1080
6880 753 0 1361 1080
6881 753 0 1361 1080
6882 750 0 1358 1080
6883 744 0 1352 1080
6884 734 0 1342 1080
6885 720 0 1328 1080
6886 707 0 1315 1080
6887 696 0 1304 1080
6888 690 0 1298 1080
6889 688 0 1296 1080
6890 689 0 1297 1080
6891 694 0 1302 1080
6892 701 0 1309 1080
6893 708 0 1316 1080
6894 713 0 1321 1080
6895 715 0 1323 1080
6896 715 0 1323 1080
6897 714 0 1322 1080
6898 714 0 1322 1080
6899 714 0 1322 1080
6900 715 0 1323 1080
6901 720 0 1328 1080
6902 727 0 1335 1080
6903 736 0 1344 1080
6904 745 0 1353 1080
6905 753 0 1361 1080
6906 759 0 1367 1080
6907 762 0 1370 1080
6908 762 0 1370 1080
6909 761 0 1369 1080
6910 759 0 1367 1080
6911 759 0 1367 1080
6912 764 0 1372 1080
6913 777 0 1385 1080
6914 819 0 1427 1080
6915 876 0 1484 1080
6916 934 0 1542 1080
6917 983 0 1591 1080
6918 1017 0 1625 1080
6919 1037 0 1645 1080
6920 1082 0 1690 1080
6921 1141 0 1749 1080
6922 1204 0 1812 1080
6923 1259 0 1867 1080
6924 1299 0 1907 1080
6925 1312 0 1920 1080
6926 1312 0 1920 1080
6927 1306 0 1914 1080
6928 1283 0 1891 1080
6929 1258 0 1866 1080
6930 1237 0 1845 1080
6931 1223 0 1831 1080
6932 1218 0 1826 1080
6933 1222 0 1830 1080
6934 1232 0 1840 1080
6935 1245 0 1853 1080
6936 1258 0 1866 1080
6937 1269 0 1877 1080
6938 1277 0 1885 1080
6939 1280 0 1888 1080
6940 1280 0 1888 1080
6941 1277 0 1885 1080
6942 1273 0 1881 1080
6943 1270 0 1878 1080
6944 1267 0 1875 1080
6945 1265 0 1873 1080
6946 1264 0 1872 1080
6947 1265 0 1873 1080
6948 1267 0 1875 1080
6949 1270 0 1878 1080
6950 1272 0 1880 1080
6951 1274 0 1882 1080
6952 1275 0 1883 1080
6953 1276 0 1884 1080
6954 1277 0 1885 1080
6955 1276 0 1884 1080
6956 1275 0 1883 1080
6957 1273 0 1881 1080
6958 1272 0 1880 1080
6959 1272 0 1880 1080
6960 1272 0 1880 1080
6961 1273 0 1881 1080
6962 1274 0 1882 1080
6963 1275 0 1883 1080
6964 1277 0 1885 1080
6965 1278 0 1886 1080
6966 1279 0 1887 1080
6967 1279 0 1887 1080
6968 1280 0 1888 1080
6969 1280 0 1888 1080
6970 1277 0 1885 1080
6971 1273 0 1881 1080
6972 1269 0 1877 1080
6973 1263 0 1871 1080
6974 1256 0 1864 1080
6975 1251 0 1859 1080
6976 1246 0 1854 1080
6977 1242 0 1850 1080
6978 1240 0 1848 1080
6979 1238 0 1846 1080
6980 1237 0 1845 1080
6981 1237 0 1845 1080
6982 1235 0 1843 1080
6983 1233 0 1841 1080
6984 1230 0 1838 1080
6985 1226 0 1834 1080
6986 1221 0 1829 1080
6987 1215 0 1823 1080
6988 1208 0 1816 1080
6989 1201 0 1809 1080
6990 1194 0 1802 1080
6991 1189 0 1797 1080
6992 1186 0 1794 1080
6993 1183 0 1791 1080
6994 1183 0 1791 1080
6995 1184 0 1792 1080
6996 1186 0 1794 1080
6997 1189 0 1797 1080
6998 1191 0 1799 1080
6999 1192 0 1800 1080
7000 1186 0 1794 1080
7001 1181 0 1789 1080
7002 1178 0 1786 1080
7003 1177 0 1785 1080
7004 1178 0 1786 1080
7005 1196 0 1804 1080
7006 1222 0 1830 1080
7007 1202 0 1810 1080
7008 1198 0 1806 1080
7009 1209 0 1817 1080
7010 1229 0 1837 1080
7011 1253 0 1861 1080
7012 1276 0 1884 1080
7013 1293 0 1901 1080
7014 1213 0 1821 1080
7015 1161 0 1769 1080
7016 1143 0 1751 1080
7017 1155 0 1763 1080
7018 1190 0 1798 1080
7019 1236 0 1844 1080
7020 1281 0 1889 1080
7021 1201 0 1809 1080
7022 1154 0 1762 1080
7023 1143 0 1751 1080
7024 1163 0 1771 1080
7025 1204 0 1812 1080
7026 1254 0 1862 1080
7027 1302 0 1910 1080
7028 1222 0 1830 1080
7029 1173 0 1781 1080
7030 1158 0 1766 1080
7031 1174 0 1782 1080
7032 1212 0 1820 1080
7033 1261 0 1869 1080
7034 1308 0 1916 1080
7035 1228 0 1836 1080
7036 1179 0 1787 1080
7037 1166 0 1774 1080
7038 1184 0 1792 1080
7039 1224 0 1832 1080
7040 1273 0 1881 1080
7041 1312 0 1920 1080
7042 1240 0 1848 1080
7043 1191 0 1799 1080
7044 1177 0 1785 1080
7045 1195 0 1803 1080
7046 1169 0 1777 1080
7047 1114 0 1722 1080
7048 1049 0 1657 1080
7049 989 0 1597 1080
7050 947 0 1555 1080
7051 928 0 1536 1080
7052 933 0 1541 1080
7053 957 0 1565 1080
7054 992 0 1600 1080
7055 1033 0 1641 1080
7056 1069 0 1677 1080
7057 1095 0 1703 1080
7058 1107 0 1715 1080
7059 1105 0 1713 1080
7060 1094 0 1702 1080
7061 1079 0 1687 1080
7062 1064 0 1672 1080
7063 1051 0 1659 1080
7064 1045 0 1653 1080
7065 1045 0 1653 1080
7066 1052 0 1660 1080
7067 1064 0 1672 1080
7068 1078 0 1686 1080
7069 1092 0 1700 1080
7070 1103 0 1711 1080
7071 1108 0 1716 1080
7072 1108 0 1716 1080
7073 1102 0 1710 1080
7074 1095 0 1703 1080
7075 1087 0 1695 1080
7076 1081 0 1689 1080
7077 1076 0 1684 1080
7078 1074 0 1682 1080
7079 1074 0 1682 1080
7080 1075 0 1683 1080
7081 1076 0 1684 1080
7082 1072 0 1680 1080
7083 1064 0 1672 1080
7084 1041 0 1649 1080
7085 1019 0 1627 1080
7086 998 0 1606 1080
7087 963 0 1571 1080
7088 920 0 1528 1080
7089 873 0 1481 1080
7090 828 0 1436 1080
7091 789 0 1397 1080
7092 757 0 1365 1080
7093 733 0 1341 1080
7094 715 0 1323 1080
7095 701 0 1309 1080
7096 687 0 1295 1080
7097 672 0 1280 1080
7098 653 0 1261 1080
7099 630 0 1238 1080
7100 605 0 1213 1080
7101 576 0 1184 1080
7102 546 0 1154 1080
7103 516 0 1124 1080
7104 488 0 1096 1080
7105 460 0 1068 1080
7106 435 0 1043 1080
7107 410 0 1018 1080
7108 387 0 995 1080
7109 364 0 972 1080
7110 341 0 949 1080
7111 318 0 926 1080
7112 294 0 902 1080
7113 269 0 877 1080
7114 210 0 818 1080
7115 134 0 742 1080
7116 59 0 667 1080
7117 37 0 645 1080
7118 65 0 673 1080
7119 130 0 738 1080
7120 210 0 818 1080
7121 290 0 898 1080
7122 361 0 969 1080
7123 414 0 1022 1080
7124 387 0 995 1080
7125 364 0 972 1080
7126 350 0 958 1080
7127 350 0 958 1080
7128 364 0 972 1080
7129 389 0 997 1080
7130 422 0 1030 1080
7131 457 0 1065 1080
7132 498 0 1106 1080
7133 538 0 1146 1080
7134 570 0 1178 1080
7135 591 0 1199 1080
7136 593 0 1201 1080
7137 588 0 1196 1080
7138 577 0 1185 1080
7139 564 0 1172 1080
7140 555 0 1163 1080
7141 551 0 1159 1080
7142 553 0 1161 1080
7143 559 0 1167 1080
7144 569 0 1177 1080
7145 579 0 1187 1080
7146 588 0 1196 1080
7147 595 0 1203 1080
7148 597 0 1205 1080
7149 597 0 1205 1080
7150 592 0 1200 1080
7151 583 0 1191 1080
7152 576 0 1184 1080
7153 574 0 1182 1080
7154 574 0 1182 1080
7155 574 0 1182 1080
7156 567 0 1175 1080
7157 549 0 1157 1080
7158 533 0 1141 1080
7159 521 0 1129 1080
7160 515 0 1123 1080
7161 516 0 1124 1080
7162 509 0 1117 1080
7163 498 0 1106 1080
7164 487 0 1095 1080
7165 480 0 1088 1080
7166 478 0 1086 1080
7167 481 0 1089 1080
7168 492 0 1100 1080
7169 509 0 1117 1080
7170 530 0 1138 1080
7171 553 0 1161 1080
7172 574 0 1182 1080
7173 589 0 1197 1080
7174 597 0 1205 1080
7175 597 0 1205 1080
7176 592 0 1200 1080
7177 586 0 1194 1080
7178 581 0 1189 1080
7179 555 0 1163 1080
7180 517 0 1125 1080
7181 479 0 1087 1080
7182 449 0 1057 1080
7183 429 0 1037 1080
7184 451 0 1059 1080
7185 500 0 1108 1080
7186 561 0 1169 1080
7187 596 0 1204 1080
7188 606 0 1214 1080
7189 592 0 1200 1080
7190 559 0 1167 1080
7191 517 0 1125 1080
7192 491 0 1099 1080
7193 490 0 1098 1080
7194 566 0 1174 1080
7195 646 0 1254 1080
7196 726 0 1334 1080
7197 806 0 1414 1080
7198 880 0 1488 1080
7199 931 0 1539 1080
7200 951 0 1559 1080
7201 947 0 1555 1080
7202 916 0 1524 1080
7203 866 0 1474 1080
7204 807 0 1415 1080
7205 750 0 1358 1080
7206 703 0 1311 1080
7207 673 0 1281 1080
7208 664 0 1272 1080
7209 673 0 1281 1080
7210 696 0 1304 1080
7211 720 0 1328 1080
7212 737 0 1345 1080
7213 747 0 1355 1080
7214 748 0 1356 1080
7215 742 0 1350 1080
7216 732 0 1340 1080
7217 735 0 1343 1080
7218 746 0 1354 1080
7219 761 0 1369 1080
7220 774 0 1382 1080
7221 783 0 1391 1080
7222 787 0 1395 1080
7223 785 0 1393 1080
7224 778 0 1386 1080
7225 767 0 1375 1080
7226 755 0 1363 1080
7227 742 0 1350 1080
7228 730 0 1338 1080
7229 720 0 1328 1080
7230 715 0 1323 1080
7231 710 0 1318 1080
7232 705 0 1313 1080
7233 700 0 1308 1080
7234 695 0 1303 1080
7235 690 0 1298 1080
7236 685 0 1293 1080
7237 681 0 1289 1080
7238 677 0 1285 1080
7239 675 0 1283 1080
7240 670 0 1278 1080
7241 665 0 1273 1080
7242 641 0 1249 1080
7243 608 0 1216 1080
7244 576 0 1184 1080
7245 551 0 1159 1080
7246 538 0 1146 1080
7247 543 0 1151 1080
7248 561 0 1169 1080
7249 563 0 1171 1080
7250 554 0 1162 1080
7251 545 0 1153 1080
7252 542 0 1150 1080
7253 543 0 1151 1080
7254 538 0 1146 1080
7255 522 0 1130 1080
7256 505 0 1113 1080
7257 495 0 1103 1080
7258 497 0 1105 1080
7259 510 0 1118 1080
7260 551 0 1159 1080
7261 588 0 1196 1080
7262 633 0 1241 1080
7263 676 0 1284 1080
7264 709 0 1317 1080
7265 727 0 1335 1080
7266 727 0 1335 1080
7267 725 0 1333 1080
7268 706 0 1314 1080
7269 691 0 1299 1080
7270 684 0 1292 1080
7271 684 0 1292 1080
7272 690 0 1298 1080
7273 692 0 1300 1080
7274 686 0 1294 1080
7275 766 0 1374 1080
7276 808 0 1416 1080
7277 812 0 1420 1080
7278 784 0 1392 1080
7279 749 0 1357 1080
7280 705 0 1313 1080
7281 663 0 1271 1080
7282 633 0 1241 1080
7283 619 0 1227 1080
7284 625 0 1233 1080
7285 646 0 1254 1080
7286 676 0 1284 1080
7287 710 0 1318 1080
7288 742 0 1350 1080
7289 767 0 1375 1080
7290 784 0 1392 1080
7291 791 0 1399 1080
7292 791 0 1399 1080
7293 786 0 1394 1080
7294 813 0 1421 1080
7295 865 0 1473 1080
7296 929 0 1537 1080
7297 995 0 1603 1080
7298 1052 0 1660 1080
7299 1095 0 1703 1080
7300 1122 0 1730 1080
7301 1133 0 1741 1080
7302 1132 0 1740 1080
7303 1124 0 1732 1080
7304 1113 0 1721 1080
7305 1099 0 1707 1080
7306 1086 0 1694 1080
7307 1073 0 1681 1080
7308 1062 0 1670 1080
7309 1054 0 1662 1080
7310 1047 0 1655 1080
7311 1041 0 1649 1080
7312 1036 0 1644 1080
7313 1031 0 1639 1080
7314 1027 0 1635 1080
7315 1027 0 1635 1080
7316 1030 0 1638 1080
7317 1039 0 1647 1080
7318 1047 0 1655 1080
7319 1054 0 1662 1080
7320 1059 0 1667 1080
7321 1060 0 1668 1080
7322 1072 0 1680 1080
7323 1096 0 1704 1080
7324 1126 0 1734 1080
7325 1158 0 1766 1080
7326 1186 0 1794 1080
7327 1206 0 1814 1080
7328 1216 0 1824 1080
7329 1217 0 1825 1080
7330 1209 0 1817 1080
7331 1197 0 1805 1080
7332 1186 0 1794 1080
7333 1178 0 1786 1080
7334 1175 0 1783 1080
7335 1181 0 1789 1080
7336 1193 0 1801 1080
7337 1209 0 1817 1080
7338 1225 0 1833 1080
7339 1239 0 1847 1080
7340 1249 0 1857 1080
7341 1255 0 1863 1080
7342 1258 0 1866 1080
7343 1258 0 1866 1080
7344 1257 0 1865 1080
7345 1255 0 1863 1080
7346 1235 0 1843 1080
7347 1201 0 1809 1080
7348 1163 0 1771 1080
7349 1126 0 1734 1080
7350 1098 0 1706 1080
7351 1080 0 1688 1080
7352 1060 0 1668 1080
7353 1039 0 1647 1080
7354 1021 0 1629 1080
7355 1011 0 1619 1080
7356 1007 0 1615 1080
7357 1010 0 1618 1080
7358 1018 0 1626 1080
7359 1031 0 1639 1080
7360 1045 0 1653 1080
7361 1056 0 1664 1080
7362 1062 0 1670 1080
7363 1062 0 1670 1080
7364 1057 0 1665 1080
7365 1048 0 1656 1080
7366 1037 0 1645 1080
7367 1025 0 1633 1080
7368 1012 0 1620 1080
7369 1003 0 1611 1080
7370 992 0 1600 1080
7371 983 0 1591 1080
7372 977 0 1585 1080
7373 973 0 1581 1080
7374 971 0 1579 1080
7375 972 0 1580 1080
7376 974 0 1582 1080
7377 975 0 1583 1080
7378 974 0 1582 1080
7379 1033 0 1641 1080
7380 1057 0 1665 1080
7381 1050 0 1658 1080
7382 1020 0 1628 1080
7383 979 0 1587 1080
7384 939 0 1547 1080
7385 867 0 1475 1080
7386 787 0 1395 1080
7387 714 0 1322 1080
7388 682 0 1290 1080
7389 689 0 1297 1080
7390 728 0 1336 1080
7391 785 0 1393 1080
7392 843 0 1451 1080
7393 889 0 1497 1080
7394 916 0 1524 1080
7395 922 0 1530 1080
7396 906 0 1514 1080
7397 879 0 1487 1080
7398 846 0 1454 1080
7399 816 0 1424 1080
7400 795 0 1403 1080
7401 786 0 1394 1080
7402 789 0 1397 1080
7403 801 0 1409 1080
7404 815 0 1423 1080
7405 829 0 1437 1080
7406 841 0 1449 1080
7407 849 0 1457 1080
7408 853 0 1461 1080
7409 854 0 1462 1080
7410 851 0 1459 1080
7411 846 0 1454 1080
7412 841 0 1449 1080
7413 838 0 1446 1080
7414 841 0 1449 1080
7415 849 0 1457 1080
7416 860 0 1468 1080
7417 871 0 1479 1080
7418 882 0 1490 1080
7419 891 0 1499 1080
7420 900 0 1508 1080
7421 909 0 1517 1080
7422 919 0 1527 1080
7423 932 0 1540 1080
7424 946 0 1554 1080
7425 962 0 1570 1080
7426 977 0 1585 1080
7427 990 0 1598 1080
7428 999 0 1607 1080
7429 1005 0 1613 1080
7430 1010 0 1618 1080
7431 1017 0 1625 1080
7432 1026 0 1634 1080
7433 1036 0 1644 1080
7434 1046 0 1654 1080
7435 1055 0 1663 1080
7436 1062 0 1670 1080
7437 1065 0 1673 1080
7438 1061 0 1669 1080
7439 1051 0 1659 1080
7440 1038 0 1646 1080
7441 1026 0 1634 1080
7442 1019 0 1627 1080
7443 1020 0 1628 1080
7444 1027 0 1635 1080
7445 1038 0 1646 1080
7446 1051 0 1659 1080
7447 1062 0 1670 1080
7448 1066 0 1674 1080
7449 1064 0 1672 1080
7450 1057 0 1665 1080
7451 1048 0 1656 1080
7452 1040 0 1648 1080
7453 1032 0 1640 1080
7454 1026 0 1634 1080
7455 1022 0 1630 1080
7456 1021 0 1629 1080
7457 1017 0 1625 1080
7458 1011 0 1619 1080
7459 1001 0 1609 1080
7460 991 0 1599 1080
7461 982 0 1590 1080
7462 977 0 1585 1080
7463 977 0 1585 1080
7464 980 0 1588 1080
7465 984 0 1592 1080
7466 989 0 1597 1080
7467 992 0 1600 1080
7468 991 0 1599 1080
7469 988 0 1596 1080
7470 985 0 1593 1080
7471 983 0 1591 1080
7472 982 0 1590 1080
7473 982 0 1590 1080
7474 983 0 1591 1080
7475 983 0 1591 1080
7476 981 0 1589 1080
7477 976 0 1584 1080
7478 969 0 1577 1080
7479 960 0 1568 1080
7480 952 0 1560 1080
7481 947 0 1555 1080
7482 945 0 1553 1080
7483 946 0 1554 1080
7484 949 0 1557 1080
7485 952 0 1560 1080
7486 953 0 1561 1080
7487 948 0 1556 1080
7488 938 0 1546 1080
7489 923 0 1531 1080
7490 907 0 1515 1080
7491 896 0 1504 1080
7492 891 0 1499 1080
7493 895 0 1503 1080
7494 905 0 1513 1080
7495 920 0 1528 1080
7496 937 0 1545 1080
7497 951 0 1559 1080
7498 960 0 1568 1080
7499 965 0 1573 1080
7500 966 0 1574 1080
7501 966 0 1574 1080
7502 965 0 1573 1080
7503 966 0 1574 1080
7504 969 0 1577 1080
7505 973 0 1581 1080
7506 979 0 1587 1080
7507 985 0 1593 1080
7508 991 0 1599 1080
7509 997 0 1605 1080
7510 1003 0 1611 1080
7511 1009 0 1617 1080
7512 1014 0 1622 1080
7513 1020 0 1628 1080
7514 1026 0 1634 1080
7515 1031 0 1639 1080
7516 1036 0 1644 1080
7517 1040 0 1648 1080
7518 1043 0 1651 1080
7519 1044 0 1652 1080
7520 1044 0 1652 1080
7521 1044 0 1652 1080
7522 1044 0 1652 1080
7523 1045 0 1653 1080
7524 1045 0 1653 1080
7525 1047 0 1655 1080
7526 1050 0 1658 1080
7527 1053 0 1661 1080
7528 1054 0 1662 1080
7529 1054 0 1662 1080
7530 1051 0 1659 1080
7531 1048 0 1656 1080
7532 1043 0 1651 1080
7533 1038 0 1646 1080
7534 1032 0 1640 1080
7535 1025 0 1633 1080
7536 1015 0 1623 1080
7537 1003 0 1611 1080
7538 984 0 1592 1080
7539 957 0 1565 1080
7540 926 0 1534 1080
7541 896 0 1504 1080
7542 872 0 1480 1080
7543 857 0 1465 1080
7544 827 0 1435 1080
7545 802 0 1410 1080
7546 782 0 1390 1080
7547 768 0 1376 1080
7548 758 0 1366 1080
7549 751 0 1359 1080
7550 736 0 1344 1080
7551 714 0 1322 1080
7552 669 0 1277 1080
7553 629 0 1237 1080
7554 595 0 1203 1080
7555 571 0 1179 1080
7556 556 0 1164 1080
7557 550 0 1158 1080
7558 546 0 1154 1080
7559 539 0 1147 1080
7560 530 0 1138 1080
7561 518 0 1126 1080
7562 501 0 1109 1080
7563 482 0 1090 1080
7564 460 0 1068 1080
7565 454 0 1062 1080
7566 430 0 1038 1080
7567 410 0 1018 1080
7568 393 0 1001 1080
7569 379 0 987 1080
7570 373 0 981 1080
7571 373 0 981 1080
7572 378 0 986 1080
7573 386 0 994 1080
7574 394 0 1002 1080
7575 397 0 1005 1080
7576 383 0 991 1080
7577 356 0 964 1080
7578 329 0 937 1080
7579 306 0 914 1080
7580 283 0 891 1080
7581 262 0 870 1080
7582 246 0 854 1080
7583 234 0 842 1080
7584 228 0 836 1080
7585 228 0 836 1080
7586 234 0 842 1080
7587 240 0 848 1080
7588 244 0 852 1080
7589 246 0 854 1080
7590 245 0 853 1080
7591 242 0 850 1080
7592 254 0 862 1080
7593 279 0 887 1080
7594 311 0 919 1080
7595 347 0 955 1080
7596 381 0 989 1080
7597 408 0 1016 1080
7598 460 0 1068 1080
7599 525 0 1133 1080
7600 587 0 1195 1080
7601 634 0 1242 1080
7602 661 0 1269 1080
7603 680 0 1288 1080
7604 698 0 1306 1080
7605 730 0 1338 1080
7606 776 0 1384 1080
7607 831 0 1439 1080
7608 892 0 1500 1080
7609 952 0 1560 1080
7610 1005 0 1613 1080
7611 1044 0 1652 1080
7612 1065 0 1673 1080
7613 1081 0 1689 1080
7614 1090 0 1698 1080
7615 1092 0 1700 1080
7616 1089 0 1697 1080
7617 1082 0 1690 1080
7618 1074 0 1682 1080
7619 1066 0 1674 1080
7620 1059 0 1667 1080
7621 1054 0 1662 1080
7622 1052 0 1660 1080
7623 1051 0 1659 1080
7624 1050 0 1658 1080
7625 1048 0 1656 1080
7626 1045 0 1653 1080
7627 1040 0 1648 1080
7628 1033 0 1641 1080
7629 1023 0 1631 1080
7630 1010 0 1618 1080
7631 990 0 1598 1080
7632 965 0 1573 1080
7633 936 0 1544 1080
7634 909 0 1517 1080
7635 886 0 1494 1080
7636 867 0 1475 1080
7637 847 0 1455 1080
7638 826 0 1434 1080
7639 803 0 1411 1080
7640 779 0 1387 1080
7641 758 0 1366 1080
7642 741 0 1349 1080
7643 726 0 1334 1080
7644 713 0 1321 1080
7645 703 0 1311 1080
7646 680 0 1288 1080
7647 643 0 1251 1080
7648 609 0 1217 1080
7649 580 0 1188 1080
7650 544 0 1152 1080
7651 506 0 1114 1080
7652 473 0 1081 1080
7653 463 0 1071 1080
7654 460 0 1068 1080
7655 447 0 1055 1080
7656 430 0 1038 1080
7657 409 0 1017 1080
7658 388 0 996 1080
7659 371 0 979 1080
7660 359 0 967 1080
7661 351 0 959 1080
7662 347 0 955 1080
7663 344 0 952 1080
7664 336 0 944 1080
7665 325 0 933 1080
7666 313 0 921 1080
7667 302 0 910 1080
7668 292 0 900 1080
7669 281 0 889 1080
7670 270 0 878 1080
7671 258 0 866 1080
7672 246 0 854 1080
7673 235 0 843 1080
7674 225 0 833 1080
7675 216 0 824 1080
7676 208 0 816 1080
7677 199 0 807 1080
7678 190 0 798 1080
7679 180 0 788 1080
7680 169 0 777 1080
7681 159 0 767 1080
7682 151 0 759 1080
7683 144 0 752 1080
7684 135 0 743 1080
7685 125 0 733 1080
7686 113 0 721 1080
7687 102 0 710 1080
7688 92 0 700 1080
7689 85 0 693 1080
7690 103 0 711 1080
7691 137 0 745 1080
7692 174 0 782 1080
7693 204 0 812 1080
7694 221 0 829 1080
7695 221 0 829 1080
7696 195 0 803 1080
7697 152 0 760 1080
7698 104 0 712 1080
7699 61 0 669 1080
7700 31 0 639 1080
7701 17 0 625 1080
7702 19 0 627 1080
7703 34 0 642 1080
7704 55 0 663 1080
7705 78 0 686 1080
7706 99 0 707 1080
7707 112 0 720 1080
7708 119 0 727 1080
7709 124 0 732 1080
7710 128 0 736 1080
7711 131 0 739 1080
7712 136 0 744 1080
7713 141 0 749 1080
7714 150 0 758 1080
7715 161 0 769 1080
7716 176 0 784 1080
7717 191 0 799 1080
7718 208 0 816 1080
7719 220 0 828 1080
7720 224 0 832 1080
7721 221 0 829 1080
7722 213 0 821 1080
7723 203 0 811 1080
7724 197 0 805 1080
7725 198 0 806 1080
7726 207 0 815 1080
7727 218 0 826 1080
7728 229 0 837 1080
7729 237 0 845 1080
7730 244 0 852 1080
7731 254 0 862 1080
7732 270 0 878 1080
7733 292 0 900 1080
7734 312 0 920 1080
7735 328 0 936 1080
7736 338 0 946 1080
7737 344 0 952 1080
7738 347 0 955 1080
7739 348 0 956 1080
7740 349 0 957 1080
7741 351 0 959 1080
7742 350 0 958 1080
7743 347 0 955 1080
7744 359 0 967 1080
7745 360 0 968 1080
7746 355 0 963 1080
7747 347 0 955 1080
7748 341 0 949 1080
7749 343 0 951 1080
7750 348 0 956 1080
7751 354 0 962 1080
7752 360 0 968 1080
7753 365 0 973 1080
7754 369 0 977 1080
7755 374 0 982 1080
7756 381 0 989 1080
7757 392 0 1000 1080
7758 400 0 1008 1080
7759 404 0 1012 1080
7760 421 0 1029 1080
7761 501 0 1109 1080
7762 541 0 1149 1080
7763 543 0 1151 1080
7764 523 0 1131 1080
7765 523 0 1131 1080
7766 538 0 1146 1080
7767 563 0 1171 1080
7768 594 0 1202 1080
7769 584 0 1192 1080
7770 542 0 1150 1080
7771 483 0 1091 1080
7772 424 0 1032 1080
7773 375 0 983 1080
7774 346 0 954 1080
7775 340 0 948 1080
7776 355 0 963 1080
7777 385 0 993 1080
7778 419 0 1027 1080
7779 452 0 1060 1080
7780 479 0 1087 1080
7781 497 0 1105 1080
7782 506 0 1114 1080
7783 504 0 1112 1080
7784 493 0 1101 1080
7785 475 0 1083 1080
7786 454 0 1062 1080
7787 434 0 1042 1080
7788 423 0 1031 1080
7789 420 0 1028 1080
7790 426 0 1034 1080
7791 438 0 1046 1080
7792 452 0 1060 1080
7793 464 0 1072 1080
7794 472 0 1080 1080
7795 474 0 1082 1080
7796 468 0 1076 1080
7797 456 0 1064 1080
7798 439 0 1047 1080
7799 415 0 1023 1080
7800 387 0 995 1080
7801 356 0 964 1080
7802 290 0 898 1080
7803 210 0 818 1080
7804 136 0 744 1080
7805 85 0 693 1080
7806 67 0 675 1080
7807 79 0 687 1080
7808 112 0 720 1080
7809 109 0 717 1080
7810 78 0 686 1080
7811 33 0 641 1080
7812 0 0 608 1080
7813 0 0 608 1080
7814 0 0 608 1080
7815 0 0 608 1080
7816 45 0 653 1080
7817 125 0 733 1080
7818 204 0 812 1080
7819 263 0 871 1080
7820 298 0 906 1080
7821 314 0 922 1080
7822 315 0 923 1080
7823 310 0 918 1080
7824 305 0 913 1080
7825 304 0 912 1080
7826 308 0 916 1080
7827 315 0 923 1080
7828 348 0 956 1080
7829 394 0 1002 1080
7830 442 0 1050 1080
7831 482 0 1090 1080
7832 509 0 1117 1080
7833 521 0 1129 1080
7834 519 0 1127 1080
7835 506 0 1114 1080
7836 487 0 1095 1080
7837 469 0 1077 1080
7838 485 0 1093 1080
7839 526 0 1134 1080
7840 583 0 1191 1080
7841 641 0 1249 1080
7842 691 0 1299 1080
7843 727 0 1335 1080
7844 747 0 1355 1080
7845 753 0 1361 1080
7846 746 0 1354 1080
7847 732 0 1340 1080
7848 716 0 1324 1080
7849 697 0 1305 1080
7850 683 0 1291 1080
7851 682 0 1290 1080
7852 692 0 1300 1080
7853 713 0 1321 1080
7854 741 0 1349 1080
7855 772 0 1380 1080
7856 802 0 1410 1080
7857 824 0 1432 1080
7858 837 0 1445 1080
7859 841 0 1449 1080
7860 837 0 1445 1080
7861 828 0 1436 1080
7862 818 0 1426 1080
7863 807 0 1415 1080
7864 798 0 1406 1080
7865 795 0 1403 1080
7866 796 0 1404 1080
7867 798 0 1406 1080
7868 798 0 1406 1080
7869 794 0 1402 1080
7870 784 0 1392 1080
7871 769 0 1377 1080
7872 762 0 1370 1080
7873 762 0 1370 1080
7874 767 0 1375 1080
7875 777 0 1385 1080
7876 791 0 1399 1080
7877 807 0 1415 1080
7878 821 0 1429 1080
7879 830 0 1438 1080
7880 835 0 1443 1080
7881 834 0 1442 1080
7882 830 0 1438 1080
7883 823 0 1431 1080
7884 817 0 1425 1080
7885 816 0 1424 1080
7886 816 0 1424 1080
7887 824 0 1432 1080
7888 854 0 1462 1080
7889 880 0 1488 1080
7890 896 0 1504 1080
7891 902 0 1510 1080
7892 910 0 1518 1080
7893 927 0 1535 1080
7894 949 0 1557 1080
7895 962 0 1570 1080
7896 973 0 1581 1080
7897 983 0 1591 1080
7898 991 0 1599 1080
7899 997 0 1605 1080
7900 1003 0 1611 1080
7901 1010 0 1618 1080
7902 1019 0 1627 1080
7903 1032 0 1640 1080
7904 1048 0 1656 1080
7905 1066 0 1674 1080
7906 1085 0 1693 1080
7907 1102 0 1710 1080
7908 1117 0 1725 1080
7909 1127 0 1735 1080
7910 1134 0 1742 1080
7911 1139 0 1747 1080
7912 1142 0 1750 1080
7913 1144 0 1752 1080
7914 1147 0 1755 1080
7915 1151 0 1759 1080
7916 1157 0 1765 1080
7917 1164 0 1772 1080
7918 1174 0 1782 1080
7919 1187 0 1795 1080
7920 1202 0 1810 1080
7921 1218 0 1826 1080
7922 1223 0 1831 1080
7923 1245 0 1853 1080
7924 1263 0 1871 1080
7925 1294 0 1902 1080
7926 1312 0 1920 1080
7927 1312 0 1920 1080
7928 1312 0 1920 1080
7929 1312 0 1920 1080
7930 1312 0 1920 1080
7931 1312 0 1920 1080
7932 1312 0 1920 1080
7933 1312 0 1920 1080
7934 1312 0 1920 1080
7935 1312 0 1920 1080
7936 1312 0 1920 1080
7937 1312 0 1920 1080
7938 1312 0 1920 1080
7939 1312 0 1920 1080
7940 1312 0 1920 1080
7941 1312 0 1920 1080
7942 1312 0 1920 1080
7943 1312 0 1920 1080
7944 1312 0 1920 1080
7945 1312 0 1920 1080
7946 1312 0 1920 1080
7947 1312 0 1920 1080
7948 1312 0 1920 1080
7949 1312 0 1920 1080
7950 1312 0 1920 1080
7951 1312 0 1920 1080
7952 1312 0 1920 1080
7953 1312 0 1920 1080
7954 1312 0 1920 1080
7955 1312 0 1920 1080
7956 1312 0 1920 1080
7957 1312 0 1920 1080
7958 1312 0 1920 1080
7959 1312 0 1920 1080
7960 1312 0 1920 1080
7961 1312 0 1920 1080
7962 1312 0 1920 1080
7963 1312 0 1920 1080
7964 1312 0 1920 1080
7965 1312 0 1920 1080
7966 1312 0 1920 1080
7967 1312 0 1920 1080
7968 1312 0 1920 1080
7969 1312 0 1920 1080
7970 1312 0 1920 1080
7971 1312 0 1920 1080
7972 1312 0 1920 1080
7973 1312 0 1920 1080
7974 1312 0 1920 1080
7975 1312 0 1920 1080
7976 1312 0 1920 1080
7977 1312 0 1920 1080
7978 1312 0 1920 1080
7979 1312 0 1920 1080
7980 1312 0 1920 1080
7981 1312 0 1920 1080
7982 1312 0 1920 1080
7983 1312 0 1920 1080
7984 1312 0 1920 1080
7985 1312 0 1920 1080
7986 1312 0 1920 1080
7987 1307 0 1915 1080
7988 1302 0 1910 1080
7989 1301 0 1909 1080
7990 1303 0 1911 1080
7991 1307 0 1915 1080
7992 1311 0 1919 1080
7993 1312 0 1920 1080
7994 1312 0 1920 1080
7995 1312 0 1920 1080
7996 1312 0 1920 1080
7997 1306 0 1914 1080
7998 1297 0 1905 1080
7999 1288 0 1896 1080
8000 1279 0 1887 1080
8001 1272 0 1880 1080
8002 1268 0 1876 1080
8003 1265 0 1873 1080
8004 1262 0 1870 1080
8005 1259 0 1867 1080
8006 1256 0 1864 1080
8007 1251 0 1859 1080
8008 1247 0 1855 1080
8009 1243 0 1851 1080
8010 1239 0 1847 1080
8011 1237 0 1845 1080
8012 1236 0 1844 1080
8013 1236 0 1844 1080
8014 1237 0 1845 1080
8015 1240 0 1848 1080
8016 1243 0 1851 1080
8017 1247 0 1855 1080
8018 1250 0 1858 1080
8019 1251 0 1859 1080
8020 1250 0 1858 1080
8021 1248 0 1856 1080
8022 1243 0 1851 1080
8023 1238 0 1846 1080
8024 1233 0 1841 1080
8025 1231 0 1839 1080
8026 1232 0 1840 1080
8027 1243 0 1851 1080
8028 1252 0 1860 1080
8029 1259 0 1867 1080
8030 1261 0 1869 1080
8031 1259 0 1867 1080
8032 1254 0 1862 1080
8033 1245 0 1853 1080
8034 1235 0 1843 1080
8035 1217 0 1825 1080
8036 1209 0 1817 1080
8037 1199 0 1807 1080
8038 1193 0 1801 1080
8039 1191 0 1799 1080
8040 1192 0 1800 1080
8041 1193 0 1801 1080
8042 1196 0 1804 1080
8043 1201 0 1809 1080
8044 1208 0 1816 1080
8045 1216 0 1824 1080
8046 1225 0 1833 1080
8047 1234 0 1842 1080
8048 1242 0 1850 1080
8049 1250 0 1858 1080
8050 1256 0 1864 1080
8051 1260 0 1868 1080
8052 1263 0 1871 1080
8053 1265 0 1873 1080
8054 1283 0 1891 1080
8055 1309 0 1917 1080
8056 1312 0 1920 1080
8057 1312 0 1920 1080
8058 1312 0 1920 1080
8059 1312 0 1920 1080
8060 1312 0 1920 1080
8061 1312 0 1920 1080
8062 1312 0 1920 1080
8063 1312 0 1920 1080
8064 1312 0 1920 1080
8065 1312 0 1920 1080
8066 1312 0 1920 1080
8067 1312 0 1920 1080
8068 1312 0 1920 1080
8069 1312 0 1920 1080
8070 1312 0 1920 1080
8071 1312 0 1920 1080
8072 1312 0 1920 1080
8073 1312 0 1920 1080
8074 1307 0 1915 1080
8075 1292 0 1900 1080
8076 1285 0 1893 1080
8077 1285 0 1893 1080
8078 1288 0 1896 1080
8079 1292 0 1900 1080
8080 1298 0 1906 1080
8081 1303 0 1911 1080
8082 1267 0 1875 1080
8083 1202 0 1810 1080
8084 1125 0 1733 1080
8085 1052 0 1660 1080
8086 995 0 1603 1080
8087 970 0 1578 1080
8088 974 0 1582 1080
8089 1000 0 1608 1080
8090 1037 0 1645 1080
8091 1075 0 1683 1080
8092 1105 0 1713 1080
8093 1169 0 1777 1080
8094 1245 0 1853 1080
8095 1269 0 1877 1080
8096 1245 0 1853 1080
8097 1187 0 1795 1080
8098 1113 0 1721 1080
8099 1038 0 1646 1080
8100 978 0 1586 1080
8101 940 0 1548 1080
8102 926 0 1534 1080
8103 926 0 1534 1080
8104 938 0 1546 1080
8105 960 0 1568 1080
8106 993 0 1601 1080
8107 1027 0 1635 1080
8108 1056 0 1664 1080
8109 1073 0 1681 1080
8110 1082 0 1690 1080
8111 1078 0 1686 1080
8112 1073 0 1681 1080
8113 1068 0 1676 1080
8114 1064 0 1672 1080
8115 1062 0 1670 1080
8116 1071 0 1679 1080
8117 1090 0 1698 1080
8118 1115 0 1723 1080
8119 1154 0 1762 1080
8120 1185 0 1793 1080
8121 1204 0 1812 1080
8122 1217 0 1825 1080
8123 1216 0 1824 1080
8124 1204 0 1812 1080
8125 1186 0 1794 1080
8126 1167 0 1775 1080
8127 1150 0 1758 1080
8128 1140 0 1748 1080
8129 1136 0 1744 1080
8130 1139 0 1747 1080
8131 1146 0 1754 1080
8132 1156 0 1764 1080
8133 1155 0 1763 1080
8134 1158 0 1766 1080
8135 1166 0 1774 1080
8136 1177 0 1785 1080
8137 1187 0 1795 1080
8138 1196 0 1804 1080
8139 1204 0 1812 1080
8140 1208 0 1816 1080
8141 1206 0 1814 1080
8142 1195 0 1803 1080
8143 1172 0 1780 1080
8144 1145 0 1753 1080
8145 1118 0 1726 1080
8146 1094 0 1702 1080
8147 1076 0 1684 1080
8148 1063 0 1671 1080
8149 1056 0 1664 1080
8150 1087 0 1695 1080
8151 1107 0 1715 1080
8152 1114 0 1722 1080
8153 1108 0 1716 1080
8154 1037 0 1645 1080
8155 957 0 1565 1080
8156 877 0 1485 1080
8157 797 0 1405 1080
8158 717 0 1325 1080
8159 639 0 1247 1080
8160 574 0 1182 1080
8161 526 0 1134 1080
8162 496 0 1104 1080
8163 482 0 1090 1080
8164 562 0 1170 1080
8165 612 0 1220 1080
8166 623 0 1231 1080
8167 596 0 1204 1080
8168 538 0 1146 1080
8169 461 0 1069 1080
8170 381 0 989 1080
8171 461 0 1069 1080
8172 495 0 1103 1080
8173 481 0 1089 1080
8174 425 0 1033 1080
8175 345 0 953 1080
8176 265 0 873 1080
8177 191 0 799 1080
8178 148 0 756 1080
8179 139 0 747 1080
8180 149 0 757 1080
8181 177 0 785 1080
8182 220 0 828 1080
8183 276 0 884 1080
8184 338 0 946 1080
8185 395 0 1003 1080
8186 468 0 1076 1080
8187 544 0 1152 1080
8188 609 0 1217 1080
8189 653 0 1261 1080
8190 673 0 1281 1080
8191 669 0 1277 1080
8192 652 0 1260 1080
8193 630 0 1238 1080
8194 610 0 1218 1080
8195 599 0 1207 1080
8196 582 0 1190 1080
8197 578 0 1186 1080
8198 599 0 1207 1080
8199 595 0 1203 1080
8200 610 0 1218 1080
8201 636 0 1244 1080
8202 665 0 1273 1080
8203 705 0 1313 1080
8204 748 0 1356 1080
8205 790 0 1398 1080
8206 825 0 1433 1080
8207 852 0 1460 1080
8208 870 0 1478 1080
8209 880 0 1488 1080
8210 883 0 1491 1080
8211 884 0 1492 1080
8212 884 0 1492 1080
8213 882 0 1490 1080
8214 962 0 1570 1080
8215 1014 0 1622 1080
8216 1036 0 1644 1080
8217 1034 0 1642 1080
8218 1014 0 1622 1080
8219 984 0 1592 1080
8220 958 0 1566 1080
8221 943 0 1551 1080
8222 938 0 1546 1080
8223 952 0 1560 1080
8224 977 0 1585 1080
8225 1013 0 1621 1080
8226 1051 0 1659 1080
8227 1104 0 1712 1080
8228 1149 0 1757 1080
8229 1200 0 1808 1080
8230 1249 0 1857 1080
8231 1293 0 1901 1080
8232 1312 0 1920 1080
8233 1312 0 1920 1080
8234 1312 0 1920 1080
8235 1312 0 1920 1080
8236 1312 0 1920 1080
8237 1312 0 1920 1080
8238 1312 0 1920 1080
8239 1312 0 1920 1080
8240 1312 0 1920 1080
8241 1312 0 1920 1080
8242 1312 0 1920 1080
8243 1312 0 1920 1080
8244 1312 0 1920 1080
8245 1312 0 1920 1080
8246 1312 0 1920 1080
8247 1312 0 1920 1080
8248 1309 0 1917 1080
8249 1229 0 1837 1080
8250 1158 0 1766 1080
8251 1115 0 1723 1080
8252 1101 0 1709 1080
8253 1115 0 1723 1080
8254 1144 0 1752 1080
8255 1224 0 1832 1080
8256 1304 0 1912 1080
8257 1312 0 1920 1080
8258 1312 0 1920 1080
8259 1312 0 1920 1080
8260 1312 0 1920 1080
8261 1312 0 1920 1080
8262 1312 0 1920 1080
8263 1312 0 1920 1080
8264 1312 0 1920 1080
8265 1312 0 1920 1080
8266 1312 0 1920 1080
8267 1312 0 1920 1080
8268 1312 0 1920 1080
8269 1312 0 1920 1080
8270 1312 0 1920 1080
8271 1312 0 1920 1080
8272 1312 0 1920 1080
8273 1312 0 1920 1080
8274 1312 0 1920 1080
8275 1312 0 1920 1080
8276 1312 0 1920 1080
8277 1312 0 1920 1080
8278 1312 0 1920 1080
8279 1312 0 1920 1080
8280 1312 0 1920 1080
8281 1312 0 1920 1080
8282 1312 0 1920 1080
8283 1312 0 1920 1080
8284 1312 0 1920 1080
8285 1312 0 1920 1080
8286 1312 0 1920 1080
8287 1291 0 1899 1080
8288 1212 0 1820 1080
8289 1149 0 1757 1080
8290 1112 0 1720 1080
8291 1103 0 1711 1080
8292 1120 0 1728 1080
8293 1156 0 1764 1080
8294 1201 0 1809 1080
8295 1243 0 1851 1080
8296 1275 0 1883 1080
8297 1293 0 1901 1080
8298 1298 0 1906 1080
8299 1291 0 1899 1080
8300 1276 0 1884 1080
8301 1258 0 1866 1080
8302 1241 0 1849 1080
8303 1227 0 1835 1080
8304 1218 0 1826 1080
8305 1216 0 1824 1080
8306 1219 0 1827 1080
8307 1226 0 1834 1080
8308 1234 0 1842 1080
8309 1242 0 1850 1080
8310 1248 0 1856 1080
8311 1251 0 1859 1080
8312 1250 0 1858 1080
8313 1247 0 1855 1080
8314 1241 0 1849 1080
8315 1234 0 1842 1080
8316 1225 0 1833 1080
8317 1218 0 1826 1080
8318 1213 0 1821 1080
8319 1211 0 1819 1080
8320 1268 0 1876 1080
8321 1312 0 1920 1080
8322 1312 0 1920 1080
8323 1312 0 1920 1080
8324 1312 0 1920 1080
8325 1312 0 1920 1080
8326 1312 0 1920 1080
8327 1312 0 1920 1080
8328 1312 0 1920 1080
8329 1312 0 1920 1080
8330 1312 0 1920 1080
8331 1312 0 1920 1080
8332 1312 0 1920 1080
8333 1312 0 1920 1080
8334 1312 0 1920 1080
8335 1312 0 1920 1080
8336 1312 0 1920 1080
8337 1312 0 1920 1080
8338 1312 0 1920 1080
8339 1312 0 1920 1080
8340 1312 0 1920 1080
8341 1312 0 1920 1080
8342 1312 0 1920 1080
8343 1312 0 1920 1080
8344 1312 0 1920 1080
8345 1312 0 1920 1080
8346 1312 0 1920 1080
8347 1312 0 1920 1080
8348 1312 0 1920 1080
8349 1312 0 1920 1080
8350 1312 0 1920 1080
8351 1312 0 1920 1080
8352 1312 0 1920 1080
8353 1312 0 1920 1080
8354 1312 0 1920 1080
8355 1312 0 1920 1080
8356 1312 0 1920 1080
8357 1312 0 1920 1080
8358 1312 0 1920 1080
8359 1312 0 1920 1080
8360 1312 0 1920 1080
8361 1312 0 1920 1080
8362 1312 0 1920 1080
8363 1312 0 1920 1080
8364 1312 0 1920 1080
8365 1312 0 1920 1080
8366 1312 0 1920 1080
8367 1312 0 1920 1080
8368 1312 0 1920 1080
8369 1312 0 1920 1080
8370 1312 0 1920 1080
8371 1312 0 1920 1080
8372 1312 0 1920 1080
8373 1312 0 1920 1080
8374 1312 0 1920 1080
8375 1312 0 1920 1080
8376 1312 0 1920 1080
8377 1312 0 1920 1080
8378 1312 0 1920 1080
8379 1312 0 1920 1080
8380 1312 0 1920 1080
8381 1312 0 1920 1080
8382 1312 0 1920 1080
8383 1312 0 1920 1080
8384 1312 0 1920 1080
8385 1312 0 1920 1080
8386 1312 0 1920 1080
8387 1312 0 1920 1080
8388 1312 0 1920 1080
8389 1312 0 1920 1080
8390 1312 0 1920 1080
8391 1312 0 1920 1080
8392 1312 0 1920 1080
8393 1312 0 1920 1080
8394 1312 0 1920 1080
8395 1312 0 1920 1080
8396 1312 0 1920 1080
8397 1312 0 1920 1080
8398 1312 0 1920 1080
8399 1312 0 1920 1080
8400 1312 0 1920 1080
8401 1312 0 1920 1080
8402 1312 0 1920 1080
8403 1312 0 1920 1080
8404 1312 0 1920 1080
8405 1312 0 1920 1080
8406 1312 0 1920 1080
8407 1312 0 1920 1080
8408 1312 0 1920 1080
8409 1312 0 1920 1080
8410 1312 0 1920 1080
8411 1312 0 1920 1080
8412 1312 0 1920 1080
8413 1312 0 1920 1080
8414 1312 0 1920 1080
8415 1312 0 1920 1080
8416 1312 0 1920 1080
8417 1312 0 1920 1080
8418 1312 0 1920 1080
8419 1312 0 1920 1080
8420 1312 0 1920 1080
8421 1312 0 1920 1080
8422 1312 0 1920 1080
8423 1312 0 1920 1080
8424 1312 0 1920 1080
8425 1312 0 1920 1080
8426 1312 0 1920 1080
8427 1312 0 1920 1080
8428 1312 0 1920 1080
8429 1312 0 1920 1080
8430 1312 0 1920 1080
8431 1312 0 1920 1080
8432 1312 0 1920 1080
8433 1312 0 1920 1080
8434 1312 0 1920 1080
8435 1312 0 1920 1080
8436 1312 0 1920 1080
8437 1312 0 1920 1080
8438 1312 0 1920 1080
8439 1312 0 1920 1080
8440 1312 0 1920 1080
8441 1312 0 1920 1080
8442 1312 0 1920 1080
8443 1312 0 1920 1080
8444 1296 0 1904 1080
8445 1216 0 1824 1080
8446 1136 0 1744 1080
8447 1056 0 1664 1080
8448 1050 0 1658 1080
8449 1130 0 1738 1080
8450 1210 0 1818 1080
8451 1290 0 1898 1080
8452 1312 0 1920 1080
8453 1312 0 1920 1080
8454 1312 0 1920 1080
8455 1312 0 1920 1080
8456 1312 0 1920 1080
8457 1312 0 1920 1080
8458 1312 0 1920 1080
8459 1312 0 1920 1080
8460 1312 0 1920 1080
8461 1312 0 1920 1080
8462 1312 0 1920 1080
8463 1312 0 1920 1080
8464 1312 0 1920 1080
8465 1312 0 1920 1080
8466 1312 0 1920 1080
8467 1312 0 1920 1080
8468 1312 0 1920 1080
8469 1312 0 1920 1080
8470 1312 0 1920 1080
8471 1312 0 1920 1080
8472 1312 0 1920 1080
8473 1312 0 1920 1080
8474 1312 0 1920 1080
8475 1312 0 1920 1080
8476 1312 0 1920 1080
8477 1312 0 1920 1080
8478 1312 0 1920 1080
8479 1312 0 1920 1080
8480 1312 0 1920 1080
8481 1312 0 1920 1080
8482 1312 0 1920 1080
8483 1312 0 1920 1080
8484 1312 0 1920 1080
8485 1312 0 1920 1080
8486 1312 0 1920 1080
8487 1312 0 1920 1080
8488 1312 0 1920 1080
8489 1312 0 1920 1080
8490 1312 0 1920 1080
8491 1312 0 1920 1080
8492 1312 0 1920 1080
8493 1312 0 1920 1080
8494 1312 0 1920 1080
8495 1312 0 1920 1080
8496 1312 0 1920 1080
8497 1312 0 1920 1080
8498 1312 0 1920 1080
8499 1312 0 1920 1080
8500 1312 0 1920 1080
8501 1312 0 1920 1080
8502 1312 0 1920 1080
8503 1312 0 1920 1080
8504 1312 0 1920 1080
8505 1312 0 1920 1080
8506 1312 0 1920 1080
8507 1312 0 1920 1080
8508 1312 0 1920 1080
8509 1312 0 1920 1080
8510 1312 0 1920 1080
8511 1312 0 1920 1080
8512 1312 0 1920 1080
8513 1312 0 1920 1080
8514 1312 0 1920 1080
8515 1312 0 1920 1080
8516 1312 0 1920 1080
8517 1312 0 1920 1080
8518 1312 0 1920 1080
8519 1312 0 1920 1080
8520 1312 0 1920 1080
8521 1312 0 1920 1080
8522 1312 0 1920 1080
8523 1312 0 1920 1080
8524 1312 0 1920 1080
8525 1312 0 1920 1080
8526 1312 0 1920 1080
8527 1312 0 1920 1080
8528 1312 0 1920 1080
8529 1312 0 1920 1080
8530 1312 0 1920 1080
8531 1312 0 1920 1080
8532 1312 0 1920 1080
8533 1312 0 1920 1080
8534 1312 0 1920 1080
8535 1312 0 1920 1080
8536 1312 0 1920 1080
8537 1308 0 1916 1080
8538 1295 0 1903 1080
8539 1284 0 1892 1080
8540 1280 0 1888 1080
8541 1281 0 1889 1080
8542 1288 0 1896 1080
8543 1298 0 1906 1080
8544 1307 0 1915 1080
8545 1312 0 1920 1080
8546 1312 0 1920 1080
8547 1312 0 1920 1080
8548 1312 0 1920 1080
8549 1312 0 1920 1080
8550 1312 0 1920 1080
8551 1312 0 1920 1080
8552 1312 0 1920 1080
8553 1312 0 1920 1080
8554 1312 0 1920 1080
8555 1312 0 1920 1080
8556 1312 0 1920 1080
8557 1312 0 1920 1080
8558 1312 0 1920 1080
8559 1312 0 1920 1080
8560 1312 0 1920 1080
8561 1312 0 1920 1080
8562 1312 0 1920 1080
8563 1312 0 1920 1080
8564 1312 0 1920 1080
8565 1312 0 1920 1080
8566 1312 0 1920 1080
8567 1312 0 1920 1080
8568 1312 0 1920 1080
8569 1312 0 1920 1080
8570 1312 0 1920 1080
8571 1312 0 1920 1080
8572 1312 0 1920 1080
8573 1312 0 1920 1080
8574 1312 0 1920 1080
8575 1312 0 1920 1080
8576 1312 0 1920 1080
8577 1312 0 1920 1080
8578 1312 0 1920 1080
8579 1312 0 1920 1080
8580 1312 0 1920 1080
8581 1312 0 1920 1080
8582 1312 0 1920 1080
8583 1312 0 1920 1080
8584 1312 0 1920 1080
8585 1312 0 1920 1080
8586 1312 0 1920 1080
8587 1312 0 1920 1080
8588 1312 0 1920 1080
8589 1312 0 1920 1080
8590 1312 0 1920 1080
8591 1312 0 1920 1080
8592 1312 0 1920 1080
8593 1312 0 1920 1080
8594 1312 0 1920 1080
8595 1306 0 1914 1080
8596 1296 0 1904 1080
8597 1287 0 1895 1080
8598 1279 0 1887 1080
8599 1271 0 1879 1080
8600 1261 0 1869 1080
8601 1250 0 1858 1080
8602 1235 0 1843 1080
8603 1217 0 1825 1080
8604 1199 0 1807 1080
8605 1184 0 1792 1080
8606 1173 0 1781 1080
8607 1102 0 1710 1080
8608 1022 0 1630 1080
8609 942 0 1550 1080
8610 862 0 1470 1080
8611 799 0 1407 1080
8612 756 0 1364 1080
8613 737 0 1345 1080
8614 740 0 1348 1080
8615 720 0 1328 1080
8616 684 0 1292 1080
8617 643 0 1251 1080
8618 606 0 1214 1080
8619 584 0 1192 1080
8620 578 0 1186 1080
8621 590 0 1198 1080
8622 615 0 1223 1080
8623 648 0 1256 1080
8624 682 0 1290 1080
8625 713 0 1321 1080
8626 736 0 1344 1080
8627 750 0 1358 1080
8628 756 0 1364 1080
8629 755 0 1363 1080
8630 752 0 1360 1080
8631 747 0 1355 1080
8632 746 0 1354 1080
8633 750 0 1358 1080
8634 759 0 1367 1080
8635 773 0 1381 1080
8636 790 0 1398 1080
8637 806 0 1414 1080
8638 821 0 1429 1080
8639 831 0 1439 1080
8640 836 0 1444 1080
8641 837 0 1445 1080
8642 835 0 1443 1080
8643 831 0 1439 1080
8644 814 0 1422 1080
8645 734 0 1342 1080
8646 676 0 1284 1080
8647 648 0 1256 1080
8648 650 0 1258 1080
8649 675 0 1283 1080
8650 716 0 1324 1080
8651 760 0 1368 1080
8652 694 0 1302 1080
8653 659 0 1267 1080
8654 655 0 1263 1080
8655 679 0 1287 1080
8656 720 0 1328 1080
8657 767 0 1375 1080
8658 810 0 1418 1080
8659 735 0 1343 1080
8660 655 0 1263 1080
8661 575 0 1183 1080
8662 495 0 1103 1080
8663 415 0 1023 1080
8664 335 0 943 1080
8665 258 0 866 1080
8666 200 0 808 1080
8667 168 0 776 1080
8668 164 0 772 1080
8669 182 0 790 1080
8670 262 0 870 1080
8671 329 0 937 1080
8672 370 0 978 1080
8673 384 0 992 1080
8674 372 0 980 1080
8675 343 0 951 1080
8676 273 0 881 1080
8677 193 0 801 1080
8678 113 0 721 1080
8679 33 0 641 1080
8680 0 0 608 1080
8681 0 0 608 1080
8682 0 0 608 1080
8683 0 0 608 1080
8684 0 0 608 1080
8685 0 0 608 1080
8686 0 0 608 1080
8687 0 0 608 1080
8688 0 0 608 1080
8689 57 0 665 1080
8690 137 0 745 1080
8691 217 0 825 1080
8692 297 0 905 1080
8693 377 0 985 1080
8694 457 0 1065 1080
8695 537 0 1145 1080
8696 617 0 1225 1080
8697 686 0 1294 1080
8698 727 0 1335 1080
8699 732 0 1340 1080
8700 706 0 1314 1080
8701 654 0 1262 1080
8702 590 0 1198 1080
8703 529 0 1137 1080
8704 475 0 1083 1080
8705 435 0 1043 1080
8706 414 0 1022 1080
8707 408 0 1016 1080
8708 415 0 1023 1080
8709 429 0 1037 1080
8710 446 0 1054 1080
8711 462 0 1070 1080
8712 472 0 1080 1080
8713 475 0 1083 1080
8714 470 0 1078 1080
8715 457 0 1065 1080
8716 438 0 1046 1080
8717 416 0 1024 1080
8718 395 0 1003 1080
8719 377 0 985 1080
8720 365 0 973 1080
8721 362 0 970 1080
8722 364 0 972 1080
8723 372 0 980 1080
8724 381 0 989 1080
8725 388 0 996 1080
8726 387 0 995 1080
8727 377 0 985 1080
8728 354 0 962 1080
8729 322 0 930 1080
8730 286 0 894 1080
8731 242 0 850 1080
8732 191 0 799 1080
8733 160 0 768 1080
8734 151 0 759 1080
8735 160 0 768 1080
8736 180 0 788 1080
8737 202 0 810 1080
8738 210 0 818 1080
8739 204 0 812 1080
8740 188 0 796 1080
8741 168 0 776 1080
8742 147 0 755 1080
8743 129 0 737 1080
8744 115 0 723 1080
8745 105 0 713 1080
8746 99 0 707 1080
8747 96 0 704 1080
8748 93 0 701 1080
8749 92 0 700 1080
8750 90 0 698 1080
8751 85 0 693 1080
8752 80 0 688 1080
8753 76 0 684 1080
8754 72 0 680 1080
8755 68 0 676 1080
8756 64 0 672 1080
8757 85 0 693 1080
8758 122 0 730 1080
8759 165 0 773 1080
8760 205 0 813 1080
8761 241 0 849 1080
8762 266 0 874 1080
8763 277 0 885 1080
8764 275 0 883 1080
8765 258 0 866 1080
8766 232 0 840 1080
8767 205 0 813 1080
8768 180 0 788 1080
8769 161 0 769 1080
8770 164 0 772 1080
8771 184 0 792 1080
8772 214 0 822 1080
8773 247 0 855 1080
8774 275 0 883 1080
8775 294 0 902 1080
8776 303 0 911 1080
8777 303 0 911 1080
8778 297 0 905 1080
8779 288 0 896 1080
8780 280 0 888 1080
8781 274 0 882 1080
8782 273 0 881 1080
8783 275 0 883 1080
8784 281 0 889 1080
8785 271 0 879 1080
8786 265 0 873 1080
8787 205 0 813 1080
8788 159 0 767 1080
8789 135 0 743 1080
8790 149 0 757 1080
8791 192 0 800 1080
8792 254 0 862 1080
8793 321 0 929 1080
8794 381 0 989 1080
8795 428 0 1036 1080
8796 457 0 1065 1080
8797 471 0 1079 1080
8798 475 0 1083 1080
8799 473 0 1081 1080
8800 481 0 1089 1080
8801 561 0 1169 1080
8802 641 0 1249 1080
8803 721 0 1329 1080
8804 801 0 1409 1080
8805 881 0 1489 1080
8806 961 0 1569 1080
8807 1041 0 1649 1080
8808 1121 0 1729 1080
8809 1201 0 1809 1080
8810 1281 0 1889 1080
8811 1312 0 1920 1080
8812 1312 0 1920 1080
8813 1312 0 1920 1080
8814 1281 0 1889 1080
8815 1201 0 1809 1080
8816 1121 0 1729 1080
8817 1041 0 1649 1080
8818 961 0 1569 1080
8819 881 0 1489 1080
8820 872 0 1480 1080
8821 792 0 1400 1080
8822 712 0 1320 1080
8823 632 0 1240 1080
8824 552 0 1160 1080
8825 472 0 1080 1080
8826 392 0 1000 1080
8827 312 0 920 1080
8828 246 0 854 1080
8829 177 0 785 1080
8830 122 0 730 1080
8831 90 0 698 1080
8832 170 0 778 1080
8833 236 0 844 1080
8834 283 0 891 1080
8835 308 0 916 1080
8836 310 0 918 1080
8837 295 0 903 1080
8838 269 0 877 1080
8839 239 0 847 1080
8840 211 0 819 1080
8841 192 0 800 1080
8842 136 0 744 1080
8843 62 0 670 1080
8844 0 0 608 1080
8845 0 0 608 1080
8846 0 0 608 1080
8847 0 0 608 1080
8848 0 0 608 1080
8849 0 0 608 1080
8850 66 0 674 1080
8851 146 0 754 1080
8852 226 0 834 1080
8853 306 0 914 1080
8854 386 0 994 1080
8855 466 0 1074 1080
8856 544 0 1152 1080
8857 613 0 1221 1080
8858 660 0 1268 1080
8859 662 0 1270 1080
8860 644 0 1252 1080
8861 611 0 1219 1080
8862 575 0 1183 1080
8863 495 0 1103 1080
8864 415 0 1023 1080
8865 335 0 943 1080
8866 255 0 863 1080
8867 175 0 783 1080
8868 255 0 863 1080
8869 263 0 871 1080
8870 210 0 818 1080
8871 130 0 738 1080
8872 50 0 658 1080
8873 0 0 608 1080
8874 0 0 608 1080
8875 0 0 608 1080
8876 43 0 651 1080
8877 73 0 681 1080
8878 73 0 681 1080
8879 48 0 656 1080
8880 9 0 617 1080
8881 0 0 608 1080
8882 46 0 654 1080
8883 89 0 697 1080
8884 95 0 703 1080
8885 68 0 676 1080
8886 21 0 629 1080
8887 0 0 608 1080
8888 0 0 608 1080
8889 0 0 608 1080
8890 47 0 655 1080
8891 64 0 672 1080
8892 50 0 658 1080
8893 13 0 621 1080
8894 0 0 608 1080
8895 0 0 608 1080
8896 0 0 608 1080
8897 46 0 654 1080
8898 58 0 666 1080
8899 38 0 646 1080
8900 0 0 608 1080
8901 0 0 608 1080
8902 0 0 608 1080
8903 0 0 608 1080
8904 26 0 634 1080
8905 40 0 648 1080
8906 34 0 642 1080
8907 14 0 622 1080
8908 0 0 608 1080
8909 0 0 608 1080
8910 0 0 608 1080
8911 0 0 608 1080
8912 0 0 608 1080
8913 0 0 608 1080
8914 0 0 608 1080
8915 0 0 608 1080
8916 0 0 608 1080
8917 0 0 608 1080
8918 0 0 608 1080
8919 0 0 608 1080
8920 0 0 608 1080
8921 0 0 608 1080
8922 0 0 608 1080
8923 0 0 608 1080
8924 0 0 608 1080
8925 0 0 608 1080
8926 0 0 608 1080
8927 0 0 608 1080
8928 11 0 619 1080
8929 24 0 632 1080
8930 32 0 640 1080
8931 34 0 642 1080
8932 32 0 640 1080
8933 28 0 636 1080
8934 22 0 630 1080
8935 17 0 625 1080
8936 16 0 624 1080
8937 22 0 630 1080
8938 33 0 641 1080
8939 45 0 653 1080
8940 55 0 663 1080
8941 59 0 667 1080
8942 56 0 664 1080
8943 51 0 659 1080
8944 44 0 652 1080
8945 36 0 644 1080
8946 31 0 639 1080
8947 31 0 639 1080
8948 34 0 642 1080
8949 39 0 647 1080
8950 42 0 650 1080
8951 44 0 652 1080
8952 43 0 651 1080
8953 42 0 650 1080
8954 38 0 646 1080
8955 36 0 644 1080
8956 36 0 644 1080
8957 42 0 650 1080
8958 51 0 659 1080
8959 61 0 669 1080
8960 69 0 677 1080
8961 74 0 682 1080
8962 75 0 683 1080
8963 72 0 680 1080
8964 70 0 678 1080
8965 70 0 678 1080
8966 72 0 680 1080
8967 73 0 681 1080
8968 72 0 680 1080
8969 70 0 678 1080
8970 66 0 674 1080
8971 63 0 671 1080
8972 61 0 669 1080
8973 61 0 669 1080
8974 62 0 670 1080
8975 63 0 671 1080
8976 65 0 673 1080
8977 71 0 679 1080
8978 80 0 688 1080
8979 92 0 700 1080
8980 104 0 712 1080
8981 116 0 724 1080
8982 125 0 733 1080
8983 132 0 740 1080
8984 134 0 742 1080
8985 132 0 740 1080
8986 125 0 733 1080
8987 116 0 724 1080
8988 106 0 714 1080
8989 96 0 704 1080
8990 91 0 699 1080
8991 91 0 699 1080
8992 99 0 707 1080
8993 111 0 719 1080
8994 124 0 732 1080
8995 137 0 745 1080
8996 146 0 754 1080
8997 151 0 759 1080
8998 152 0 760 1080
8999 152 0 760 1080
9000 150 0 758 1080
9001 149 0 757 1080
9002 148 0 756 1080
9003 147 0 755 1080
9004 147 0 755 1080
9005 148 0 756 1080
9006 148 0 756 1080
9007 153 0 761 1080
9008 157 0 765 1080
9009 161 0 769 1080
9010 165 0 773 1080
9011 169 0 777 1080
9012 172 0 780 1080
9013 175 0 783 1080
9014 182 0 790 1080
9015 189 0 797 1080
9016 195 0 803 1080
9017 200 0 808 1080
9018 203 0 811 1080
9019 204 0 812 1080
9020 202 0 810 1080
9021 203 0 811 1080
9022 201 0 809 1080
9023 197 0 805 1080
9024 192 0 800 1080
9025 188 0 796 1080
9026 184 0 792 1080
9027 181 0 789 1080
9028 184 0 792 1080
9029 192 0 800 1080
9030 201 0 809 1080
9031 211 0 819 1080
9032 216 0 824 1080
9033 245 0 853 1080
9034 286 0 894 1080
9035 326 0 934 1080
9036 360 0 968 1080
9037 380 0 988 1080
9038 384 0 992 1080
9039 375 0 983 1080
9040 357 0 965 1080
9041 308 0 916 1080
9042 247 0 855 1080
9043 192 0 800 1080
9044 154 0 762 1080
9045 139 0 747 1080
9046 151 0 759 1080
9047 185 0 793 1080
9048 233 0 841 1080
9049 284 0 892 1080
9050 331 0 939 1080
9051 368 0 976 1080
9052 393 0 1001 1080
9053 405 0 1013 1080
9054 408 0 1016 1080
9055 452 0 1060 1080
9056 525 0 1133 1080
9057 605 0 1213 1080
9058 685 0 1293 1080
9059 758 0 1366 1080
9060 818 0 1426 1080
9061 859 0 1467 1080
9062 884 0 1492 1080
9063 896 0 1504 1080
9064 901 0 1509 1080
9065 906 0 1514 1080
9066 915 0 1523 1080
9067 931 0 1539 1080
9068 955 0 1563 1080
9069 987 0 1595 1080
9070 1024 0 1632 1080
9071 1063 0 1671 1080
9072 1102 0 1710 1080
9073 1137 0 1745 1080
9074 1169 0 1777 1080
9075 1197 0 1805 1080
9076 1222 0 1830 1080
9077 1245 0 1853 1080
9078 1247 0 1855 1080
9079 1229 0 1837 1080
9080 1200 0 1808 1080
9081 1166 0 1774 1080
9082 1134 0 1742 1080
9083 1111 0 1719 1080
9084 1098 0 1706 1080
9085 1086 0 1694 1080
9086 1078 0 1686 1080
9087 1074 0 1682 1080
9088 1071 0 1679 1080
9089 1069 0 1677 1080
9090 1068 0 1676 1080
9091 1068 0 1676 1080
9092 1069 0 1677 1080
9093 1070 0 1678 1080
9094 1071 0 1679 1080
9095 1071 0 1679 1080
9096 1071 0 1679 1080
9097 1070 0 1678 1080
9098 1067 0 1675 1080
9099 1063 0 1671 1080
9100 1059 0 1667 1080
9101 1060 0 1668 1080
9102 1067 0 1675 1080
9103 1074 0 1682 1080
9104 1080 0 1688 1080
9105 1082 0 1690 1080
9106 1081 0 1689 1080
9107 1115 0 1723 1080
9108 1131 0 1739 1080
9109 1129 0 1737 1080
9110 1152 0 1760 1080
9111 1190 0 1798 1080
9112 1232 0 1840 1080
9113 1270 0 1878 1080
9114 1297 0 1905 1080
9115 1310 0 1918 1080
9116 1274 0 1882 1080
9117 1205 0 1813 1080
9118 1156 0 1764 1080
9119 1134 0 1742 1080
9120 1138 0 1746 1080
9121 1163 0 1771 1080
9122 1199 0 1807 1080
9123 1237 0 1845 1080
9124 1269 0 1877 1080
9125 1289 0 1897 1080
9126 1294 0 1902 1080
9127 1286 0 1894 1080
9128 1269 0 1877 1080
9129 1264 0 1872 1080
9130 1270 0 1878 1080
9131 1293 0 1901 1080
9132 1312 0 1920 1080
9133 1312 0 1920 1080
9134 1312 0 1920 1080
9135 1312 0 1920 1080
9136 1312 0 1920 1080
9137 1312 0 1920 1080
9138 1312 0 1920 1080
9139 1287 0 1895 1080
9140 1253 0 1861 1080
9141 1239 0 1847 1080
9142 1236 0 1844 1080
9143 1255 0 1863 1080
9144 1289 0 1897 1080
9145 1312 0 1920 1080
9146 1312 0 1920 1080
9147 1312 0 1920 1080
9148 1312 0 1920 1080
9149 1294 0 1902 1080
9150 1299 0 1907 1080
9151 1312 0 1920 1080
9152 1312 0 1920 1080
9153 1312 0 1920 1080
9154 1312 0 1920 1080
9155 1312 0 1920 1080
9156 1312 0 1920 1080
9157 1312 0 1920 1080
9158 1312 0 1920 1080
9159 1312 0 1920 1080
9160 1287 0 1895 1080
9161 1272 0 1880 1080
9162 1276 0 1884 1080
9163 1293 0 1901 1080
9164 1312 0 1920 1080
9165 1312 0 1920 1080
9166 1312 0 1920 1080
9167 1312 0 1920 1080
9168 1312 0 1920 1080
9169 1312 0 1920 1080
9170 1312 0 1920 1080
9171 1312 0 1920 1080
9172 1312 0 1920 1080
9173 1312 0 1920 1080
9174 1308 0 1916 1080
9175 1278 0 1886 1080
9176 1239 0 1847 1080
9177 1202 0 1810 1080
9178 1202 0 1810 1080
9179 1203 0 1811 1080
9180 1232 0 1840 1080
9181 1262 0 1870 1080
9182 1303 0 1911 1080
9183 1312 0 1920 1080
9184 1312 0 1920 1080
9185 1312 0 1920 1080
9186 1312 0 1920 1080
9187 1291 0 1899 1080
9188 1211 0 1819 1080
9189 1174 0 1782 1080
9190 1186 0 1794 1080
9191 1237 0 1845 1080
9192 1224 0 1832 1080
9193 1253 0 1861 1080
9194 1221 0 1829 1080
9195 1147 0 1755 1080
9196 1067 0 1675 1080
9197 987 0 1595 1080
9198 907 0 1515 1080
9199 827 0 1435 1080
9200 757 0 1365 1080
9201 714 0 1322 1080
9202 702 0 1310 1080
9203 717 0 1325 1080
9204 755 0 1363 1080
9205 802 0 1410 1080
9206 848 0 1456 1080
9207 885 0 1493 1080
9208 910 0 1518 1080
9209 921 0 1529 1080
9210 919 0 1527 1080
9211 906 0 1514 1080
9212 888 0 1496 1080
9213 870 0 1478 1080
9214 852 0 1460 1080
9215 838 0 1446 1080
9216 827 0 1435 1080
9217 821 0 1429 1080
9218 823 0 1431 1080
9219 831 0 1439 1080
9220 841 0 1449 1080
9221 850 0 1458 1080
9222 858 0 1466 1080
9223 861 0 1469 1080
9224 857 0 1465 1080
9225 846 0 1454 1080
9226 828 0 1436 1080
9227 809 0 1417 1080
9228 793 0 1401 1080
9229 784 0 1392 1080
9230 783 0 1391 1080
9231 789 0 1397 1080
9232 799 0 1407 1080
9233 808 0 1416 1080
9234 813 0 1421 1080
9235 812 0 1420 1080
9236 806 0 1414 1080
9237 795 0 1403 1080
9238 785 0 1393 1080
9239 777 0 1385 1080
9240 772 0 1380 1080
9241 774 0 1382 1080
9242 779 0 1387 1080
9243 785 0 1393 1080
9244 788 0 1396 1080
9245 787 0 1395 1080
9246 781 0 1389 1080
9247 771 0 1379 1080
9248 761 0 1369 1080
9249 753 0 1361 1080
9250 750 0 1358 1080
9251 752 0 1360 1080
9252 757 0 1365 1080
9253 764 0 1372 1080
9254 770 0 1378 1080
9255 774 0 1382 1080
9256 773 0 1381 1080
9257 768 0 1376 1080
9258 759 0 1367 1080
9259 749 0 1357 1080
9260 740 0 1348 1080
9261 733 0 1341 1080
9262 730 0 1338 1080
9263 730 0 1338 1080
9264 732 0 1340 1080
9265 738 0 1346 1080
9266 744 0 1352 1080
9267 751 0 1359 1080
9268 756 0 1364 1080
9269 760 0 1368 1080
9270 764 0 1372 1080
9271 766 0 1374 1080
9272 768 0 1376 1080
9273 769 0 1377 1080
9274 766 0 1374 1080
9275 760 0 1368 1080
9276 753 0 1361 1080
9277 747 0 1355 1080
9278 743 0 1351 1080
9279 742 0 1350 1080
9280 743 0 1351 1080
9281 746 0 1354 1080
9282 750 0 1358 1080
9283 752 0 1360 1080
9284 753 0 1361 1080
9285 753 0 1361 1080
9286 753 0 1361 1080
9287 750 0 1358 1080
9288 744 0 1352 1080
9289 734 0 1342 1080
9290 720 0 1328 1080
9291 707 0 1315 1080
9292 696 0 1304 1080
9293 690 0 1298 1080
9294 688 0 1296 1080
9295 689 0 1297 1080
9296 694 0 1302 1080
9297 701 0 1309 1080
9298 708 0 1316 1080
9299 713 0 1321 1080
9300 715 0 1323 1080
9301 715 0 1323 1080
9302 714 0 1322 1080
9303 714 0 1322 1080
9304 714 0 1322 1080
9305 715 0 1323 1080
9306 720 0 1328 1080
9307 727 0 1335 1080
9308 736 0 1344 1080
9309 745 0 1353 1080
9310 753 0 1361 1080
9311 759 0 1367 1080
9312 762 0 1370 1080
9313 762 0 1370 1080
9314 761 0 1369 1080
9315 759 0 1367 1080
9316 759 0 1367 1080
9317 764 0 1372 1080
9318 777 0 1385 1080
9319 819 0 1427 1080
9320 876 0 1484 1080
9321 934 0 1542 1080
9322 983 0 1591 1080
9323 1017 0 1625 1080
9324 1037 0 1645 1080
9325 1082 0 1690 1080
9326 1141 0 1749 1080
9327 1204 0 1812 1080
9328 1259 0 1867 1080
9329 1299 0 1907 1080
9330 1312 0 1920 1080
9331 1312 0 1920 1080
9332 1306 0 1914 1080
9333 1283 0 1891 1080
9334 1258 0 1866 1080
9335 1237 0 1845 1080
9336 1223 0 1831 1080
9337 1218 0 1826 1080
9338 1222 0 1830 1080
9339 1232 0 1840 1080
9340 1245 0 1853 1080
9341 1258 0 1866 1080
9342 1269 0 1877 1080
9343 1277 0 1885 1080
9344 1280 0 1888 1080
9345 1280 0 1888 1080
9346 1277 0 1885 1080
9347 1273 0 1881 1080
9348 1270 0 1878 1080
9349 1267 0 1875 1080
9350 1265 0 1873 1080
9351 1264 0 1872 1080
9352 1265 0 1873 1080
9353 1267 0 1875 1080
9354 1270 0 1878 1080
9355 1272 0 1880 1080
9356 1274 0 1882 1080
9357 1275 0 1883 1080
9358 1276 0 1884 1080
9359 1277 0 1885 1080
9360 1276 0 1884 1080
9361 1275 0 1883 1080
9362 1273 0 1881 1080
9363 1272 0 1880 1080
9364 1272 0 1880 1080
9365 1272 0 1880 1080
9366 1273 0 1881 1080
9367 1274 0 1882 1080
9368 1275 0 1883 1080
9369 1277 0 1885 1080
9370 1278 0 1886 1080
9371 1279 0 1887 1080
9372 1279 0 1887 1080
9373 1280 0 1888 1080
9374 1280 0 1888 1080
9375 1277 0 1885 1080
9376 1273 0 1881 1080
9377 1269 0 1877 1080
9378 1263 0 1871 1080
9379 1256 0 1864 1080
9380 1251 0 1859 1080
9381 1246 0 1854 1080
9382 1242 0 1850 1080
9383 1240 0 1848 1080
9384 1238 0 1846 1080
9385 1237 0 1845 1080
9386 1237 0 1845 1080
9387 1235 0 1843 1080
9388 1233 0 1841 1080
9389 1230 0 1838 1080
9390 1226 0 1834 1080
9391 1221 0 1829 1080
9392 1215 0 1823 1080
9393 1208 0 1816 1080
9394 1201 0 1809 1080
9395 1194 0 1802 1080
9396 1189 0 1797 1080
9397 1186 0 1794 1080
9398 1183 0 1791 1080
9399 1183 0 1791 1080
9400 1184 0 1792 1080
9401 1186 0 1794 1080
9402 1189 0 1797 1080
9403 1191 0 1799 1080
9404 1192 0 1800 1080
9405 1186 0 1794 1080
9406 1181 0 1789 1080
9407 1178 0 1786 1080
9408 1177 0 1785 1080
9409 1178 0 1786 1080
9410 1196 0 1804 1080
9411 1222 0 1830 1080
9412 1202 0 1810 1080
9413 1198 0 1806 1080
9414 1209 0 1817 1080
9415 1229 0 1837 1080
9416 1253 0 1861 1080
9417 1276 0 1884 1080
9418 1293 0 1901 1080
9419 1213 0 1821 1080
9420 1161 0 1769 1080
9421 1143 0 1751 1080
9422 1155 0 1763 1080
9423 1190 0 1798 1080
9424 1236 0 1844 1080
9425 1281 0 1889 1080
9426 1201 0 1809 1080
9427 1154 0 1762 1080
9428 1143 0 1751 1080
9429 1163 0 1771 1080
9430 1204 0 1812 1080
9431 1254 0 1862 1080
9432 1302 0 1910 1080
9433 1222 0 1830 1080
9434 1173 0 1781 1080
9435 1158 0 1766 1080
9436 1174 0 1782 1080
9437 1212 0 1820 1080
9438 1261 0 1869 1080
9439 1308 0 1916 1080
9440 1228 0 1836 1080
9441 1179 0 1787 1080
9442 1166 0 1774 1080
9443 1184 0 1792 1080
9444 1224 0 1832 1080
9445 1273 0 1881 1080
9446 1312 0 1920 1080
9447 1240 0 1848 1080
9448 1191 0 1799 1080
9449 1177 0 1785 1080
9450 1195 0 1803 1080
9451 1169 0 1777 1080
9452 1114 0 1722 1080
9453 1049 0 1657 1080
9454 989 0 1597 1080
9455 947 0 1555 1080
9456 928 0 1536 1080
9457 933 0 1541 1080
9458 957 0 1565 1080
9459 992 0 1600 1080
9460 1033 0 1641 1080
9461 1069 0 1677 1080
9462 1095 0 1703 1080
9463 1107 0 1715 1080
9464 1105 0 1713 1080
9465 1094 0 1702 1080
9466 1079 0 1687 1080
9467 1064 0 1672 1080
9468 1051 0 1659 1080
9469 1045 0 1653 1080
9470 1045 0 1653 1080
9471 1052 0 1660 1080
9472 1064 0 1672 1080
9473 1078 0 1686 1080
9474 1092 0 1700 1080
9475 1103 0 1711 1080
9476 1108 0 1716 1080
9477 1108 0 1716 1080
9478 1102 0 1710 1080
9479 1095 0 1703 1080
9480 1087 0 1695 1080
9481 1081 0 1689 1080
9482 1076 0 1684 1080
9483 1074 0 1682 1080
9484 1074 0 1682 1080
9485 1075 0 1683 1080
9486 1076 0 1684 1080
9487 1072 0 1680 1080
9488 1064 0 1672 1080
9489 1041 0 1649 1080
9490 1019 0 1627 1080
9491 998 0 1606 1080
9492 963 0 1571 1080
9493 920 0 1528 1080
9494 873 0 1481 1080
9495 828 0 1436 1080
9496 789 0 1397 1080
9497 757 0 1365 1080
9498 733 0 1341 1080
9499 715 0 1323 1080
9500 701 0 1309 1080
9501 687 0 1295 1080
9502 672 0 1280 1080
9503 653 0 1261 1080
9504 630 0 1238 1080
9505 605 0 1213 1080
9506 576 0 1184 1080
9507 546 0 1154 1080
9508 516 0 1124 1080
9509 488 0 1096 1080
9510 460 0 1068 1080
9511 435 0 1043 1080
9512 410 0 1018 1080
9513 387 0 995 1080
9514 364 0 972 1080
9515 341 0 949 1080
9516 318 0 926 1080
9517 294 0 902 1080
9518 269 0 877 1080
9519 210 0 818 1080
9520 134 0 742 1080
9521 59 0 667 1080
9522 37 0 645 1080
9523 65 0 673 1080
9524 130 0 738 1080
9525 210 0 818 1080
9526 290 0 898 1080
9527 361 0 969 1080
9528 414 0 1022 1080
9529 387 0 995 1080
9530 364 0 972 1080
9531 350 0 958 1080
9532 350 0 958 1080
9533 364 0 972 1080
9534 389 0 997 1080
9535 422 0 1030 1080
9536 457 0 1065 1080
9537 498 0 1106 1080
9538 538 0 1146 1080
9539 570 0 1178 1080
9540 591 0 1199 1080
9541 593 0 1201 1080
9542 588 0 1196 1080
9543 577 0 1185 1080
9544 564 0 1172 1080
9545 555 0 1163 1080
9546 551 0 1159 1080
9547 553 0 1161 1080
9548 559 0 1167 1080
9549 569 0 1177 1080
9550 579 0 1187 1080
9551 588 0 1196 1080
9552 595 0 1203 1080
9553 597 0 1205 1080
9554 597 0 1205 1080
9555 592 0 1200 1080
9556 583 0 1191 1080
9557 576 0 1184 1080
9558 574 0 1182 1080
9559 574 0 1182 1080
9560 574 0 1182 1080
9561 567 0 1175 1080
9562 549 0 1157 1080
9563 533 0 1141 1080
9564 521 0 1129 1080
9565 515 0 1123 1080
9566 516 0 1124 1080
9567 509 0 1117 1080
9568 498 0 1106 1080
9569 487 0 1095 1080
9570 480 0 1088 1080
9571 478 0 1086 1080
9572 481 0 1089 1080
9573 492 0 1100 1080
9574 509 0 1117 1080
9575 530 0 1138 1080
9576 553 0 1161 1080
9577 574 0 1182 1080
9578 589 0 1197 1080
9579 597 0 1205 1080
9580 597 0 1205 1080
9581 592 0 1200 1080
9582 586 0 1194 1080
9583 581 0 1189 1080
9584 555 0 1163 1080
9585 517 0 1125 1080
9586 479 0 1087 1080
9587 449 0 1057 1080
9588 429 0 1037 1080
9589 451 0 1059 1080
9590 500 0 1108 1080
9591 561 0 1169 1080
9592 596 0 1204 1080
9593 606 0 1214 1080
9594 592 0 1200 1080
9595 559 0 1167 1080
9596 517 0 1125 1080
9597 491 0 1099 1080
9598 490 0 1098 1080
9599 566 0 1174 1080
9600 646 0 1254 1080
9601 726 0 1334 1080
9602 806 0 1414 1080
9603 880 0 1488 1080
9604 931 0 1539 1080
9605 951 0 1559 1080
9606 947 0 1555 1080
9607 916 0 1524 1080
9608 866 0 1474 1080
9609 807 0 1415 1080
9610 750 0 1358 1080
9611 703 0 1311 1080
9612 673 0 1281 1080
9613 664 0 1272 1080
9614 673 0 1281 1080
9615 696 0 1304 1080
9616 720 0 1328 1080
9617 737 0 1345 1080
9618 747 0 1355 1080
9619 748 0 1356 1080
9620 742 0 1350 1080
9621 732 0 1340 1080
9622 735 0 1343 1080
9623 746 0 1354 1080
9624 761 0 1369 1080
9625 774 0 1382 1080
9626 783 0 1391 1080
9627 787 0 1395 1080
9628 785 0 1393 1080
9629 778 0 1386 1080
9630 767 0 1375 1080
9631 755 0 1363 1080
9632 742 0 1350 1080
9633 730 0 1338 1080
9634 720 0 1328 1080
9635 715 0 1323 1080
9636 710 0 1318 1080
9637 705 0 1313 1080
9638 700 0 1308 1080
9639 695 0 1303 1080
9640 690 0 1298 1080
9641 685 0 1293 1080
9642 681 0 1289 1080
9643 677 0 1285 1080
9644 675 0 1283 1080
9645 670 0 1278 1080
9646 665 0 1273 1080
9647 641 0 1249 1080
9648 608 0 1216 1080
9649 576 0 1184 1080
9650 551 0 1159 1080
9651 538 0 1146 1080
9652 543 0 1151 1080
9653 561 0 1169 1080
9654 563 0 1171 1080
9655 554 0 1162 1080
9656 545 0 1153 1080
9657 542 0 1150 1080
9658 543 0 1151 1080
9659 538 0 1146 1080
9660 522 0 1130 1080
9661 505 0 1113 1080
9662 495 0 1103 1080
9663 497 0 1105 1080
9664 510 0 1118 1080
9665 551 0 1159 1080
9666 588 0 1196 1080
9667 633 0 1241 1080
9668 676 0 1284 1080
9669 709 0 1317 1080
9670 727 0 1335 1080
9671 727 0 1335 1080
9672 725 0 1333 1080
9673 706 0 1314 1080
9674 691 0 1299 1080
9675 684 0 1292 1080
9676 684 0 1292 1080
9677 690 0 1298 1080
9678 692 0 1300 1080
9679 686 0 1294 1080
9680 766 0 1374 1080
9681 808 0 1416 1080
9682 812 0 1420 1080
9683 784 0 1392 1080
9684 749 0 1357 1080
9685 705 0 1313 1080
9686 663 0 1271 1080
9687 633 0 1241 1080
9688 619 0 1227 1080
9689 625 0 1233 1080
9690 646 0 1254 1080
9691 676 0 1284 1080
9692 710 0 1318 1080
9693 742 0 1350 1080
9694 767 0 1375 1080
9695 784 0 1392 1080
9696 791 0 1399 1080
9697 791 0 1399 1080
9698 786 0 1394 1080
9699 813 0 1421 1080
9700 865 0 1473 1080
9701 929 0 1537 1080
9702 995 0 1603 1080
9703 1052 0 1660 1080
9704 1095 0 1703 1080
9705 1122 0 1730 1080
9706 1133 0 1741 1080
9707 1132 0 1740 1080
9708 1124 0 1732 1080
9709 1113 0 1721 1080
9710 1099 0 1707 1080
9711 1086 0 1694 1080
9712 1073 0 1681 1080
9713 1062 0 1670 1080
9714 1054 0 1662 1080
9715 1047 0 1655 1080
9716 1041 0 1649 1080
9717 1036 0 1644 1080
9718 1031 0 1639 1080
9719 1027 0 1635 1080
9720 1027 0 1635 1080
9721 1030 0 1638 1080
9722 1039 0 1647 1080
9723 1047 0 1655 1080
9724 1054 0 1662 1080
9725 1059 0 1667 1080
9726 1060 0 1668 1080
9727 1072 0 1680 1080
9728 1096 0 1704 1080
9729 1126 0 1734 1080
9730 1158 0 1766 1080
9731 1186 0 1794 1080
9732 1206 0 1814 1080
9733 1216 0 1824 1080
9734 1217 0 1825 1080
9735 1209 0 1817 1080
9736 1197 0 1805 1080
9737 1186 0 1794 1080
9738 1178 0 1786 1080
9739 1175 0 1783 1080
9740 1181 0 1789 1080
9741 1193 0 1801 1080
9742 1209 0 1817 1080
9743 1225 0 1833 1080
9744 1239 0 1847 1080
9745 1249 0 1857 1080
9746 1255 0 1863 1080
9747 1258 0 1866 1080
9748 1258 0 1866 1080
9749 1257 0 1865 1080
9750 1255 0 1863 1080
9751 1235 0 1843 1080
9752 1201 0 1809 1080
9753 1163 0 1771 1080
9754 1126 0 1734 1080
9755 1098 0 1706 1080
9756 1080 0 1688 1080
9757 1060 0 1668 1080
9758 1039 0 1647 1080
9759 1021 0 1629 1080
9760 1011 0 1619 1080
9761 1007 0 1615 1080
9762 1010 0 1618 1080
9763 1018 0 1626 1080
9764 1031 0 1639 1080
9765 1045 0 1653 1080
9766 1056 0 1664 1080
9767 1062 0 1670 1080
9768 1062 0 1670 1080
9769 1057 0 1665 1080
9770 1048 0 1656 1080
9771 1037 0 1645 1080
9772 1025 0 1633 1080
9773 1012 0 1620 1080
9774 1003 0 1611 1080
9775 992 0 1600 1080
9776 983 0 1591 1080
9777 977 0 1585 1080
9778 973 0 1581 1080
9779 971 0 1579 1080
9780 972 0 1580 1080
9781 974 0 1582 1080
9782 975 0 1583 1080
9783 974 0 1582 1080
9784 1033 0 1641 1080
9785 1057 0 1665 1080
9786 1050 0 1658 1080
9787 1020 0 1628 1080
9788 979 0 1587 1080
9789 939 0 1547 1080
9790 867 0 1475 1080
9791 787 0 1395 1080
9792 714 0 1322 1080
9793 682 0 1290 1080
9794 689 0 1297 1080
9795 728 0 1336 1080
9796 785 0 1393 1080
9797 843 0 1451 1080
9798 889 0 1497 1080
9799 916 0 1524 1080
9800 922 0 1530 1080
9801 906 0 1514 1080
9802 879 0 1487 1080
9803 846 0 1454 1080
9804 816 0 1424 1080
9805 795 0 1403 1080
9806 786 0 1394 1080
9807 789 0 1397 1080
9808 801 0 1409 1080
9809 815 0 1423 1080
9810 829 0 1437 1080
9811 841 0 1449 1080
9812 849 0 1457 1080
9813 853 0 1461 1080
9814 854 0 1462 1080
9815 851 0 1459 1080
9816 846 0 1454 1080
9817 841 0 1449 1080
9818 838 0 1446 1080
9819 841 0 1449 1080
9820 849 0 1457 1080
9821 860 0 1468 1080
9822 871 0 1479 1080
9823 882 0 1490 1080
9824 891 0 1499 1080
9825 900 0 1508 1080
9826 909 0 1517 1080
9827 919 0 1527 1080
9828 932 0 1540 1080
9829 946 0 1554 1080
9830 962 0 1570 1080
9831 977 0 1585 1080
9832 990 0 1598 1080
9833 999 0 1607 1080
9834 1005 0 1613 1080
9835 1010 0 1618 1080
9836 1017 0 1625 1080
9837 1026 0 1634 1080
9838 1036 0 1644 1080
9839 1046 0 1654 1080
9840 1055 0 1663 1080
9841 1062 0 1670 1080
9842 1065 0 1673 1080
9843 1061 0 1669 1080
9844 1051 0 1659 1080
9845 1038 0 1646 1080
9846 1026 0 1634 1080
9847 1019 0 1627 1080
9848 1020 0 1628 1080
9849 1027 0 1635 1080
9850 1038 0 1646 1080
9851 1051 0 1659 1080
9852 1062 0 1670 1080
9853 1066 0 1674 1080
9854 1064 0 1672 1080
9855 1057 0 1665 1080
9856 1048 0 1656 1080
9857 1040 0 1648 1080
9858 1032 0 1640 1080
9859 1026 0 1634 1080
9860 1022 0 1630 1080
9861 1021 0 1629 1080
9862 1017 0 1625 1080
9863 1011 0 1619 1080
9864 1001 0 1609 1080
9865 991 0 1599 1080
9866 982 0 1590 1080
9867 977 0 1585 1080
9868 977 0 1585 1080
9869 980 0 1588 1080
9870 984 0 1592 1080
9871 989 0 1597 1080
9872 992 0 1600 1080
9873 991 0 1599 1080
9874 988 0 1596 1080
9875 985 0 1593 1080
9876 983 0 1591 1080
9877 982 0 1590 1080
9878 982 0 1590 1080
9879 983 0 1591 1080
9880 983 0 1591 1080
9881 981 0 1589 1080
9882 976 0 1584 1080
9883 969 0 1577 1080
9884 960 0 1568 1080
9885 952 0 1560 1080
9886 947 0 1555 1080
9887 945 0 1553 1080
9888 946 0 1554 1080
9889 949 0 1557 1080
9890 952 0 1560 1080
9891 953 0 1561 1080
9892 948 0 1556 1080
9893 938 0 1546 1080
9894 923 0 1531 1080
9895 907 0 1515 1080
9896 896 0 1504 1080
9897 891 0 1499 1080
9898 895 0 1503 1080
9899 905 0 1513 1080
9900 920 0 1528 1080
9901 937 0 1545 1080
9902 951 0 1559 1080
9903 960 0 1568 1080
9904 965 0 1573 1080
9905 966 0 1574 1080
9906 966 0 1574 1080
9907 965 0 1573 1080
9908 966 0 1574 1080
9909 969 0 1577 1080
9910 973 0 1581 1080
9911 979 0 1587 1080
9912 985 0 1593 1080
9913 991 0 1599 1080
9914 997 0 1605 1080
9915 1003 0 1611 1080
9916 1009 0 1617 1080
9917 1014 0 1622 1080
9918 1020 0 1628 1080
9919 1026 0 1634 1080
9920 1031 0 1639 1080
9921 1036 0 1644 1080
9922 1040 0 1648 1080
9923 1043 0 1651 1080
9924 1044 0 1652 1080
9925 1044 0 1652 1080
9926 1044 0 1652 1080
9927 1044 0 1652 1080
9928 1045 0 1653 1080
9929 1045 0 1653 1080
9930 1047 0 1655 1080
9931 1050 0 1658 1080
9932 1053 0 1661 1080
9933 1054 0 1662 1080
9934 1054 0 1662 1080
9935 1051 0 1659 1080
9936 1048 0 1656 1080
9937 1043 0 1651 1080
9938 1038 0 1646 1080
9939 1032 0 1640 1080
9940 1025 0 1633 1080
9941 1015 0 1623 1080
9942 1003 0 1611 1080
9943 984 0 1592 1080
9944 957 0 1565 1080
9945 926 0 1534 1080
9946 896 0 1504 1080
9947 872 0 1480 1080
9948 857 0 1465 1080
9949 827 0 1435 1080
9950 802 0 1410 1080
9951 782 0 1390 1080
9952 768 0 1376 1080
9953 758 0 1366 1080
9954 751 0 1359 1080
9955 736 0 1344 1080
9956 714 0 1322 1080
9957 669 0 1277 1080
9958 629 0 1237 1080
9959 595 0 1203 1080
9960 571 0 1179 1080
9961 556 0 1164 1080
9962 550 0 1158 1080
9963 546 0 1154 1080
9964 539 0 1147 1080
9965 530 0 1138 1080
9966 518 0 1126 1080
9967 501 0 1109 1080
9968 482 0 1090 1080
9969 460 0 1068 1080
9970 454 0 1062 1080
9971 430 0 1038 1080
9972 410 0 1018 1080
9973 393 0 1001 1080
9974 379 0 987 1080
9975 373 0 981 1080
9976 373 0 981 1080
9977 378 0 986 1080
9978 386 0 994 1080
9979 394 0 1002 1080
9980 397 0 1005 1080
9981 383 0 991 1080
9982 356 0 964 1080
9983 329 0 937 1080
9984 306 0 914 1080
9985 283 0 891 1080
9986 262 0 870 1080
9987 246 0 854 1080
9988 234 0 842 1080
9989 228 0 836 1080
9990 228 0 836 1080
9991 234 0 842 1080
9992 240 0 848 1080
9993 244 0 852 1080
9994 246 0 854 1080
9995 245 0 853 1080
9996 242 0 850 1080
9997 254 0 862 1080
9998 279 0 887 1080
9999 311 0 919 1080
10000 347 0 955 1080
10001 381 0 989 1080
10002 408 0 1016 1080
10003 460 0 1068 1080
10004 525 0 1133 1080
10005 587 0 1195 1080
10006 634 0 1242 1080
10007 661 0 1269 1080
10008 680 0 1288 1080
10009 698 0 1306 1080
10010 730 0 1338 1080
10011 776 0 1384 1080
10012 831 0 1439 1080
10013 892 0 1500 1080
10014 952 0 1560 1080
10015 1005 0 1613 1080
10016 1044 0 1652 1080
10017 1065 0 1673 1080
10018 1081 0 1689 1080
10019 1090 0 1698 1080
10020 1092 0 1700 1080
10021 1089 0 1697 1080
10022 1082 0 1690 1080
10023 1074 0 1682 1080
10024 1066 0 1674 1080
10025 1059 0 1667 1080
10026 1054 0 1662 1080
10027 1052 0 1660 1080
10028 1051 0 1659 1080
10029 1050 0 1658 1080
10030 1048 0 1656 1080
10031 1045 0 1653 1080
10032 1040 0 1648 1080
10033 1033 0 1641 1080
10034 1023 0 1631 1080
10035 1010 0 1618 1080
10036 990 0 1598 1080
10037 965 0 1573 1080
10038 936 0 1544 1080
10039 909 0 1517 1080
10040 886 0 1494 1080
10041 867 0 1475 1080
10042 847 0 1455 1080
10043 826 0 1434 1080
10044 803 0 1411 1080
10045 779 0 1387 1080
10046 758 0 1366 1080
10047 741 0 1349 1080
10048 726 0 1334 1080
10049 713 0 1321 1080
10050 703 0 1311 1080
10051 680 0 1288 1080
10052 643 0 1251 1080
10053 609 0 1217 1080
10054 580 0 1188 1080
10055 544 0 1152 1080
10056 506 0 1114 1080
10057 473 0 1081 1080
10058 463 0 1071 1080
10059 460 0 1068 1080
10060 447 0 1055 1080
10061 430 0 1038 1080
10062 409 0 1017 1080
10063 388 0 996 1080
10064 371 0 979 1080
10065 359 0 967 1080
10066 351 0 959 1080
10067 347 0 955 1080
10068 344 0 952 1080
10069 336 0 944 1080
10070 325 0 933 1080
10071 313 0 921 1080
10072 302 0 910 1080
10073 292 0 900 1080
10074 281 0 889 1080
10075 270 0 878 1080
10076 258 0 866 1080
10077 246 0 854 1080
10078 235 0 843 1080
10079 225 0 833 1080
10080 216 0 824 1080
10081 208 0 816 1080
10082 199 0 807 1080
10083 190 0 798 1080
10084 180 0 788 1080
10085 169 0 777 1080
10086 159 0 767 1080
10087 151 0 759 1080
10088 144 0 752 1080
10089 135 0 743 1080
10090 125 0 733 1080
10091 113 0 721 1080
10092 102 0 710 1080
10093 92 0 700 1080
10094 85 0 693 1080
10095 103 0 711 1080
10096 137 0 745 1080
10097 174 0 782 1080
10098 204 0 812 1080
10099 221 0 829 1080
10100 221 0 829 1080
10101 195 0 803 1080
10102 152 0 760 1080
10103 104 0 712 1080
10104 61 0 669 1080
10105 31 0 639 1080
10106 17 0 625 1080
10107 19 0 627 1080
10108 34 0 642 1080
10109 55 0 663 1080
10110 78 0 686 1080
10111 99 0 707 1080
10112 112 0 720 1080
10113 119 0 727 1080
10114 124 0 732 1080
10115 128 0 736 1080
10116 131 0 739 1080
10117 136 0 744 1080
10118 141 0 749 1080
10119 150 0 758 1080
10120 161 0 769 1080
10121 176 0 784 1080
10122 191 0 799 1080
10123 208 0 816 1080
10124 220 0 828 1080
10125 224 0 832 1080
10126 221 0 829 1080
10127 213 0 821 1080
10128 203 0 811 1080
10129 197 0 805 1080
10130 198 0 806 1080
10131 207 0 815 1080
10132 218 0 826 1080
10133 229 0 837 1080
10134 237 0 845 1080
10135 244 0 852 1080
10136 254 0 862 1080
10137 270 0 878 1080
10138 292 0 900 1080
10139 312 0 920 1080
10140 328 0 936 1080
10141 338 0 946 1080
10142 344 0 952 1080
10143 347 0 955 1080
10144 348 0 956 1080
10145 349 0 957 1080
10146 351 0 959 1080
10147 350 0 958 1080
10148 347 0 955 1080
10149 359 0 967 1080
10150 360 0 968 1080
10151 355 0 963 1080
10152 347 0 955 1080
10153 341 0 949 1080
10154 343 0 951 1080
10155 348 0 956 1080
10156 354 0 962 1080
10157 360 0 968 1080
10158 365 0 973 1080
10159 369 0 977 1080
10160 374 0 982 1080
10161 381 0 989 1080
10162 392 0 1000 1080
10163 400 0 1008 1080
10164 404 0 1012 1080
10165 421 0 1029 1080
10166 501 0 1109 1080
10167 541 0 1149 1080
10168 543 0 1151 1080
10169 523 0 1131 1080
10170 523 0 1131 1080
10171 538 0 1146 1080
10172 563 0 1171 1080
10173 594 0 1202 1080
10174 584 0 1192 1080
10175 542 0 1150 1080
10176 483 0 1091 1080
10177 424 0 1032 1080
10178 375 0 983 1080
10179 346 0 954 1080
10180 340 0 948 1080
10181 355 0 963 1080
10182 385 0 993 1080
10183 419 0 1027 1080
10184 452 0 1060 1080
10185 479 0 1087 1080
10186 497 0 1105 1080
10187 506 0 1114 1080
10188 504 0 1112 1080
10189 493 0 1101 1080
10190 475 0 1083 1080
10191 454 0 1062 1080
10192 434 0 1042 1080
10193 423 0 1031 1080
10194 420 0 1028 1080
10195 426 0 1034 1080
10196 438 0 1046 1080
10197 452 0 1060 1080
10198 464 0 1072 1080
10199 472 0 1080 1080
10200 474 0 1082 1080
10201 468 0 1076 1080
10202 456 0 1064 1080
10203 439 0 1047 1080
10204 415 0 1023 1080
10205 387 0 995 1080
10206 356 0 964 1080
10207 290 0 898 1080
10208 210 0 818 1080
10209 136 0 744 1080
10210 85 0 693 1080
10211 67 0 675 1080
10212 79 0 687 1080
10213 112 0 720 1080
10214 109 0 717 1080
10215 78 0 686 1080
10216 33 0 641 1080
10217 0 0 608 1080
10218 0 0 608 1080
10219 0 0 608 1080
10220 0 0 608 1080
10221 45 0 653 1080
10222 125 0 733 1080
10223 204 0 812 1080
10224 263 0 871 1080
10225 298 0 906 1080
10226 314 0 922 1080
10227 315 0 923 1080
10228 310 0 918 1080
10229 305 0 913 1080
10230 304 0 912 1080
10231 308 0 916 1080
10232 315 0 923 1080
10233 348 0 956 1080
10234 394 0 1002 1080
10235 442 0 1050 1080
10236 482 0 1090 1080
10237 509 0 1117 1080
10238 521 0 1129 1080
10239 519 0 1127 1080
10240 506 0 1114 1080
10241 487 0 1095 1080
10242 469 0 1077 1080
10243 485 0 1093 1080
10244 526 0 1134 1080
10245 583 0 1191 1080
10246 641 0 1249 1080
10247 691 0 1299 1080
10248 727 0 1335 1080
10249 747 0 1355 1080
10250 753 0 1361 1080
10251 746 0 1354 1080
10252 732 0 1340 1080
10253 716 0 1324 1080
10254 697 0 1305 1080
10255 683 0 1291 1080
10256 682 0 1290 1080
10257 692 0 1300 1080
10258 713 0 1321 1080
10259 741 0 1349 1080
10260 772 0 1380 1080
10261 802 0 1410 1080
10262 824 0 1432 1080
10263 837 0 1445 1080
10264 841 0 1449 1080
10265 837 0 1445 1080
10266 828 0 1436 1080
10267 818 0 1426 1080
10268 807 0 1415 1080
10269 798 0 1406 1080
10270 795 0 1403 1080
10271 796 0 1404 1080
10272 798 0 1406 1080
10273 798 0 1406 1080
10274 794 0 1402 1080
10275 784 0 1392 1080
10276 769 0 1377 1080
10277 762 0 1370 1080
10278 762 0 1370 1080
10279 767 0 1375 1080
10280 777 0 1385 1080
10281 791 0 1399 1080
10282 807 0 1415 1080
10283 821 0 1429 1080
10284 830 0 1438 1080
10285 835 0 1443 1080
10286 834 0 1442 1080
10287 830 0 1438 1080
10288 823 0 1431 1080
10289 817 0 1425 1080
10290 816 0 1424 1080
10291 816 0 1424 1080
10292 824 0 1432 1080
10293 854 0 1462 1080
10294 880 0 1488 1080
10295 896 0 1504 1080
10296 902 0 1510 1080
10297 910 0 1518 1080
10298 927 0 1535 1080
10299 949 0 1557 1080
10300 962 0 1570 1080
10301 973 0 1581 1080
10302 983 0 1591 1080
10303 991 0 1599 1080
10304 997 0 1605 1080
10305 1003 0 1611 1080
10306 1010 0 1618 1080
10307 1019 0 1627 1080
10308 1032 0 1640 1080
10309 1048 0 1656 1080
10310 1066 0 1674 1080
10311 1085 0 1693 1080
10312 1102 0 1710 1080
10313 1117 0 1725 1080
10314 1127 0 1735 1080
10315 1134 0 1742 1080
10316 1139 0 1747 1080
10317 1142 0 1750 1080
10318 1144 0 1752 1080
10319 1147 0 1755 1080
10320 1151 0 1759 1080
10321 1157 0 1765 1080
10322 1164 0 1772 1080
10323 1174 0 1782 1080
10324 1187 0 1795 1080
10325 1202 0 1810 1080
10326 1218 0 1826 1080
10327 1223 0 1831 1080
10328 1245 0 1853 1080
10329 1263 0 1871 1080
10330 1294 0 1902 1080
10331 1312 0 1920 1080
10332 1312 0 1920 1080
10333 1312 0 1920 1080
10334 1312 0 1920 1080
10335 1312 0 1920 1080
10336 1312 0 1920 1080
10337 1312 0 1920 1080
10338 1312 0 1920 1080
10339 1312 0 1920 1080
10340 1312 0 1920 1080
10341 1312 0 1920 1080
10342 1312 0 1920 1080
10343 1312 0 1920 1080
10344 1312 0 1920 1080
10345 1312 0 1920 1080
10346 1312 0 1920 1080
10347 1312 0 1920 1080
10348 1312 0 1920 1080
10349 1312 0 1920 1080
10350 1312 0 1920 1080
10351 1312 0 1920 1080
10352 1312 0 1920 1080
10353 1312 0 1920 1080
10354 1312 0 1920 1080
10355 1312 0 1920 1080
10356 1312 0 1920 1080
10357 1312 0 1920 1080
10358 1312 0 1920 1080
10359 1312 0 1920 1080
10360 1312 0 1920 1080
10361 1312 0 1920 1080
10362 1312 0 1920 1080
10363 1312 0 1920 1080
10364 1312 0 1920 1080
10365 1312 0 1920 1080
10366 1312 0 1920 1080
10367 1312 0 1920 1080
10368 1312 0 1920 1080
10369 1312 0 1920 1080
10370 1312 0 1920 1080
10371 1312 0 1920 1080
10372 1312 0 1920 1080
10373 1312 0 1920 1080
10374 1312 0 1920 1080
10375 1312 0 1920 1080
10376 1312 0 1920 1080
10377 1312 0 1920 1080
10378 1312 0 1920 1080
10379 1312 0 1920 1080
10380 1312 0 1920 1080
10381 1312 0 1920 1080
10382 1312 0 1920 1080
10383 1312 0 1920 1080
10384 1312 0 1920 1080
10385 1312 0 1920 1080
10386 1312 0 1920 1080
10387 1312 0 1920 1080
10388 1312 0 1920 1080
10389 1312 0 1920 1080
10390 1312 0 1920 1080
10391 1312 0 1920 1080
10392 1307 0 1915 1080
10393 1302 0 1910 1080
10394 1301 0 1909 1080
10395 1303 0 1911 1080
10396 1307 0 1915 1080
10397 1311 0 1919 1080
10398 1312 0 1920 1080
10399 1312 0 1920 1080
10400 1312 0 1920 1080
10401 1312 0 1920 1080
10402 1306 0 1914 1080
10403 1297 0 1905 1080
10404 1288 0 1896 1080
10405 1279 0 1887 1080
10406 1272 0 1880 1080
10407 1268 0 1876 1080
10408 1265 0 1873 1080
10409 1262 0 1870 1080
10410 1259 0 1867 1080
10411 1256 0 1864 1080
10412 1251 0 1859 1080
10413 1247 0 1855 1080
10414 1243 0 1851 1080
10415 1239 0 1847 1080
10416 1237 0 1845 1080
10417 1236 0 1844 1080
10418 1236 0 1844 1080
10419 1237 0 1845 1080
10420 1240 0 1848 1080
10421 1243 0 1851 1080
10422 1247 0 1855 1080
10423 1250 0 1858 1080
10424 1251 0 1859 1080
10425 1250 0 1858 1080
10426 1248 0 1856 1080
10427 1243 0 1851 1080
10428 1238 0 1846 1080
10429 1233 0 1841 1080
10430 1231 0 1839 1080
10431 1232 0 1840 1080
10432 1243 0 1851 1080
10433 1252 0 1860 1080
10434 1259 0 1867 1080
10435 1261 0 1869 1080
10436 1259 0 1867 1080
10437 1254 0 1862 1080
10438 1245 0 1853 1080
10439 1235 0 1843 1080
10440 1217 0 1825 1080
10441 1209 0 1817 1080
10442 1199 0 1807 1080
10443 1193 0 1801 1080
10444 1191 0 1799 1080
10445 1192 0 1800 1080
10446 1193 0 1801 1080
10447 1196 0 1804 1080
10448 1201 0 1809 1080
10449 1208 0 1816 1080
10450 1216 0 1824 1080
10451 1225 0 1833 1080
10452 1234 0 1842 1080
10453 1242 0 1850 1080
10454 1250 0 1858 1080
10455 1256 0 1864 1080
10456 1260 0 1868 1080
10457 1263 0 1871 1080
10458 1265 0 1873 1080
10459 1283 0 1891 1080
10460 1309 0 1917 1080
10461 1312 0 1920 1080
10462 1312 0 1920 1080
10463 1312 0 1920 1080
10464 1312 0 1920 1080
10465 1312 0 1920 1080
10466 1312 0 1920 1080
10467 1312 0 1920 1080
10468 1312 0 1920 1080
10469 1312 0 1920 1080
10470 1312 0 1920 1080
10471 1312 0 1920 1080
10472 1312 0 1920 1080
10473 1312 0 1920 1080
10474 1312 0 1920 1080
10475 1312 0 1920 1080
10476 1312 0 1920 1080
10477 1312 0 1920 1080
10478 1312 0 1920 1080
10479 1307 0 1915 1080
10480 1292 0 1900 1080
10481 1285 0 1893 1080
10482 1285 0 1893 1080
10483 1288 0 1896 1080
10484 1292 0 1900 1080
10485 1298 0 1906 1080
10486 1303 0 1911 1080
10487 1267 0 1875 1080
10488 1202 0 1810 1080
10489 1125 0 1733 1080
10490 1052 0 1660 1080
10491 995 0 1603 1080
10492 970 0 1578 1080
10493 974 0 1582 1080
10494 1000 0 1608 1080
10495 1037 0 1645 1080
10496 1075 0 1683 1080
10497 1105 0 1713 1080
10498 1169 0 1777 1080
10499 1245 0 1853 1080
10500 1269 0 1877 1080
10501 1245 0 1853 1080
10502 1187 0 1795 1080
10503 1113 0 1721 1080
10504 1038 0 1646 1080
10505 978 0 1586 1080
10506 940 0 1548 1080
10507 926 0 1534 1080
10508 926 0 1534 1080
10509 938 0 1546 1080
10510 960 0 1568 1080
10511 993 0 1601 1080
10512 1027 0 1635 1080
10513 1056 0 1664 1080
10514 1073 0 1681 1080
10515 1082 0 1690 1080
10516 1078 0 1686 1080
10517 1073 0 1681 1080
10518 1068 0 1676 1080
10519 1064 0 1672 1080
10520 1062 0 1670 1080
10521 1071 0 1679 1080
10522 1090 0 1698 1080
10523 1115 0 1723 1080
10524 1154 0 1762 1080
10525 1185 0 1793 1080
10526 1204 0 1812 1080
10527 1217 0 1825 1080
10528 1216 0 1824 1080
10529 1204 0 1812 1080
10530 1186 0 1794 1080
10531 1167 0 1775 1080
10532 1150 0 1758 1080
10533 1140 0 1748 1080
10534 1136 0 1744 1080
10535 1139 0 1747 1080
10536 1146 0 1754 1080
10537 1156 0 1764 1080
10538 1155 0 1763 1080
10539 1158 0 1766 1080
10540 1166 0 1774 1080
10541 1177 0 1785 1080
10542 1187 0 1795 1080
10543 1196 0 1804 1080
10544 1204 0 1812 1080
10545 1208 0 1816 1080
10546 1206 0 1814 1080
10547 1195 0 1803 1080
10548 1172 0 1780 1080
10549 1145 0 1753 1080
10550 1118 0 1726 1080
10551 1094 0 1702 1080
10552 1076 0 1684 1080
10553 1063 0 1671 1080
10554 1056 0 1664 1080
10555 1087 0 1695 1080
10556 1107 0 1715 1080
10557 1114 0 1722 1080
10558 1108 0 1716 1080
10559 1037 0 1645 1080
10560 957 0 1565 1080
10561 877 0 1485 1080
10562 797 0 1405 1080
10563 717 0 1325 1080
10564 639 0 1247 1080
10565 574 0 1182 1080
10566 526 0 1134 1080
10567 496 0 1104 1080
10568 482 0 1090 1080
10569 562 0 1170 1080
10570 612 0 1220 1080
10571 623 0 1231 1080
10572 596 0 1204 1080
10573 538 0 1146 1080
10574 461 0 1069 1080
10575 381 0 989 1080
10576 461 0 1069 1080
10577 495 0 1103 1080
10578 481 0 1089 1080
10579 425 0 1033 1080
10580 345 0 953 1080
10581 265 0 873 1080
10582 191 0 799 1080
10583 148 0 756 1080
10584 139 0 747 1080
10585 149 0 757 1080
10586 177 0 785 1080
10587 220 0 828 1080
10588 276 0 884 1080
10589 338 0 946 1080
10590 395 0 1003 1080
10591 468 0 1076 1080
10592 544 0 1152 1080
10593 609 0 1217 1080
10594 653 0 1261 1080
10595 673 0 1281 1080
10596 669 0 1277 1080
10597 652 0 1260 1080
10598 630 0 1238 1080
10599 610 0 1218 1080
10600 599 0 1207 1080
10601 582 0 1190 1080
10602 578 0 1186 1080
10603 599 0 1207 1080
10604 595 0 1203 1080
10605 610 0 1218 1080
10606 636 0 1244 1080
10607 665 0 1273 1080
10608 705 0 1313 1080
10609 748 0 1356 1080
10610 790 0 1398 1080
10611 825 0 1433 1080
10612 852 0 1460 1080
10613 870 0 1478 1080
10614 880 0 1488 1080
10615 883 0 1491 1080
10616 884 0 1492 1080
10617 884 0 1492 1080
10618 882 0 1490 1080
10619 962 0 1570 1080
10620 1014 0 1622 1080
10621 1036 0 1644 1080
10622 1034 0 1642 1080
10623 1014 0 1622 1080
10624 984 0 1592 1080
10625 958 0 1566 1080
10626 943 0 1551 1080
10627 938 0 1546 1080
10628 952 0 1560 1080
10629 977 0 1585 1080
10630 1013 0 1621 1080
10631 1051 0 1659 1080
10632 1104 0 1712 1080
10633 1149 0 1757 1080
10634 1200 0 1808 1080
10635 1249 0 1857 1080
10636 1293 0 1901 1080
10637 1312 0 1920 1080
10638 1312 0 1920 1080
10639 1312 0 1920 1080
10640 1312 0 1920 1080
10641 1312 0 1920 1080
10642 1312 0 1920 1080
10643 1312 0 1920 1080
10644 1312 0 1920 1080
10645 1312 0 1920 1080
10646 1312 0 1920 1080
10647 1312 0 1920 1080
10648 1312 0 1920 1080
10649 1312 0 1920 1080
10650 1312 0 1920 1080
10651 1312 0 1920 1080
10652 1312 0 1920 1080
10653 1309 0 1917 1080
10654 1229 0 1837 1080
10655 1158 0 1766 1080
10656 1115 0 1723 1080
10657 1101 0 1709 1080
10658 1115 0 1723 1080
10659 1144 0 1752 1080
10660 1224 0 1832 1080
10661 1304 0 1912 1080
10662 1312 0 1920 1080
10663 1312 0 1920 1080
10664 1312 0 1920 1080
10665 1312 0 1920 1080
10666 1312 0 1920 1080
10667 1312 0 1920 1080
10668 1312 0 1920 1080
10669 1312 0 1920 1080
10670 1312 0 1920 1080
10671 1312 0 1920 1080
10672 1312 0 1920 1080
10673 1312 0 1920 1080
10674 1312 0 1920 1080
10675 1312 0 1920 1080
10676 1312 0 1920 1080
10677 1312 0 1920 1080
10678 1312 0 1920 1080
10679 1312 0 1920 1080
10680 1312 0 1920 1080
10681 1312 0 1920 1080
10682 1312 0 1920 1080
10683 1312 0 1920 1080
10684 1312 0 1920 1080
10685 1312 0 1920 1080
10686 1312 0 1920 1080
10687 1312 0 1920 1080
10688 1312 0 1920 1080
10689 1312 0 1920 1080
10690 1312 0 1920 1080
10691 1312 0 1920 1080
10692 1291 0 1899 1080
10693 1212 0 1820 1080
10694 1149 0 1757 1080
10695 1112 0 1720 1080
10696 1103 0 1711 1080
10697 1120 0 1728 1080
10698 1156 0 1764 1080
10699 1201 0 1809 1080
10700 1243 0 1851 1080
10701 1275 0 1883 1080
10702 1293 0 1901 1080
10703 1298 0 1906 1080
10704 1291 0 1899 1080
10705 1276 0 1884 1080
10706 1258 0 1866 1080
10707 1241 0 1849 1080
10708 1227 0 1835 1080
10709 1218 0 1826 1080
10710 1216 0 1824 1080
10711 1219 0 1827 1080
10712 1226 0 1834 1080
10713 1234 0 1842 1080
10714 1242 0 1850 1080
10715 1248 0 1856 1080
10716 1251 0 1859 1080
10717 1250 0 1858 1080
10718 1247 0 1855 1080
10719 1241 0 1849 1080
10720 1234 0 1842 1080
10721 1225 0 1833 1080
10722 1218 0 1826 1080
10723 1213 0 1821 1080
10724 1211 0 1819 1080
10725 1268 0 1876 1080
10726 1312 0 1920 1080
10727 1312 0 1920 1080
10728 1312 0 1920 1080
10729 1312 0 1920 1080
10730 1312 0 1920 1080
10731 1312 0 1920 1080
10732 1312 0 1920 1080
10733 1312 0 1920 1080
10734 1312 0 1920 1080
10735 1312 0 1920 1080
10736 1312 0 1920 1080
10737 1312 0 1920 1080
10738 1312 0 1920 1080
10739 1312 0 1920 1080
10740 1312 0 1920 1080
10741 1312 0 1920 1080
10742 1312 0 1920 1080
10743 1312 0 1920 1080
10744 1312 0 1920 1080
10745 1312 0 1920 1080
10746 1312 0 1920 1080
10747 1312 0 1920 1080
10748 1312 0 1920 1080
10749 1312 0 1920 1080
10750 1312 0 1920 1080
10751 1312 0 1920 1080
10752 1312 0 1920 1080
10753 1312 0 1920 1080
10754 1312 0 1920 1080
10755 1312 0 1920 1080
10756 1312 0 1920 1080
10757 1312 0 1920 1080
10758 1312 0 1920 1080
10759 1312 0 1920 1080
10760 1312 0 1920 1080
10761 1312 0 1920 1080
10762 1312 0 1920 1080
10763 1312 0 1920 1080
10764 1312 0 1920 1080
10765 1312 0 1920 1080
10766 1312 0 1920 1080
10767 1312 0 1920 1080
10768 1312 0 1920 1080
10769 1312 0 1920 1080
10770 1312 0 1920 1080
10771 1312 0 1920 1080
10772 1312 0 1920 1080
10773 1312 0 1920 1080
10774 1312 0 1920 1080
10775 1312 0 1920 1080
10776 1312 0 1920 1080
10777 1312 0 1920 1080
10778 1312 0 1920 1080
10779 1312 0 1920 1080
10780 1312 0 1920 1080
10781 1312 0 1920 1080
10782 1312 0 1920 1080
10783 1312 0 1920 1080
10784 1312 0 1920 1080
10785 1312 0 1920 1080
10786 1312 0 1920 1080
10787 1312 0 1920 1080
10788 1312 0 1920 1080
10789 1312 0 1920 1080
10790 1312 0 1920 1080
10791 1312 0 1920 1080
10792 1312 0 1920 1080
10793 1312 0 1920 1080
10794 1312 0 1920 1080
10795 1312 0 1920 1080
10796 1312 0 1920 1080
10797 1312 0 1920 1080
10798 1312 0 1920 1080
10799 1312 0 1920 1080
10800 1312 0 1920 1080
10801 1312 0 1920 1080
10802 1312 0 1920 1080
10803 1312 0 1920 1080
10804 1312 0 1920 1080
10805 1312 0 1920 1080
10806 1312 0 1920 1080
10807 1312 0 1920 1080
10808 1312 0 1920 1080
10809 1312 0 1920 1080
10810 1312 0 1920 1080
10811 1312 0 1920 1080
10812 1312 0 1920 1080
10813 1312 0 1920 1080
10814 1312 0 1920 1080
10815 1312 0 1920 1080
10816 1312 0 1920 1080
10817 1312 0 1920 1080
10818 1312 0 1920 1080
10819 1312 0 1920 1080
10820 1312 0 1920 1080
10821 1312 0 1920 1080
10822 1312 0 1920 1080
10823 1312 0 1920 1080
10824 1312 0 1920 1080
10825 1312 0 1920 1080
10826 1312 0 1920 1080
10827 1312 0 1920 1080
10828 1312 0 1920 1080
10829 1312 0 1920 1080
10830 1312 0 1920 1080
10831 1312 0 1920 1080
10832 1312 0 1920 1080
10833 1312 0 1920 1080
10834 1312 0 1920 1080
10835 1312 0 1920 1080
10836 1312 0 1920 1080
10837 1312 0 1920 1080
10838 1312 0 1920 1080
10839 1312 0 1920 1080
10840 1312 0 1920 1080
10841 1312 0 1920 1080
10842 1312 0 1920 1080
10843 1312 0 1920 1080
10844 1312 0 1920 1080
10845 1312 0 1920 1080
10846 1312 0 1920 1080
10847 1312 0 1920 1080
10848 1312 0 1920 1080
10849 1296 0 1904 1080
10850 1216 0 1824 1080
10851 1136 0 1744 1080
10852 1056 0 1664 1080
10853 1050 0 1658 1080
10854 1130 0 1738 1080
10855 1210 0 1818 1080
10856 1290 0 1898 1080
10857 1312 0 1920 1080
10858 1312 0 1920 1080
10859 1312 0 1920 1080
10860 1312 0 1920 1080
10861 1312 0 1920 1080
10862 1312 0 1920 1080
10863 1312 0 1920 1080
10864 1312 0 1920 1080
10865 1312 0 1920 1080
10866 1312 0 1920 1080
10867 1312 0 1920 1080
10868 1312 0 1920 1080
10869 1312 0 1920 1080
10870 1312 0 1920 1080
10871 1312 0 1920 1080
10872 1312 0 1920 1080
10873 1312 0 1920 1080
10874 1312 0 1920 1080
10875 1312 0 1920 1080
10876 1312 0 1920 1080
10877 1312 0 1920 1080
10878 1312 0 1920 1080
10879 1312 0 1920 1080
10880 1312 0 1920 1080
10881 1312 0 1920 1080
10882 1312 0 1920 1080
10883 1312 0 1920 1080
10884 1312 0 1920 1080
10885 1312 0 1920 1080
10886 1312 0 1920 1080
10887 1312 0 1920 1080
10888 1312 0 1920 1080
10889 1312 0 1920 1080
10890 1312 0 1920 1080
10891 1312 0 1920 1080
10892 1312 0 1920 1080
10893 1312 0 1920 1080
10894 1312 0 1920 1080
10895 1312 0 1920 1080
10896 1312 0 1920 1080
10897 1312 0 1920 1080
10898 1312 0 1920 1080
10899 1312 0 1920 1080
10900 1312 0 1920 1080
10901 1312 0 1920 1080
10902 1312 0 1920 1080
10903 1312 0 1920 1080
10904 1312 0 1920 1080
10905 1312 0 1920 1080
10906 1312 0 1920 1080
10907 1312 0 1920 1080
10908 1312 0 1920 1080
10909 1312 0 1920 1080
10910 1312 0 1920 1080
10911 1312 0 1920 1080
10912 1312 0 1920 1080
10913 1312 0 1920 1080
10914 1312 0 1920 1080
10915 1312 0 1920 1080
10916 1312 0 1920 1080
10917 1312 0 1920 1080
10918 1312 0 1920 1080
10919 1312 0 1920 1080
10920 1312 0 1920 1080
10921 1312 0 1920 1080
10922 1312 0 1920 1080
10923 1312 0 1920 1080
10924 1312 0 1920 1080
10925 1312 0 1920 1080
10926 1312 0 1920 1080
10927 1312 0 1920 1080
10928 1312 0 1920 1080
10929 1312 0 1920 1080
10930 1312 0 1920 1080
10931 1312 0 1920 1080
10932 1312 0 1920 1080
10933 1312 0 1920 1080
10934 1312 0 1920 1080
10935 1312 0 1920 1080
10936 1312 0 1920 1080
10937 1312 0 1920 1080
10938 1312 0 1920 1080
10939 1312 0 1920 1080
10940 1312 0 1920 1080
10941 1312 0 1920 1080
10942 1308 0 1916 1080
10943 1295 0 1903 1080
10944 1284 0 1892 1080
10945 1280 0 1888 1080
10946 1281 0 1889 1080
10947 1288 0 1896 1080
10948 1298 0 1906 1080
10949 1307 0 1915 1080
10950 1312 0 1920 1080
10951 1312 0 1920 1080
10952 1312 0 1920 1080
10953 1312 0 1920 1080
10954 1312 0 1920 1080
10955 1312 0 1920 1080
10956 1312 0 1920 1080
10957 1312 0 1920 1080
10958 1312 0 1920 1080
10959 1312 0 1920 1080
10960 1312 0 1920 1080
10961 1312 0 1920 1080
10962 1312 0 1920 1080
10963 1312 0 1920 1080
10964 1312 0 1920 1080
10965 1312 0 1920 1080
10966 1312 0 1920 1080
10967 1312 0 1920 1080
10968 1312 0 1920 1080
10969 1312 0 1920 1080
10970 1312 0 1920 1080
10971 1312 0 1920 1080
10972 1312 0 1920 1080
10973 1312 0 1920 1080
10974 1312 0 1920 1080
10975 1312 0 1920 1080
10976 1312 0 1920 1080
10977 1312 0 1920 1080
10978 1312 0 1920 1080
10979 1312 0 1920 1080
10980 1312 0 1920 1080
10981 1312 0 1920 1080
10982 1312 0 1920 1080
10983 1312 0 1920 1080
10984 1312 0 1920 1080
10985 1312 0 1920 1080
10986 1312 0 1920 1080
10987 1312 0 1920 1080
10988 1312 0 1920 1080
10989 1312 0 1920 1080
10990 1312 0 1920 1080
10991 1312 0 1920 1080
10992 1312 0 1920 1080
10993 1312 0 1920 1080
10994 1312 0 1920 1080
10995 1312 0 1920 1080
10996 1312 0 1920 1080
10997 1312 0 1920 1080
10998 1312 0 1920 1080
10999 1312 0 1920 1080
11000 1306 0 1914 1080
11001 1296 0 1904 1080
11002 1287 0 1895 1080
11003 1279 0 1887 1080
11004 1271 0 1879 1080
11005 1261 0 1869 1080
11006 1250 0 1858 1080
11007 1235 0 1843 1080
11008 1217 0 1825 1080
11009 1199 0 1807 1080
11010 1184 0 1792 1080
11011 1173 0 1781 1080
11012 1102 0 1710 1080
11013 1022 0 1630 1080
11014 942 0 1550 1080
11015 862 0 1470 1080
11016 799 0 1407 1080
11017 756 0 1364 1080
11018 737 0 1345 1080
11019 740 0 1348 1080
11020 720 0 1328 1080
11021 684 0 1292 1080
11022 643 0 1251 1080
11023 606 0 1214 1080
11024 584 0 1192 1080
11025 578 0 1186 1080
11026 590 0 1198 1080
11027 615 0 1223 1080
11028 648 0 1256 1080
11029 682 0 1290 1080
11030 713 0 1321 1080
11031 736 0 1344 1080
11032 750 0 1358 1080
11033 756 0 1364 1080
11034 755 0 1363 1080
11035 752 0 1360 1080
11036 747 0 1355 1080
11037 746 0 1354 1080
11038 750 0 1358 1080
11039 759 0 1367 1080
11040 773 0 1381 1080
11041 790 0 1398 1080
11042 806 0 1414 1080
11043 821 0 1429 1080
11044 831 0 1439 1080
11045 836 0 1444 1080
11046 837 0 1445 1080
11047 835 0 1443 1080
11048 831 0 1439 1080
11049 814 0 1422 1080
11050 734 0 1342 1080
11051 676 0 1284 1080
11052 648 0 1256 1080
11053 650 0 1258 1080
11054 675 0 1283 1080
11055 716 0 1324 1080
11056 760 0 1368 1080
11057 694 0 1302 1080
11058 659 0 1267 1080
11059 655 0 1263 1080
11060 679 0 1287 1080
11061 720 0 1328 1080
11062 767 0 1375 1080
11063 810 0 1418 1080
11064 735 0 1343 1080
11065 655 0 1263 1080
11066 575 0 1183 1080
11067 495 0 1103 1080
11068 415 0 1023 1080
11069 335 0 943 1080
11070 258 0 866 1080
11071 200 0 808 1080
11072 168 0 776 1080
11073 164 0 772 1080
11074 182 0 790 1080
11075 262 0 870 1080
11076 329 0 937 1080
11077 370 0 978 1080
11078 384 0 992 1080
11079 372 0 980 1080
11080 343 0 951 1080
11081 273 0 881 1080
11082 193 0 801 1080
11083 113 0 721 1080
11084 33 0 641 1080
11085 0 0 608 1080
11086 0 0 608 1080
11087 0 0 608 1080
11088 0 0 608 1080
11089 0 0 608 1080
11090 0 0 608 1080
11091 0 0 608 1080
11092 0 0 608 1080
11093 0 0 608 1080
11094 57 0 665 1080
11095 137 0 745 1080
11096 217 0 825 1080
11097 297 0 905 1080
11098 377 0 985 1080
11099 457 0 1065 1080
11100 537 0 1145 1080
11101 617 0 1225 1080
11102 686 0 1294 1080
11103 727 0 1335 1080
11104 732 0 1340 1080
11105 706 0 1314 1080
11106 654 0 1262 1080
11107 590 0 1198 1080
11108 529 0 1137 1080
11109 475 0 1083 1080
11110 435 0 1043 1080
11111 414 0 1022 1080
11112 408 0 1016 1080
11113 415 0 1023 1080
11114 429 0 1037 1080
11115 446 0 1054 1080
11116 462 0 1070 1080
11117 472 0 1080 1080
11118 475 0 1083 1080
11119 470 0 1078 1080
11120 457 0 1065 1080
11121 438 0 1046 1080
11122 416 0 1024 1080
11123 395 0 1003 1080
11124 377 0 985 1080
11125 365 0 973 1080
11126 362 0 970 1080
11127 364 0 972 1080
11128 372 0 980 1080
11129 381 0 989 1080
11130 388 0 996 1080
11131 387 0 995 1080
11132 377 0 985 1080
11133 354 0 962 1080
11134 322 0 930 1080
11135 286 0 894 1080
11136 242 0 850 1080
11137 191 0 799 1080
11138 160 0 768 1080
11139 151 0 759 1080
11140 160 0 768 1080
11141 180 0 788 1080
11142 202 0 810 1080
11143 210 0 818 1080
11144 204 0 812 1080
11145 188 0 796 1080
11146 168 0 776 1080
11147 147 0 755 1080
11148 129 0 737 1080
11149 115 0 723 1080
11150 105 0 713 1080
11151 99 0 707 1080
11152 96 0 704 1080
11153 93 0 701 1080
11154 92 0 700 1080
11155 90 0 698 1080
11156 85 0 693 1080
11157 80 0 688 1080
11158 76 0 684 1080
11159 72 0 680 1080
11160 68 0 676 1080
11161 64 0 672 1080
11162 85 0 693 1080
11163 122 0 730 1080
11164 165 0 773 1080
11165 205 0 813 1080
11166 241 0 849 1080
11167 266 0 874 1080
11168 277 0 885 1080
11169 275 0 883 1080
11170 258 0 866 1080
11171 232 0 840 1080
11172 205 0 813 1080
11173 180 0 788 1080
11174 161 0 769 1080
11175 164 0 772 1080
11176 184 0 792 1080
11177 214 0 822 1080
11178 247 0 855 1080
11179 275 0 883 1080
11180 294 0 902 1080
11181 303 0 911 1080
11182 303 0 911 1080
11183 297 0 905 1080
11184 288 0 896 1080
11185 280 0 888 1080
11186 274 0 882 1080
11187 273 0 881 1080
11188 275 0 883 1080
11189 281 0 889 1080
11190 271 0 879 1080
11191 265 0 873 1080
11192 205 0 813 1080
11193 159 0 767 1080
11194 135 0 743 1080
11195 149 0 757 1080
11196 192 0 800 1080
11197 254 0 862 1080
11198 321 0 929 1080
11199 381 0 989 1080
11200 428 0 1036 1080
11201 457 0 1065 1080
11202 471 0 1079 1080
11203 475 0 1083 1080
11204 473 0 1081 1080
11205 481 0 1089 1080
11206 561 0 1169 1080
11207 641 0 1249 1080
11208 721 0 1329 1080
11209 801 0 1409 1080
11210 881 0 1489 1080
11211 961 0 1569 1080
11212 1041 0 1649 1080
11213 1121 0 1729 1080
11214 1201 0 1809 1080
11215 1281 0 1889 1080
11216 1312 0 1920 1080
11217 1312 0 1920 1080
11218 1312 0 1920 1080
11219 1281 0 1889 1080
11220 1201 0 1809 1080
11221 1121 0 1729 1080
11222 1041 0 1649 1080
11223 961 0 1569 1080
11224 881 0 1489 1080
11225 872 0 1480 1080
11226 792 0 1400 1080
11227 712 0 1320 1080
11228 632 0 1240 1080
11229 552 0 1160 1080
11230 472 0 1080 1080
11231 392 0 1000 1080
11232 312 0 920 1080
11233 246 0 854 1080
11234 177 0 785 1080
11235 122 0 730 1080
11236 90 0 698 1080
11237 170 0 778 1080
11238 236 0 844 1080
11239 283 0 891 1080
11240 308 0 916 1080
11241 310 0 918 1080
11242 295 0 903 1080
11243 269 0 877 1080
11244 239 0 847 1080
11245 211 0 819 1080
11246 192 0 800 1080
11247 136 0 744 1080
11248 62 0 670 1080
11249 0 0 608 1080
11250 0 0 608 1080
11251 0 0 608 1080
11252 0 0 608 1080
11253 0 0 608 1080
11254 0 0 608 1080
11255 66 0 674 1080
11256 146 0 754 1080
11257 226 0 834 1080
11258 306 0 914 1080
11259 386 0 994 1080
11260 466 0 1074 1080
11261 544 0 1152 1080
11262 613 0 1221 1080
11263 660 0 1268 1080
11264 662 0 1270 1080
11265 644 0 1252 1080
11266 611 0 1219 1080
11267 575 0 1183 1080
11268 495 0 1103 1080
11269 415 0 1023 1080
11270 335 0 943 1080
11271 255 0 863 1080
11272 175 0 783 1080
11273 255 0 863 1080
11274 263 0 871 1080
11275 210 0 818 1080
11276 130 0 738 1080
11277 50 0 658 1080
11278 0 0 608 1080
11279 0 0 608 1080
11280 0 0 608 1080
11281 43 0 651 1080
11282 73 0 681 1080
11283 73 0 681 1080
11284 48 0 656 1080
11285 9 0 617 1080
11286 0 0 608 1080
11287 46 0 654 1080
11288 89 0 697 1080
11289 95 0 703 1080
11290 68 0 676 1080
11291 21 0 629 1080
11292 0 0 608 1080
11293 0 0 608 1080
11294 0 0 608 1080
11295 47 0 655 1080
11296 64 0 672 1080
11297 50 0 658 1080
11298 13 0 621 1080
11299 0 0 608 1080
11300 0 0 608 1080
11301 0 0 608 1080
11302 46 0 654 1080
11303 58 0 666 1080
11304 38 0 646 1080
11305 0 0 608 1080
11306 0 0 608 1080
11307 0 0 608 1080
11308 0 0 608 1080
11309 26 0 634 1080
11310 40 0 648 1080
11311 34 0 642 1080
11312 14 0 622 1080
11313 0 0 608 1080
11314 0 0 608 1080
11315 0 0 608 1080
11316 0 0 608 1080
11317 0 0 608 1080
11318 0 0 608 1080
11319 0 0 608 1080
11320 0 0 608 1080
11321 0 0 608 1080
11322 0 0 608 1080
11323 0 0 608 1080
11324 0 0 608 1080
11325 0 0 608 1080
11326 0 0 608 1080
11327 0 0 608 1080
11328 0 0 608 1080
11329 0 0 608 1080
11330 0 0 608 1080
11331 0 0 608 1080
11332 0 0 608 1080
11333 11 0 619 1080
11334 24 0 632 1080
11335 32 0 640 1080
11336 34 0 642 1080
11337 32 0 640 1080
11338 28 0 636 1080
11339 22 0 630 1080
11340 17 0 625 1080
11341 16 0 624 1080
11342 22 0 630 1080
11343 33 0 641 1080
11344 45 0 653 1080
11345 55 0 663 1080
11346 59 0 667 1080
11347 56 0 664 1080
11348 51 0 659 1080
11349 44 0 652 1080
11350 36 0 644 1080
11351 31 0 639 1080
11352 31 0 639 1080
11353 34 0 642 1080
11354 39 0 647 1080
11355 42 0 650 1080
11356 44 0 652 1080
11357 43 0 651 1080
11358 42 0 650 1080
11359 38 0 646 1080
11360 36 0 644 1080
11361 36 0 644 1080
11362 42 0 650 1080
11363 51 0 659 1080
11364 61 0 669 1080
11365 69 0 677 1080
11366 74 0 682 1080
11367 75 0 683 1080
11368 72 0 680 1080
11369 70 0 678 1080
11370 70 0 678 1080
11371 72 0 680 1080
11372 73 0 681 1080
11373 72 0 680 1080
11374 70 0 678 1080
11375 66 0 674 1080
11376 63 0 671 1080
11377 61 0 669 1080
11378 61 0 669 1080
11379 62 0 670 1080
11380 63 0 671 1080
11381 65 0 673 1080
11382 71 0 679 1080
11383 80 0 688 1080
11384 92 0 700 1080
11385 104 0 712 1080
11386 116 0 724 1080
11387 125 0 733 1080
11388 132 0 740 1080
11389 134 0 742 1080
11390 132 0 740 1080
11391 125 0 733 1080
11392 116 0 724 1080
11393 106 0 714 1080
11394 96 0 704 1080
11395 91 0 699 1080
11396 91 0 699 1080
11397 99 0 707 1080
11398 111 0 719 1080
11399 124 0 732 1080
11400 137 0 745 1080
11401 146 0 754 1080
11402 151 0 759 1080
11403 152 0 760 1080
11404 152 0 760 1080
11405 150 0 758 1080
11406 149 0 757 1080
11407 148 0 756 1080
11408 147 0 755 1080
11409 147 0 755 1080
11410 148 0 756 1080
11411 148 0 756 1080
11412 153 0 761 1080
11413 157 0 765 1080
11414 161 0 769 1080
11415 165 0 773 1080
11416 169 0 777 1080
11417 172 0 780 1080
11418 175 0 783 1080
11419 182 0 790 1080
11420 189 0 797 1080
11421 195 0 803 1080
11422 200 0 808 1080
11423 203 0 811 1080
11424 204 0 812 1080
11425 202 0 810 1080
11426 203 0 811 1080
11427 201 0 809 1080
11428 197 0 805 1080
11429 192 0 800 1080
11430 188 0 796 1080
11431 184 0 792 1080
11432 181 0 789 1080
11433 184 0 792 1080
11434 192 0 800 1080
11435 201 0 809 1080
11436 211 0 819 1080
11437 216 0 824 1080
11438 245 0 853 1080
11439 286 0 894 1080
11440 326 0 934 1080
11441 360 0 968 1080
11442 380 0 988 1080
11443 384 0 992 1080
11444 375 0 983 1080
11445 357 0 965 1080
11446 308 0 916 1080
11447 247 0 855 1080
11448 192 0 800 1080
11449 154 0 762 1080
11450 139 0 747 1080
11451 151 0 759 1080
11452 185 0 793 1080
11453 233 0 841 1080
11454 284 0 892 1080
11455 331 0 939 1080
11456 368 0 976 1080
11457 393 0 1001 1080
11458 405 0 1013 1080
11459 408 0 1016 1080
11460 452 0 1060 1080
11461 525 0 1133 1080
11462 605 0 1213 1080
11463 685 0 1293 1080
11464 758 0 1366 1080
11465 818 0 1426 1080
11466 859 0 1467 1080
11467 884 0 1492 1080
11468 896 0 1504 1080
11469 901 0 1509 1080
11470 906 0 1514 1080
11471 915 0 1523 1080
11472 931 0 1539 1080
11473 955 0 1563 1080
11474 987 0 1595 1080
11475 1024 0 1632 1080
11476 1063 0 1671 1080
11477 1102 0 1710 1080
11478 1137 0 1745 1080
11479 1169 0 1777 1080
11480 1197 0 1805 1080
11481 1222 0 1830 1080
11482 1245 0 1853 1080
11483 1247 0 1855 1080
11484 1229 0 1837 1080
11485 1200 0 1808 1080
11486 1166 0 1774 1080
11487 1134 0 1742 1080
11488 1111 0 1719 1080
11489 1098 0 1706 1080
11490 1086 0 1694 1080
11491 1078 0 1686 1080
11492 1074 0 1682 1080
11493 1071 0 1679 1080
11494 1069 0 1677 1080
11495 1068 0 1676 1080
11496 1068 0 1676 1080
11497 1069 0 1677 1080
11498 1070 0 1678 1080
11499 1071 0 1679 1080
11500 1071 0 1679 1080
11501 1071 0 1679 1080
11502 1070 0 1678 1080
11503 1067 0 1675 1080
11504 1063 0 1671 1080
11505 1059 0 1667 1080
11506 1060 0 1668 1080
11507 1067 0 1675 1080
11508 1074 0 1682 1080
11509 1080 0 1688 1080
11510 1082 0 1690 1080
11511 1081 0 1689 1080
11512 1115 0 1723 1080
11513 1131 0 1739 1080
11514 1129 0 1737 1080
11515 1152 0 1760 1080
11516 1190 0 1798 1080
11517 1232 0 1840 1080
11518 1270 0 1878 1080
11519 1297 0 1905 1080
11520 1310 0 1918 1080
11521 1274 0 1882 1080
11522 1205 0 1813 1080
11523 1156 0 1764 1080
11524 1134 0 1742 1080
11525 1138 0 1746 1080
11526 1163 0 1771 1080
11527 1199 0 1807 1080
11528 1237 0 1845 1080
11529 1269 0 1877 1080
11530 1289 0 1897 1080
11531 1294 0 1902 1080
11532 1286 0 1894 1080
11533 1269 0 1877 1080
11534 1264 0 1872 1080
11535 1270 0 1878 1080
11536 1293 0 1901 1080
11537 1312 0 1920 1080
11538 1312 0 1920 1080
11539 1312 0 1920 1080
11540 1312 0 1920 1080
11541 1312 0 1920 1080
11542 1312 0 1920 1080
11543 1312 0 1920 1080
11544 1287 0 1895 1080
11545 1253 0 1861 1080
11546 1239 0 1847 1080
11547 1236 0 1844 1080
11548 1255 0 1863 1080
11549 1289 0 1897 1080
11550 1312 0 1920 1080
11551 1312 0 1920 1080
11552 1312 0 1920 1080
11553 1312 0 1920 1080
11554 1294 0 1902 1080
11555 1299 0 1907 1080
11556 1312 0 1920 1080
11557 1312 0 1920 1080
11558 1312 0 1920 1080
11559 1312 0 1920 1080
11560 1312 0 1920 1080
11561 1312 0 1920 1080
11562 1312 0 1920 1080
11563 1312 0 1920 1080
11564 1312 0 1920 1080
11565 1287 0 1895 1080
11566 1272 0 1880 1080
11567 1276 0 1884 1080
11568 1293 0 1901 1080
11569 1312 0 1920 1080
11570 1312 0 1920 1080
11571 1312 0 1920 1080
11572 1312 0 1920 1080
11573 1312 0 1920 1080
11574 1312 0 1920 1080
11575 1312 0 1920 1080
11576 1312 0 1920 1080
11577 1312 0 1920 1080
11578 1312 0 1920 1080
11579 1308 0 1916 1080
11580 1278 0 1886 1080
11581 1239 0 1847 1080
11582 1202 0 1810 1080
11583 1202 0 1810 1080
11584 1203 0 1811 1080
11585 1232 0 1840 1080
11586 1262 0 1870 1080
11587 1303 0 1911 1080
11588 1312 0 1920 1080
11589 1312 0 1920 1080
11590 1312 0 1920 1080
11591 1312 0 1920 1080
11592 1291 0 1899 1080
11593 1211 0 1819 1080
11594 1174 0 1782 1080
11595 1186 0 1794 1080
11596 1237 0 1845 1080
11597 1224 0 1832 1080
11598 1253 0 1861 1080
11599 1221 0 1829 1080
11600 1147 0 1755 1080
11601 1067 0 1675 1080
11602 987 0 1595 1080
11603 907 0 1515 1080
11604 827 0 1435 1080
11605 757 0 1365 1080
11606 714 0 1322 1080
11607 702 0 1310 1080
11608 717 0 1325 1080
11609 755 0 1363 1080
11610 802 0 1410 1080
11611 848 0 1456 1080
11612 885 0 1493 1080
11613 910 0 1518 1080
11614 921 0 1529 1080
11615 919 0 1527 1080
11616 906 0 1514 1080
11617 888 0 1496 1080
11618 870 0 1478 1080
11619 852 0 1460 1080
11620 838 0 1446 1080
11621 827 0 1435 1080
11622 821 0 1429 1080
11623 823 0 1431 1080
11624 831 0 1439 1080
11625 841 0 1449 1080
11626 850 0 1458 1080
11627 858 0 1466 1080
11628 861 0 1469 1080
11629 857 0 1465 1080
11630 846 0 1454 1080
11631 828 0 1436 1080
11632 809 0 1417 1080
11633 793 0 1401 1080
11634 784 0 1392 1080
11635 783 0 1391 1080
11636 789 0 1397 1080
11637 799 0 1407 1080
11638 808 0 1416 1080
11639 813 0 1421 1080
11640 812 0 1420 1080
11641 806 0 1414 1080
11642 795 0 1403 1080
11643 785 0 1393 1080
11644 777 0 1385 1080
11645 772 0 1380 1080
11646 774 0 1382 1080
11647 779 0 1387 1080
11648 785 0 1393 1080
11649 788 0 1396 1080
11650 787 0 1395 1080
11651 781 0 1389 1080
11652 771 0 1379 1080
11653 761 0 1369 1080
11654 753 0 1361 1080
11655 750 0 1358 1080
11656 752 0 1360 1080
11657 757 0 1365 1080
11658 764 0 1372 1080
11659 770 0 1378 1080
11660 774 0 1382 1080
11661 773 0 1381 1080
11662 768 0 1376 1080
11663 759 0 1367 1080
11664 749 0 1357 1080
11665 740 0 1348 1080
11666 733 0 1341 1080
11667 730 0 1338 1080
11668 730 0 1338 1080
11669 732 0 1340 1080
11670 738 0 1346 1080
11671 744 0 1352 1080
11672 751 0 1359 1080
11673 756 0 1364 1080
11674 760 0 1368 1080
11675 764 0 1372 1080
11676 766 0 1374 1080
11677 768 0 1376 1080
11678 769 0 1377 1080
11679 766 0 1374 1080
11680 760 0 1368 1080
11681 753 0 1361 1080
11682 747 0 1355 1080
11683 743 0 1351 1080
11684 742 0 1350 1080
11685 743 0 1351 1080
11686 746 0 1354 1080
11687 750 0 1358 1080
11688 752 0 1360 1080
11689 753 0 1361 1080
11690 753 0 1361 1080
11691 753 0 1361 1080
11692 750 0 1358 1080
11693 744 0 1352 1080
11694 734 0 1342 1080
11695 720 0 1328 1080
11696 707 0 1315 1080
11697 696 0 1304 1080
11698 690 0 1298 1080
11699 688 0 1296 1080
11700 689 0 1297 1080
11701 694 0 1302 1080
11702 701 0 1309 1080
11703 708 0 1316 1080
11704 713 0 1321 1080
11705 715 0 1323 1080
11706 715 0 1323 1080
11707 714 0 1322 1080
11708 714 0 1322 1080
11709 714 0 1322 1080
11710 715 0 1323 1080
11711 720 0 1328 1080
11712 727 0 1335 1080
11713 736 0 1344 1080
11714 745 0 1353 1080
11715 753 0 1361 1080
11716 759 0 1367 1080
11717 762 0 1370 1080
11718 762 0 1370 1080
11719 761 0 1369 1080
11720 759 0 1367 1080
11721 759 0 1367 1080
11722 764 0 1372 1080
11723 777 0 1385 1080
11724 819 0 1427 1080
11725 876 0 1484 1080
11726 934 0 1542 1080
11727 983 0 1591 1080
11728 1017 0 1625 1080
11729 1037 0 1645 1080
11730 1082 0 1690 1080
11731 1141 0 1749 1080
11732 1204 0 1812 1080
11733 1259 0 1867 1080
11734 1299 0 1907 1080
11735 1312 0 1920 1080
11736 1312 0 1920 1080
11737 1306 0 1914 1080
11738 1283 0 1891 1080
11739 1258 0 1866 1080
11740 1237 0 1845 1080
11741 1223 0 1831 1080
11742 1218 0 1826 1080
11743 1222 0 1830 1080
11744 1232 0 1840 1080
11745 1245 0 1853 1080
11746 1258 0 1866 1080
11747 1269 0 1877 1080
11748 1277 0 1885 1080
11749 1280 0 1888 1080
11750 1280 0 1888 1080
11751 1277 0 1885 1080
11752 1273 0 1881 1080
11753 1270 0 1878 1080
11754 1267 0 1875 1080
11755 1265 0 1873 1080
11756 1264 0 1872 1080
11757 1265 0 1873 1080
11758 1267 0 1875 1080
11759 1270 0 1878 1080
11760 1272 0 1880 1080
11761 1274 0 1882 1080
11762 1275 0 1883 1080
11763 1276 0 1884 1080
11764 1277 0 1885 1080
11765 1276 0 1884 1080
11766 1275 0 1883 1080
11767 1273 0 1881 1080
11768 1272 0 1880 1080
11769 1272 0 1880 1080
11770 1272 0 1880 1080
11771 1273 0 1881 1080
11772 1274 0 1882 1080
11773 1275 0 1883 1080
11774 1277 0 1885 1080
11775 1278 0 1886 1080
11776 1279 0 1887 1080
11777 1279 0 1887 1080
11778 1280 0 1888 1080
11779 1280 0 1888 1080
11780 1277 0 1885 1080
11781 1273 0 1881 1080
11782 1269 0 1877 1080
11783 1263 0 1871 1080
11784 1256 0 1864 1080
11785 1251 0 1859 1080
11786 1246 0 1854 1080
11787 1242 0 1850 1080
11788 1240 0 1848 1080
11789 1238 0 1846 1080
11790 1237 0 1845 1080
11791 1237 0 1845 1080
11792 1235 0 1843 1080
11793 1233 0 1841 1080
11794 1230 0 1838 1080
11795 1226 0 1834 1080
11796 1221 0 1829 1080
11797 1215 0 1823 1080
11798 1208 0 1816 1080
11799 1201 0 1809 1080
11800 1194 0 1802 1080
11801 1189 0 1797 1080
11802 1186 0 1794 1080
11803 1183 0 1791 1080
11804 1183 0 1791 1080
11805 1184 0 1792 1080
11806 1186 0 1794 1080
11807 1189 0 1797 1080
11808 1191 0 1799 1080
11809 1192 0 1800 1080
11810 1186 0 1794 1080
11811 1181 0 1789 1080
11812 1178 0 1786 1080
11813 1177 0 1785 1080
11814 1178 0 1786 1080
11815 1196 0 1804 1080
11816 1222 0 1830 1080
11817 1202 0 1810 1080
11818 1198 0 1806 1080
11819 1209 0 1817 1080
11820 1229 0 1837 1080
11821 1253 0 1861 1080
11822 1276 0 1884 1080
11823 1293 0 1901 1080
11824 1213 0 1821 1080
11825 1161 0 1769 1080
11826 1143 0 1751 1080
11827 1155 0 1763 1080
11828 1190 0 1798 1080
11829 1236 0 1844 1080
11830 1281 0 1889 1080
11831 1201 0 1809 1080
11832 1154 0 1762 1080
11833 1143 0 1751 1080
11834 1163 0 1771 1080
11835 1204 0 1812 1080
11836 1254 0 1862 1080
11837 1302 0 1910 1080
11838 1222 0 1830 1080
11839 1173 0 1781 1080
11840 1158 0 1766 1080
11841 1174 0 1782 1080
11842 1212 0 1820 1080
11843 1261 0 1869 1080
11844 1308 0 1916 1080
11845 1228 0 1836 1080
11846 1179 0 1787 1080
11847 1166 0 1774 1080
11848 1184 0 1792 1080
11849 1224 0 1832 1080
11850 1273 0 1881 1080
11851 1312 0 1920 1080
11852 1240 0 1848 1080
11853 1191 0 1799 1080
11854 1177 0 1785 1080
11855 1195 0 1803 1080
11856 1169 0 1777 1080
11857 1114 0 1722 1080
11858 1049 0 1657 1080
11859 989 0 1597 1080
11860 947 0 1555 1080
11861 928 0 1536 1080
11862 933 0 1541 1080
11863 957 0 1565 1080
11864 992 0 1600 1080
11865 1033 0 1641 1080
11866 1069 0 1677 1080
11867 1095 0 1703 1080
11868 1107 0 1715 1080
11869 1105 0 1713 1080
11870 1094 0 1702 1080
11871 1079 0 1687 1080
11872 1064 0 1672 1080
11873 1051 0 1659 1080
11874 1045 0 1653 1080
11875 1045 0 1653 1080
11876 1052 0 1660 1080
11877 1064 0 1672 1080
11878 1078 0 1686 1080
11879 1092 0 1700 1080
11880 1103 0 1711 1080
11881 1108 0 1716 1080
11882 1108 0 1716 1080
11883 1102 0 1710 1080
11884 1095 0 1703 1080
11885 1087 0 1695 1080
11886 1081 0 1689 1080
11887 1076 0 1684 1080
11888 1074 0 1682 1080
11889 1074 0 1682 1080
11890 1075 0 1683 1080
11891 1076 0 1684 1080
11892 1072 0 1680 1080
11893 1064 0 1672 1080
11894 1041 0 1649 1080
11895 1019 0 1627 1080
11896 998 0 1606 1080
11897 963 0 1571 1080
11898 920 0 1528 1080
11899 873 0 1481 1080
11900 828 0 1436 1080
11901 789 0 1397 1080
11902 757 0 1365 1080
11903 733 0 1341 1080
11904 715 0 1323 1080
11905 701 0 1309 1080
11906 687 0 1295 1080
11907 672 0 1280 1080
11908 653 0 1261 1080
11909 630 0 1238 1080
11910 605 0 1213 1080
11911 576 0 1184 1080
11912 546 0 1154 1080
11913 516 0 1124 1080
11914 488 0 1096 1080
11915 460 0 1068 1080
11916 435 0 1043 1080
11917 410 0 1018 1080
11918 387 0 995 1080
11919 364 0 972 1080
11920 341 0 949 1080
11921 318 0 926 1080
11922 294 0 902 1080
11923 269 0 877 1080
11924 210 0 818 1080
11925 134 0 742 1080
11926 59 0 667 1080
11927 37 0 645 1080
11928 65 0 673 1080
11929 130 0 738 1080
11930 210 0 818 1080
11931 290 0 898 1080
11932 361 0 969 1080
11933 414 0 1022 1080
11934 387 0 995 1080
11935 364 0 972 1080
11936 350 0 958 1080
11937 350 0 958 1080
11938 364 0 972 1080
11939 389 0 997 1080
11940 422 0 1030 1080
11941 457 0 1065 1080
11942 498 0 1106 1080
11943 538 0 1146 1080
11944 570 0 1178 1080
11945 591 0 1199 1080
11946 593 0 1201 1080
11947 588 0 1196 1080
11948 577 0 1185 1080
11949 564 0 1172 1080
11950 555 0 1163 1080
11951 551 0 1159 1080
11952 553 0 1161 1080
11953 559 0 1167 1080
11954 569 0 1177 1080
11955 579 0 1187 1080
11956 588 0 1196 1080
11957 595 0 1203 1080
11958 597 0 1205 1080
11959 597 0 1205 1080
11960 592 0 1200 1080
11961 583 0 1191 1080
11962 576 0 1184 1080
11963 574 0 1182 1080
11964 574 0 1182 1080
11965 574 0 1182 1080
11966 567 0 1175 1080
11967 549 0 1157 1080
11968 533 0 1141 1080
11969 521 0 1129 1080
11970 515 0 1123 1080
11971 516 0 1124 1080
11972 509 0 1117 1080
11973 498 0 1106 1080
11974 487 0 1095 1080
11975 480 0 1088 1080
11976 478 0 1086 1080
11977 481 0 1089 1080
11978 492 0 1100 1080
11979 509 0 1117 1080
11980 530 0 1138 1080
11981 553 0 1161 1080
11982 574 0 1182 1080
11983 589 0 1197 1080
11984 597 0 1205 1080
11985 597 0 1205 1080
11986 592 0 1200 1080
11987 586 0 1194 1080
11988 581 0 1189 1080
11989 555 0 1163 1080
11990 517 0 1125 1080
11991 479 0 1087 1080
11992 449 0 1057 1080
11993 429 0 1037 1080
11994 451 0 1059 1080
11995 500 0 1108 1080
11996 561 0 1169 1080
11997 596 0 1204 1080
11998 606 0 1214 1080
11999 592 0 1200 1080
12000 559 0 1167 1080
12001 517 0 1125 1080
12002 491 0 1099 1080
12003 490 0 1098 1080
12004 566 0 1174 1080
12005 646 0 1254 1080
12006 726 0 1334 1080
12007 806 0 1414 1080
12008 880 0 1488 1080
12009 931 0 1539 1080
12010 951 0 1559 1080
12011 947 0 1555 1080
12012 916 0 1524 1080
12013 866 0 1474 1080
12014 807 0 1415 1080
12015 750 0 1358 1080
12016 703 0 1311 1080
12017 673 0 1281 1080
12018 664 0 1272 1080
12019 673 0 1281 1080
12020 696 0 1304 1080
12021 720 0 1328 1080
12022 737 0 1345 1080
12023 747 0 1355 1080
12024 748 0 1356 1080
12025 742 0 1350 1080
12026 732 0 1340 1080
12027 735 0 1343 1080
12028 746 0 1354 1080
12029 761 0 1369 1080
12030 774 0 1382 1080
12031 783 0 1391 1080
12032 787 0 1395 1080
12033 785 0 1393 1080
12034 778 0 1386 1080
12035 767 0 1375 1080
12036 755 0 1363 1080
12037 742 0 1350 1080
12038 730 0 1338 1080
12039 720 0 1328 1080
12040 715 0 1323 1080
12041 710 0 1318 1080
12042 705 0 1313 1080
12043 700 0 1308 1080
12044 695 0 1303 1080
12045 690 0 1298 1080
12046 685 0 1293 1080
12047 681 0 1289 1080
12048 677 0 1285 1080
12049 675 0 1283 1080
12050 670 0 1278 1080
12051 665 0 1273 1080
12052 641 0 1249 1080
12053 608 0 1216 1080
12054 576 0 1184 1080
12055 551 0 1159 1080
12056 538 0 1146 1080
12057 543 0 1151 1080
12058 561 0 1169 1080
12059 563 0 1171 1080
12060 554 0 1162 1080
12061 545 0 1153 1080
12062 542 0 1150 1080
12063 543 0 1151 1080
12064 538 0 1146 1080
12065 522 0 1130 1080
12066 505 0 1113 1080
12067 495 0 1103 1080
12068 497 0 1105 1080
12069 510 0 1118 1080
12070 551 0 1159 1080
12071 588 0 1196 1080
12072 633 0 1241 1080
12073 676 0 1284 1080
12074 709 0 1317 1080
12075 727 0 1335 1080
12076 727 0 1335 1080
12077 725 0 1333 1080
12078 706 0 1314 1080
12079 691 0 1299 1080
12080 684 0 1292 1080
12081 684 0 1292 1080
12082 690 0 1298 1080
12083 692 0 1300 1080
12084 686 0 1294 1080
12085 766 0 1374 1080
12086 808 0 1416 1080
12087 812 0 1420 1080
12088 784 0 1392 1080
12089 749 0 1357 1080
12090 705 0 1313 1080
12091 663 0 1271 1080
12092 633 0 1241 1080
12093 619 0 1227 1080
12094 625 0 1233 1080
12095 646 0 1254 1080
12096 676 0 1284 1080
12097 710 0 1318 1080
12098 742 0 1350 1080
12099 767 0 1375 1080
12100 784 0 1392 1080
12101 791 0 1399 1080
12102 791 0 1399 1080
12103 786 0 1394 1080
12104 813 0 1421 1080
12105 865 0 1473 1080
12106 929 0 1537 1080
12107 995 0 1603 1080
12108 1052 0 1660 1080
12109 1095 0 1703 1080
12110 1122 0 1730 1080
12111 1133 0 1741 1080
12112 1132 0 1740 1080
12113 1124 0 1732 1080
12114 1113 0 1721 1080
12115 1099 0 1707 1080
12116 1086 0 1694 1080
12117 1073 0 1681 1080
12118 1062 0 1670 1080
12119 1054 0 1662 1080
12120 1047 0 1655 1080
12121 1041 0 1649 1080
12122 1036 0 1644 1080
12123 1031 0 1639 1080
12124 1027 0 1635 1080
12125 1027 0 1635 1080
12126 1030 0 1638 1080
12127 1039 0 1647 1080
12128 1047 0 1655 1080
12129 1054 0 1662 1080
12130 1059 0 1667 1080
12131 1060 0 1668 1080
12132 1072 0 1680 1080
12133 1096 0 1704 1080
12134 1126 0 1734 1080
12135 1158 0 1766 1080
12136 1186 0 1794 1080
12137 1206 0 1814 1080
12138 1216 0 1824 1080
12139 1217 0 1825 1080
12140 1209 0 1817 1080
12141 1197 0 1805 1080
12142 1186 0 1794 1080
12143 1178 0 1786 1080
12144 1175 0 1783 1080
12145 1181 0 1789 1080
12146 1193 0 1801 1080
12147 1209 0 1817 1080
12148 1225 0 1833 1080
12149 1239 0 1847 1080
12150 1249 0 1857 1080
12151 1255 0 1863 1080
12152 1258 0 1866 1080
12153 1258 0 1866 1080
12154 1257 0 1865 1080
12155 1255 0 1863 1080
12156 1235 0 1843 1080
12157 1201 0 1809 1080
12158 1163 0 1771 1080
12159 1126 0 1734 1080
12160 1098 0 1706 1080
12161 1080 0 1688 1080
12162 1060 0 1668 1080
12163 1039 0 1647 1080
12164 1021 0 1629 1080
12165 1011 0 1619 1080
12166 1007 0 1615 1080
12167 1010 0 1618 1080
12168 1018 0 1626 1080
12169 1031 0 1639 1080
12170 1045 0 1653 1080
12171 1056 0 1664 1080
12172 1062 0 1670 1080
12173 1062 0 1670 1080
12174 1057 0 1665 1080
12175 1048 0 1656 1080
12176 1037 0 1645 1080
12177 1025 0 1633 1080
12178 1012 0 1620 1080
12179 1003 0 1611 1080
12180 992 0 1600 1080
12181 983 0 1591 1080
12182 977 0 1585 1080
12183 973 0 1581 1080
12184 971 0 1579 1080
12185 972 0 1580 1080
12186 974 0 1582 1080
12187 975 0 1583 1080
12188 974 0 1582 1080
12189 1033 0 1641 1080
12190 1057 0 1665 1080
12191 1050 0 1658 1080
12192 1020 0 1628 1080
12193 979 0 1587 1080
12194 939 0 1547 1080
12195 867 0 1475 1080
12196 787 0 1395 1080
12197 714 0 1322 1080
12198 682 0 1290 1080
12199 689 0 1297 1080
12200 728 0 1336 1080
12201 785 0 1393 1080
12202 843 0 1451 1080
12203 889 0 1497 1080
12204 916 0 1524 1080
12205 922 0 1530 1080
12206 906 0 1514 1080
12207 879 0 1487 1080
12208 846 0 1454 1080
12209 816 0 1424 1080
12210 795 0 1403 1080
12211 786 0 1394 1080
12212 789 0 1397 1080
12213 801 0 1409 1080
12214 815 0 1423 1080
12215 829 0 1437 1080
12216 841 0 1449 1080
12217 849 0 1457 1080
12218 853 0 1461 1080
12219 854 0 1462 1080
12220 851 0 1459 1080
12221 846 0 1454 1080
12222 841 0 1449 1080
12223 838 0 1446 1080
12224 841 0 1449 1080
12225 849 0 1457 1080
12226 860 0 1468 1080
12227 871 0 1479 1080
12228 882 0 1490 1080
12229 891 0 1499 1080
12230 900 0 1508 1080
12231 909 0 1517 1080
12232 919 0 1527 1080
12233 932 0 1540 1080
12234 946 0 1554 1080
12235 962 0 1570 1080
12236 977 0 1585 1080
12237 990 0 1598 1080
12238 999 0 1607 1080
12239 1005 0 1613 1080
12240 1010 0 1618 1080
12241 1017 0 1625 1080
12242 1026 0 1634 1080
12243 1036 0 1644 1080
12244 1046 0 1654 1080
12245 1055 0 1663 1080
12246 1062 0 1670 1080
12247 1065 0 1673 1080
12248 1061 0 1669 1080
12249 1051 0 1659 1080
12250 1038 0 1646 1080
12251 1026 0 1634 1080
12252 1019 0 1627 1080
12253 1020 0 1628 1080
12254 1027 0 1635 1080
12255 1038 0 1646 1080
12256 1051 0 1659 1080
12257 1062 0 1670 1080
12258 1066 0 1674 1080
12259 1064 0 1672 1080
12260 1057 0 1665 1080
12261 1048 0 1656 1080
12262 1040 0 1648 1080
12263 1032 0 1640 1080
12264 1026 0 1634 1080
12265 1022 0 1630 1080
12266 1021 0 1629 1080
12267 1017 0 1625 1080
12268 1011 0 1619 1080
12269 1001 0 1609 1080
12270 991 0 1599 1080
12271 982 0 1590 1080
12272 977 0 1585 1080
12273 977 0 1585 1080
12274 980 0 1588 1080
12275 984 0 1592 1080
12276 989 0 1597 1080
12277 992 0 1600 1080
12278 991 0 1599 1080
12279 988 0 1596 1080
12280 985 0 1593 1080
12281 983 0 1591 1080
12282 982 0 1590 1080
12283 982 0 1590 1080
12284 983 0 1591 1080
12285 983 0 1591 1080
12286 981 0 1589 1080
12287 976 0 1584 1080
12288 969 0 1577 1080
12289 960 0 1568 1080
12290 952 0 1560 1080
12291 947 0 1555 1080
12292 945 0 1553 1080
12293 946 0 1554 1080
12294 949 0 1557 1080
12295 952 0 1560 1080
12296 953 0 1561 1080
12297 948 0 1556 1080
12298 938 0 1546 1080
12299 923 0 1531 1080
12300 907 0 1515 1080
12301 896 0 1504 1080
12302 891 0 1499 1080
12303 895 0 1503 1080
12304 905 0 1513 1080
12305 920 0 1528 1080
12306 937 0 1545 1080
12307 951 0 1559 1080
12308 960 0 1568 1080
12309 965 0 1573 1080
12310 966 0 1574 1080
12311 966 0 1574 1080
12312 965 0 1573 1080
12313 966 0 1574 1080
12314 969 0 1577 1080
12315 973 0 1581 1080
12316 979 0 1587 1080
12317 985 0 1593 1080
12318 991 0 1599 1080
12319 997 0 1605 1080
12320 1003 0 1611 1080
12321 1009 0 1617 1080
12322 1014 0 1622 1080
12323 1020 0 1628 1080
12324 1026 0 1634 1080
12325 1031 0 1639 1080
12326 1036 0 1644 1080
12327 1040 0 1648 1080
12328 1043 0 1651 1080
12329 1044 0 1652 1080
12330 1044 0 1652 1080
12331 1044 0 1652 1080
12332 1044 0 1652 1080
12333 1045 0 1653 1080
12334 1045 0 1653 1080
12335 1047 0 1655 1080
12336 1050 0 1658 1080
12337 1053 0 1661 1080
12338 1054 0 1662 1080
12339 1054 0 1662 1080
12340 1051 0 1659 1080
12341 1048 0 1656 1080
12342 1043 0 1651 1080
12343 1038 0 1646 1080
12344 1032 0 1640 1080
12345 1025 0 1633 1080
12346 1015 0 1623 1080
12347 1003 0 1611 1080
12348 984 0 1592 1080
12349 957 0 1565 1080
12350 926 0 1534 1080
12351 896 0 1504 1080
12352 872 0 1480 1080
12353 857 0 1465 1080
12354 827 0 1435 1080
12355 802 0 1410 1080
12356 782 0 1390 1080
12357 768 0 1376 1080
12358 758 0 1366 1080
12359 751 0 1359 1080
12360 736 0 1344 1080
12361 714 0 1322 1080
12362 669 0 1277 1080
12363 629 0 1237 1080
12364 595 0 1203 1080
12365 571 0 1179 1080
12366 556 0 1164 1080
12367 550 0 1158 1080
12368 546 0 1154 1080
12369 539 0 1147 1080
12370 530 0 1138 1080
12371 518 0 1126 1080
12372 501 0 1109 1080
12373 482 0 1090 1080
12374 460 0 1068 1080
12375 454 0 1062 1080
12376 430 0 1038 1080
12377 410 0 1018 1080
12378 393 0 1001 1080
12379 379 0 987 1080
12380 373 0 981 1080
12381 373 0 981 1080
12382 378 0 986 1080
12383 386 0 994 1080
12384 394 0 1002 1080
12385 397 0 1005 1080
12386 383 0 991 1080
12387 356 0 964 1080
12388 329 0 937 1080
12389 306 0 914 1080
12390 283 0 891 1080
12391 262 0 870 1080
12392 246 0 854 1080
12393 234 0 842 1080
12394 228 0 836 1080
12395 228 0 836 1080
12396 234 0 842 1080
12397 240 0 848 1080
12398 244 0 852 1080
12399 246 0 854 1080
12400 245 0 853 1080
12401 242 0 850 1080
12402 254 0 862 1080
12403 279 0 887 1080
12404 311 0 919 1080
12405 347 0 955 1080
12406 381 0 989 1080
12407 408 0 1016 1080
12408 460 0 1068 1080
12409 525 0 1133 1080
12410 587 0 1195 1080
12411 634 0 1242 1080
12412 661 0 1269 1080
12413 680 0 1288 1080
12414 698 0 1306 1080
12415 730 0 1338 1080
12416 776 0 1384 1080
12417 831 0 1439 1080
12418 892 0 1500 1080
12419 952 0 1560 1080
12420 1005 0 1613 1080
12421 1044 0 1652 1080
12422 1065 0 1673 1080
12423 1081 0 1689 1080
12424 1090 0 1698 1080
12425 1092 0 1700 1080
12426 1089 0 1697 1080
12427 1082 0 1690 1080
12428 1074 0 1682 1080
12429 1066 0 1674 1080
12430 1059 0 1667 1080
12431 1054 0 1662 1080
12432 1052 0 1660 1080
12433 1051 0 1659 1080
12434 1050 0 1658 1080
12435 1048 0 1656 1080
12436 1045 0 1653 1080
12437 1040 0 1648 1080
12438 1033 0 1641 1080
12439 1023 0 1631 1080
12440 1010 0 1618 1080
12441 990 0 1598 1080
12442 965 0 1573 1080
12443 936 0 1544 1080
12444 909 0 1517 1080
12445 886 0 1494 1080
12446 867 0 1475 1080
12447 847 0 1455 1080
12448 826 0 1434 1080
12449 803 0 1411 1080
12450 779 0 1387 1080
12451 758 0 1366 1080
12452 741 0 1349 1080
12453 726 0 1334 1080
12454 713 0 1321 1080
12455 703 0 1311 1080
12456 680 0 1288 1080
12457 643 0 1251 1080
12458 609 0 1217 1080
12459 580 0 1188 1080
12460 544 0 1152 1080
12461 506 0 1114 1080
12462 473 0 1081 1080
12463 463 0 1071 1080
12464 460 0 1068 1080
12465 447 0 1055 1080
12466 430 0 1038 1080
12467 409 0 1017 1080
12468 388 0 996 1080
12469 371 0 979 1080
12470 359 0 967 1080
12471 351 0 959 1080
12472 347 0 955 1080
12473 344 0 952 1080
12474 336 0 944 1080
12475 325 0 933 1080
12476 313 0 921 1080
12477 302 0 910 1080
12478 292 0 900 1080
12479 281 0 889 1080
12480 270 0 878 1080
12481 258 0 866 1080
12482 246 0 854 1080
12483 235 0 843 1080
12484 225 0 833 1080
12485 216 0 824 1080
12486 208 0 816 1080
12487 199 0 807 1080
12488 190 0 798 1080
12489 180 0 788 1080
12490 169 0 777 1080
12491 159 0 767 1080
12492 151 0 759 1080
12493 144 0 752 1080
12494 135 0 743 1080
12495 125 0 733 1080
12496 113 0 721 1080
12497 102 0 710 1080
12498 92 0 700 1080
12499 85 0 693 1080
12500 103 0 711 1080
12501 137 0 745 1080
12502 174 0 782 1080
12503 204 0 812 1080
12504 221 0 829 1080
12505 221 0 829 1080
12506 195 0 803 1080
12507 152 0 760 1080
12508 104 0 712 1080
12509 61 0 669 1080
12510 31 0 639 1080
12511 17 0 625 1080
12512 19 0 627 1080
12513 34 0 642 1080
12514 55 0 663 1080
12515 78 0 686 1080
12516 99 0 707 1080
12517 112 0 720 1080
12518 119 0 727 1080
12519 124 0 732 1080
12520 128 0 736 1080
12521 131 0 739 1080
12522 136 0 744 1080
12523 141 0 749 1080
12524 150 0 758 1080
12525 161 0 769 1080
12526 176 0 784 1080
12527 191 0 799 1080
12528 208 0 816 1080
12529 220 0 828 1080
12530 224 0 832 1080
12531 221 0 829 1080
12532 213 0 821 1080
12533 203 0 811 1080
12534 197 0 805 1080
12535 198 0 806 1080
12536 207 0 815 1080
12537 218 0 826 1080
12538 229 0 837 1080
12539 237 0 845 1080
12540 244 0 852 1080
12541 254 0 862 1080
12542 270 0 878 1080
12543 292 0 900 1080
12544 312 0 920 1080
12545 328 0 936 1080
12546 338 0 946 1080
12547 344 0 952 1080
12548 347 0 955 1080
12549 348 0 956 1080
12550 349 0 957 1080
12551 351 0 959 1080
12552 350 0 958 1080
12553 347 0 955 1080
12554 359 0 967 1080
12555 360 0 968 1080
12556 355 0 963 1080
12557 347 0 955 1080
12558 341 0 949 1080
12559 343 0 951 1080
12560 348 0 956 1080
12561 354 0 962 1080
12562 360 0 968 1080
12563 365 0 973 1080
12564 369 0 977 1080
12565 374 0 982 1080
12566 381 0 989 1080
12567 392 0 1000 1080
12568 400 0 1008 1080
12569 404 0 1012 1080
12570 421 0 1029 1080
12571 501 0 1109 1080
12572 541 0 1149 1080
12573 543 0 1151 1080
12574 523 0 1131 1080
12575 523 0 1131 1080
12576 538 0 1146 1080
12577 563 0 1171 1080
12578 594 0 1202 1080
12579 584 0 1192 1080
12580 542 0 1150 1080
12581 483 0 1091 1080
12582 424 0 1032 1080
12583 375 0 983 1080
12584 346 0 954 1080
12585 340 0 948 1080
12586 355 0 963 1080
12587 385 0 993 1080
12588 419 0 1027 1080
12589 452 0 1060 1080
12590 479 0 1087 1080
12591 497 0 1105 1080
12592 506 0 1114 1080
12593 504 0 1112 1080
12594 493 0 1101 1080
12595 475 0 1083 1080
12596 454 0 1062 1080
12597 434 0 1042 1080
12598 423 0 1031 1080
12599 420 0 1028 1080
12600 426 0 1034 1080
12601 438 0 1046 1080
12602 452 0 1060 1080
12603 464 0 1072 1080
12604 472 0 1080 1080
12605 474 0 1082 1080
12606 468 0 1076 1080
12607 456 0 1064 1080
12608 439 0 1047 1080
12609 415 0 1023 1080
12610 387 0 995 1080
12611 356 0 964 1080
12612 290 0 898 1080
12613 210 0 818 1080
12614 136 0 744 1080
12615 85 0 693 1080
12616 67 0 675 1080
12617 79 0 687 1080
12618 112 0 720 1080
12619 109 0 717 1080
12620 78 0 686 1080
12621 33 0 641 1080
12622 0 0 608 1080
12623 0 0 608 1080
12624 0 0 608 1080
12625 0 0 608 1080
12626 45 0 653 1080
12627 125 0 733 1080
12628 204 0 812 1080
12629 263 0 871 1080
12630 298 0 906 1080
12631 314 0 922 1080
12632 315 0 923 1080
12633 310 0 918 1080
12634 305 0 913 1080
12635 304 0 912 1080
12636 308 0 916 1080
12637 315 0 923 1080
12638 348 0 956 1080
12639 394 0 1002 1080
12640 442 0 1050 1080
12641 482 0 1090 1080
12642 509 0 1117 1080
12643 521 0 1129 1080
12644 519 0 1127 1080
12645 506 0 1114 1080
12646 487 0 1095 1080
12647 469 0 1077 1080
12648 485 0 1093 1080
12649 526 0 1134 1080
12650 583 0 1191 1080
12651 641 0 1249 1080
12652 691 0 1299 1080
12653 727 0 1335 1080
12654 747 0 1355 1080
12655 753 0 1361 1080
12656 746 0 1354 1080
12657 732 0 1340 1080
12658 716 0 1324 1080
12659 697 0 1305 1080
12660 683 0 1291 1080
12661 682 0 1290 1080
12662 692 0 1300 1080
12663 713 0 1321 1080
12664 741 0 1349 1080
12665 772 0 1380 1080
12666 802 0 1410 1080
12667 824 0 1432 1080
12668 837 0 1445 1080
12669 841 0 1449 1080
12670 837 0 1445 1080
12671 828 0 1436 1080
12672 818 0 1426 1080
12673 807 0 1415 1080
12674 798 0 1406 1080
12675 795 0 1403 1080
12676 796 0 1404 1080
12677 798 0 1406 1080
12678 798 0 1406 1080
12679 794 0 1402 1080
12680 784 0 1392 1080
12681 769 0 1377 1080
12682 762 0 1370 1080
12683 762 0 1370 1080
12684 767 0 1375 1080
12685 777 0 1385 1080
12686 791 0 1399 1080
12687 807 0 1415 1080
12688 821 0 1429 1080
12689 830 0 1438 1080
12690 835 0 1443 1080
12691 834 0 1442 1080
12692 830 0 1438 1080
12693 823 0 1431 1080
12694 817 0 1425 1080
12695 816 0 1424 1080
12696 816 0 1424 1080
12697 824 0 1432 1080
12698 854 0 1462 1080
12699 880 0 1488 1080
12700 896 0 1504 1080
12701 902 0 1510 1080
12702 910 0 1518 1080
12703 927 0 1535 1080
12704 949 0 1557 1080
12705 962 0 1570 1080
12706 973 0 1581 1080
12707 983 0 1591 1080
12708 991 0 1599 1080
12709 997 0 1605 1080
12710 1003 0 1611 1080
12711 1010 0 1618 1080
12712 1019 0 1627 1080
12713 1032 0 1640 1080
12714 1048 0 1656 1080
12715 1066 0 1674 1080
12716 1085 0 1693 1080
12717 1102 0 1710 1080
12718 1117 0 1725 1080
12719 1127 0 1735 1080
12720 1134 0 1742 1080
12721 1139 0 1747 1080
12722 1142 0 1750 1080
12723 1144 0 1752 1080
12724 1147 0 1755 1080
12725 1151 0 1759 1080
12726 1157 0 1765 1080
12727 1164 0 1772 1080
12728 1174 0 1782 1080
12729 1187 0 1795 1080
12730 1202 0 1810 1080
12731 1218 0 1826 1080
12732 1223 0 1831 1080
12733 1245 0 1853 1080
12734 1263 0 1871 1080
12735 1294 0 1902 1080
12736 1312 0 1920 1080
12737 1312 0 1920 1080
12738 1312 0 1920 1080
12739 1312 0 1920 1080
12740 1312 0 1920 1080
12741 1312 0 1920 1080
12742 1312 0 1920 1080
12743 1312 0 1920 1080
12744 1312 0 1920 1080
12745 1312 0 1920 1080
12746 1312 0 1920 1080
12747 1312 0 1920 1080
12748 1312 0 1920 1080
12749 1312 0 1920 1080
12750 1312 0 1920 1080
12751 1312 0 1920 1080
12752 1312 0 1920 1080
12753 1312 0 1920 1080
12754 1312 0 1920 1080
12755 1312 0 1920 1080
12756 1312 0 1920 1080
12757 1312 0 1920 1080
12758 1312 0 1920 1080
12759 1312 0 1920 1080
12760 1312 0 1920 1080
12761 1312 0 1920 1080
12762 1312 0 1920 1080
12763 1312 0 1920 1080
12764 1312 0 1920 1080
12765 1312 0 1920 1080
12766 1312 0 1920 1080
12767 1312 0 1920 1080
12768 1312 0 1920 1080
12769 1312 0 1920 1080
12770 1312 0 1920 1080
12771 1312 0 1920 1080
12772 1312 0 1920 1080
12773 1312 0 1920 1080
12774 1312 0 1920 1080
12775 1312 0 1920 1080
12776 1312 0 1920 1080
12777 1312 0 1920 1080
12778 1312 0 1920 1080
12779 1312 0 1920 1080
12780 1312 0 1920 1080
12781 1312 0 1920 1080
12782 1312 0 1920 1080
12783 1312 0 1920 1080
12784 1312 0 1920 1080
12785 1312 0 1920 1080
12786 1312 0 1920 1080
12787 1312 0 1920 1080
12788 1312 0 1920 1080
12789 1312 0 1920 1080
12790 1312 0 1920 1080
12791 1312 0 1920 1080
12792 1312 0 1920 1080
12793 1312 0 1920 1080
12794 1312 0 1920 1080
12795 1312 0 1920 1080
12796 1312 0 1920 1080
12797 1307 0 1915 1080
12798 1302 0 1910 1080
12799 1301 0 1909 1080
12800 1303 0 1911 1080
12801 1307 0 1915 1080
12802 1311 0 1919 1080
12803 1312 0 1920 1080
12804 1312 0 1920 1080
12805 1312 0 1920 1080
12806 1312 0 1920 1080
12807 1306 0 1914 1080
12808 1297 0 1905 1080
12809 1288 0 1896 1080
12810 1279 0 1887 1080
12811 1272 0 1880 1080
12812 1268 0 1876 1080
12813 1265 0 1873 1080
12814 1262 0 1870 1080
12815 1259 0 1867 1080
12816 1256 0 1864 1080
12817 1251 0 1859 1080
12818 1247 0 1855 1080
12819 1243 0 1851 1080
12820 1239 0 1847 1080
12821 1237 0 1845 1080
12822 1236 0 1844 1080
12823 1236 0 1844 1080
12824 1237 0 1845 1080
12825 1240 0 1848 1080
12826 1243 0 1851 1080
12827 1247 0 1855 1080
12828 1250 0 1858 1080
12829 1251 0 1859 1080
12830 1250 0 1858 1080
12831 1248 0 1856 1080
12832 1243 0 1851 1080
12833 1238 0 1846 1080
12834 1233 0 1841 1080
12835 1231 0 1839 1080
12836 1232 0 1840 1080
12837 1243 0 1851 1080
12838 1252 0 1860 1080
12839 1259 0 1867 1080
12840 1261 0 1869 1080
12841 1259 0 1867 1080
12842 1254 0 1862 1080
12843 1245 0 1853 1080
12844 1235 0 1843 1080
12845 1217 0 1825 1080
12846 1209 0 1817 1080
12847 1199 0 1807 1080
12848 1193 0 1801 1080
12849 1191 0 1799 1080
12850 1192 0 1800 1080
12851 1193 0 1801 1080
12852 1196 0 1804 1080
12853 1201 0 1809 1080
12854 1208 0 1816 1080
12855 1216 0 1824 1080
12856 1225 0 1833 1080
12857 1234 0 1842 1080
12858 1242 0 1850 1080
12859 1250 0 1858 1080
12860 1256 0 1864 1080
12861 1260 0 1868 1080
12862 1263 0 1871 1080
12863 1265 0 1873 1080
12864 1283 0 1891 1080
12865 1309 0 1917 1080
12866 1312 0 1920 1080
12867 1312 0 1920 1080
12868 1312 0 1920 1080
12869 1312 0 1920 1080
12870 1312 0 1920 1080
12871 1312 0 1920 1080
12872 1312 0 1920 1080
12873 1312 0 1920 1080
12874 1312 0 1920 1080
12875 1312 0 1920 1080
12876 1312 0 1920 1080
12877 1312 0 1920 1080
12878 1312 0 1920 1080
12879 1312 0 1920 1080
12880 1312 0 1920 1080
12881 1312 0 1920 1080
12882 1312 0 1920 1080
12883 1312 0 1920 1080
12884 1307 0 1915 1080
12885 1292 0 1900 1080
12886 1285 0 1893 1080
12887 1285 0 1893 1080
12888 1288 0 1896 1080
12889 1292 0 1900 1080
12890 1298 0 1906 1080
12891 1303 0 1911 1080
12892 1267 0 1875 1080
12893 1202 0 1810 1080
12894 1125 0 1733 1080
12895 1052 0 1660 1080
12896 995 0 1603 1080
12897 970 0 1578 1080
12898 974 0 1582 1080
12899 1000 0 1608 1080
12900 1037 0 1645 1080
12901 1075 0 1683 1080
12902 1105 0 1713 1080
12903 1169 0 1777 1080
12904 1245 0 1853 1080
12905 1269 0 1877 1080
12906 1245 0 1853 1080
12907 1187 0 1795 1080
12908 1113 0 1721 1080
12909 1038 0 1646 1080
12910 978 0 1586 1080
12911 940 0 1548 1080
12912 926 0 1534 1080
12913 926 0 1534 1080
12914 938 0 1546 1080
12915 960 0 1568 1080
12916 993 0 1601 1080
12917 1027 0 1635 1080
12918 1056 0 1664 1080
12919 1073 0 1681 1080
12920 1082 0 1690 1080
12921 1078 0 1686 1080
12922 1073 0 1681 1080
12923 1068 0 1676 1080
12924 1064 0 1672 1080
12925 1062 0 1670 1080
12926 1071 0 1679 1080
12927 1090 0 1698 1080
12928 1115 0 1723 1080
12929 1154 0 1762 1080
12930 1185 0 1793 1080
12931 1204 0 1812 1080
12932 1217 0 1825 1080
12933 1216 0 1824 1080
12934 1204 0 1812 1080
12935 1186 0 1794 1080
12936 1167 0 1775 1080
12937 1150 0 1758 1080
12938 1140 0 1748 1080
12939 1136 0 1744 1080
12940 1139 0 1747 1080
12941 1146 0 1754 1080
12942 1156 0 1764 1080
12943 1155 0 1763 1080
12944 1158 0 1766 1080
12945 1166 0 1774 1080
12946 1177 0 1785 1080
12947 1187 0 1795 1080
12948 1196 0 1804 1080
12949 1204 0 1812 1080
12950 1208 0 1816 1080
12951 1206 0 1814 1080
12952 1195 0 1803 1080
12953 1172 0 1780 1080
12954 1145 0 1753 1080
12955 1118 0 1726 1080
12956 1094 0 1702 1080
12957 1076 0 1684 1080
12958 1063 0 1671 1080
12959 1056 0 1664 1080
12960 1087 0 1695 1080
12961 1107 0 1715 1080
12962 1114 0 1722 1080
12963 1108 0 1716 1080
12964 1037 0 1645 1080
12965 957 0 1565 1080
12966 877 0 1485 1080
12967 797 0 1405 1080
12968 717 0 1325 1080
12969 639 0 1247 1080
12970 574 0 1182 1080
12971 526 0 1134 1080
12972 496 0 1104 1080
12973 482 0 1090 1080
12974 562 0 1170 1080
12975 612 0 1220 1080
12976 623 0 1231 1080
12977 596 0 1204 1080
12978 538 0 1146 1080
12979 461 0 1069 1080
12980 381 0 989 1080
12981 461 0 1069 1080
12982 495 0 1103 1080
12983 481 0 1089 1080
12984 425 0 1033 1080
12985 345 0 953 1080
12986 265 0 873 1080
12987 191 0 799 1080
12988 148 0 756 1080
12989 139 0 747 1080
12990 149 0 757 1080
12991 177 0 785 1080
12992 220 0 828 1080
12993 276 0 884 1080
12994 338 0 946 1080
12995 395 0 1003 1080
12996 468 0 1076 1080
12997 544 0 1152 1080
12998 609 0 1217 1080
12999 653 0 1261 1080
13000 673 0 1281 1080
13001 669 0 1277 1080
13002 652 0 1260 1080
13003 630 0 1238 1080
13004 610 0 1218 1080
13005 599 0 1207 1080
13006 582 0 1190 1080
13007 578 0 1186 1080
13008 599 0 1207 1080
13009 595 0 1203 1080
13010 610 0 1218 1080
13011 636 0 1244 1080
13012 665 0 1273 1080
13013 705 0 1313 1080
13014 748 0 1356 1080
13015 790 0 1398 1080
13016 825 0 1433 1080
13017 852 0 1460 1080
13018 870 0 1478 1080
13019 880 0 1488 1080
13020 883 0 1491 1080
13021 884 0 1492 1080
13022 884 0 1492 1080
13023 882 0 1490 1080
13024 962 0 1570 1080
13025 1014 0 1622 1080
13026 1036 0 1644 1080
13027 1034 0 1642 1080
13028 1014 0 1622 1080
13029 984 0 1592 1080
13030 958 0 1566 1080
13031 943 0 1551 1080
13032 938 0 1546 1080
13033 952 0 1560 1080
13034 977 0 1585 1080
13035 1013 0 1621 1080
13036 1051 0 1659 1080
13037 1104 0 1712 1080
13038 1149 0 1757 1080
13039 1200 0 1808 1080
13040 1249 0 1857 1080
13041 1293 0 1901 1080
13042 1312 0 1920 1080
13043 1312 0 1920 1080
13044 1312 0 1920 1080
13045 1312 0 1920 1080
13046 1312 0 1920 1080
13047 1312 0 1920 1080
13048 1312 0 1920 1080
13049 1312 0 1920 1080
13050 1312 0 1920 1080
13051 1312 0 1920 1080
13052 1312 0 1920 1080
13053 1312 0 1920 1080
13054 1312 0 1920 1080
13055 1312 0 1920 1080
13056 1312 0 1920 1080
13057 1312 0 1920 1080
13058 1309 0 1917 1080
13059 1229 0 1837 1080
13060 1158 0 1766 1080
13061 1115 0 1723 1080
13062 1101 0 1709 1080
13063 1115 0 1723 1080
13064 1144 0 1752 1080
13065 1224 0 1832 1080
13066 1304 0 1912 1080
13067 1312 0 1920 1080
13068 1312 0 1920 1080
13069 1312 0 1920 1080
13070 1312 0 1920 1080
13071 1312 0 1920 1080
13072 1312 0 1920 1080
13073 1312 0 1920 1080
13074 1312 0 1920 1080
13075 1312 0 1920 1080
13076 1312 0 1920 1080
13077 1312 0 1920 1080
13078 1312 0 1920 1080
13079 1312 0 1920 1080
13080 1312 0 1920 1080
13081 1312 0 1920 1080
13082 1312 0 1920 1080
13083 1312 0 1920 1080
13084 1312 0 1920 1080
13085 1312 0 1920 1080
13086 1312 0 1920 1080
13087 1312 0 1920 1080
13088 1312 0 1920 1080
13089 1312 0 1920 1080
13090 1312 0 1920 1080
13091 1312 0 1920 1080
13092 1312 0 1920 1080
13093 1312 0 1920 1080
13094 1312 0 1920 1080
13095 1312 0 1920 1080
13096 1312 0 1920 1080
13097 1291 0 1899 1080
13098 1212 0 1820 1080
13099 1149 0 1757 1080
13100 1112 0 1720 1080
13101 1103 0 1711 1080
13102 1120 0 1728 1080
13103 1156 0 1764 1080
13104 1201 0 1809 1080
13105 1243 0 1851 1080
13106 1275 0 1883 1080
13107 1293 0 1901 1080
13108 1298 0 1906 1080
13109 1291 0 1899 1080
13110 1276 0 1884 1080
13111 1258 0 1866 1080
13112 1241 0 1849 1080
13113 1227 0 1835 1080
13114 1218 0 1826 1080
13115 1216 0 1824 1080
13116 1219 0 1827 1080
13117 1226 0 1834 1080
13118 1234 0 1842 1080
13119 1242 0 1850 1080
13120 1248 0 1856 1080
13121 1251 0 1859 1080
13122 1250 0 1858 1080
13123 1247 0 1855 1080
13124 1241 0 1849 1080
13125 1234 0 1842 1080
13126 1225 0 1833 1080
13127 1218 0 1826 1080
13128 1213 0 1821 1080
13129 1211 0 1819 1080
13130 1268 0 1876 1080
13131 1312 0 1920 1080
13132 1312 0 1920 1080
13133 1312 0 1920 1080
13134 1312 0 1920 1080
13135 1312 0 1920 1080
13136 1312 0 1920 1080
13137 1312 0 1920 1080
13138 1312 0 1920 1080
13139 1312 0 1920 1080
13140 1312 0 1920 1080
13141 1312 0 1920 1080
13142 1312 0 1920 1080
13143 1312 0 1920 1080
13144 1312 0 1920 1080
13145 1312 0 1920 1080
13146 1312 0 1920 1080
13147 1312 0 1920 1080
13148 1312 0 1920 1080
13149 1312 0 1920 1080
13150 1312 0 1920 1080
13151 1312 0 1920 1080
13152 1312 0 1920 1080
13153 1312 0 1920 1080
13154 1312 0 1920 1080
13155 1312 0 1920 1080
13156 1312 0 1920 1080
13157 1312 0 1920 1080
13158 1312 0 1920 1080
13159 1312 0 1920 1080
13160 1312 0 1920 1080
13161 1312 0 1920 1080
13162 1312 0 1920 1080
13163 1312 0 1920 1080
13164 1312 0 1920 1080
13165 1312 0 1920 1080
13166 1312 0 1920 1080
13167 1312 0 1920 1080
13168 1312 0 1920 1080
13169 1312 0 1920 1080
13170 1312 0 1920 1080
13171 1312 0 1920 1080
13172 1312 0 1920 1080
13173 1312 0 1920 1080
13174 1312 0 1920 1080
13175 1312 0 1920 1080
13176 1312 0 1920 1080
13177 1312 0 1920 1080
13178 1312 0 1920 1080
13179 1312 0 1920 1080
13180 1312 0 1920 1080
13181 1312 0 1920 1080
13182 1312 0 1920 1080
13183 1312 0 1920 1080
13184 1312 0 1920 1080
13185 1312 0 1920 1080
13186 1312 0 1920 1080
13187 1312 0 1920 1080
13188 1312 0 1920 1080
13189 1312 0 1920 1080
13190 1312 0 1920 1080
13191 1312 0 1920 1080
13192 1312 0 1920 1080
13193 1312 0 1920 1080
13194 1312 0 1920 1080
13195 1312 0 1920 1080
13196 1312 0 1920 1080
13197 1312 0 1920 1080
13198 1312 0 1920 1080
13199 1312 0 1920 1080
13200 1312 0 1920 1080
13201 1312 0 1920 1080
13202 1312 0 1920 1080
13203 1312 0 1920 1080
13204 1312 0 1920 1080
13205 1312 0 1920 1080
13206 1312 0 1920 1080
13207 1312 0 1920 1080
13208 1312 0 1920 1080
13209 1312 0 1920 1080
13210 1312 0 1920 1080
13211 1312 0 1920 1080
13212 1312 0 1920 1080
13213 1312 0 1920 1080
13214 1312 0 1920 1080
13215 1312 0 1920 1080
13216 1312 0 1920 1080
13217 1312 0 1920 1080
13218 1312 0 1920 1080
13219 1312 0 1920 1080
13220 1312 0 1920 1080
13221 1312 0 1920 1080
13222 1312 0 1920 1080
13223 1312 0 1920 1080
13224 1312 0 1920 1080
13225 1312 0 1920 1080
13226 1312 0 1920 1080
13227 1312 0 1920 1080
13228 1312 0 1920 1080
13229 1312 0 1920 1080
13230 1312 0 1920 1080
13231 1312 0 1920 1080
13232 1312 0 1920 1080
13233 1312 0 1920 1080
13234 1312 0 1920 1080
13235 1312 0 1920 1080
13236 1312 0 1920 1080
13237 1312 0 1920 1080
13238 1312 0 1920 1080
13239 1312 0 1920 1080
13240 1312 0 1920 1080
13241 1312 0 1920 1080
13242 1312 0 1920 1080
13243 1312 0 1920 1080
13244 1312 0 1920 1080
13245 1312 0 1920 1080
13246 1312 0 1920 1080
13247 1312 0 1920 1080
13248 1312 0 1920 1080
13249 1312 0 1920 1080
13250 1312 0 1920 1080
13251 1312 0 1920 1080
13252 1312 0 1920 1080
13253 1312 0 1920 1080
13254 1296 0 1904 1080
13255 1216 0 1824 1080
13256 1136 0 1744 1080
13257 1056 0 1664 1080
13258 1050 0 1658 1080
13259 1130 0 1738 1080
13260 1210 0 1818 1080
13261 1290 0 1898 1080
13262 1312 0 1920 1080
13263 1312 0 1920 1080
13264 1312 0 1920 1080
13265 1312 0 1920 1080
13266 1312 0 1920 1080
13267 1312 0 1920 1080
13268 1312 0 1920 1080
13269 1312 0 1920 1080
13270 1312 0 1920 1080
13271 1312 0 1920 1080
13272 1312 0 1920 1080
13273 1312 0 1920 1080
13274 1312 0 1920 1080
13275 1312 0 1920 1080
13276 1312 0 1920 1080
13277 1312 0 1920 1080
13278 1312 0 1920 1080
13279 1312 0 1920 1080
13280 1312 0 1920 1080
13281 1312 0 1920 1080
13282 1312 0 1920 1080
13283 1312 0 1920 1080
13284 1312 0 1920 1080
13285 1312 0 1920 1080
13286 1312 0 1920 1080
13287 1312 0 1920 1080
13288 1312 0 1920 1080
13289 1312 0 1920 1080
13290 1312 0 1920 1080
13291 1312 0 1920 1080
13292 1312 0 1920 1080
13293 1312 0 1920 1080
13294 1312 0 1920 1080
13295 1312 0 1920 1080
13296 1312 0 1920 1080
13297 1312 0 1920 1080
13298 1312 0 1920 1080
13299 1312 0 1920 1080
13300 1312 0 1920 1080
13301 1312 0 1920 1080
13302 1312 0 1920 1080
13303 1312 0 1920 1080
13304 1312 0 1920 1080
13305 1312 0 1920 1080
13306 1312 0 1920 1080
13307 1312 0 1920 1080
13308 1312 0 1920 1080
13309 1312 0 1920 1080
13310 1312 0 1920 1080
13311 1312 0 1920 1080
13312 1312 0 1920 1080
13313 1312 0 1920 1080
13314 1312 0 1920 1080
13315 1312 0 1920 1080
13316 1312 0 1920 1080
13317 1312 0 1920 1080
13318 1312 0 1920 1080
13319 1312 0 1920 1080
13320 1312 0 1920 1080
13321 1312 0 1920 1080
13322 1312 0 1920 1080
13323 1312 0 1920 1080
13324 1312 0 1920 1080
13325 1312 0 1920 1080
13326 1312 0 1920 1080
13327 1312 0 1920 1080
13328 1312 0 1920 1080
13329 1312 0 1920 1080
13330 1312 0 1920 1080
13331 1312 0 1920 1080
13332 1312 0 1920 1080
13333 1312 0 1920 1080
13334 1312 0 1920 1080
13335 1312 0 1920 1080
13336 1312 0 1920 1080
13337 1312 0 1920 1080
13338 1312 0 1920 1080
13339 1312 0 1920 1080
13340 1312 0 1920 1080
13341 1312 0 1920 1080
13342 1312 0 1920 1080
13343 1312 0 1920 1080
13344 1312 0 1920 1080
13345 1312 0 1920 1080
13346 1312 0 1920 1080
13347 1308 0 1916 1080
13348 1295 0 1903 1080
13349 1284 0 1892 1080
13350 1280 0 1888 1080
13351 1281 0 1889 1080
13352 1288 0 1896 1080
13353 1298 0 1906 1080
13354 1307 0 1915 1080
13355 1312 0 1920 1080
13356 1312 0 1920 1080
13357 1312 0 1920 1080
13358 1312 0 1920 1080
13359 1312 0 1920 1080
13360 1312 0 1920 1080
13361 1312 0 1920 1080
13362 1312 0 1920 1080
13363 1312 0 1920 1080
13364 1312 0 1920 1080
13365 1312 0 1920 1080
13366 1312 0 1920 1080
13367 1312 0 1920 1080
13368 1312 0 1920 1080
13369 1312 0 1920 1080
13370 1312 0 1920 1080
13371 1312 0 1920 1080
13372 1312 0 1920 1080
13373 1312 0 1920 1080
13374 1312 0 1920 1080
13375 1312 0 1920 1080
13376 1312 0 1920 1080
13377 1312 0 1920 1080
13378 1312 0 1920 1080
13379 1312 0 1920 1080
13380 1312 0 1920 1080
13381 1312 0 1920 1080
13382 1312 0 1920 1080
13383 1312 0 1920 1080
13384 1312 0 1920 1080
13385 1312 0 1920 1080
13386 1312 0 1920 1080
13387 1312 0 1920 1080
13388 1312 0 1920 1080
13389 1312 0 1920 1080
13390 1312 0 1920 1080
13391 1312 0 1920 1080
13392 1312 0 1920 1080
13393 1312 0 1920 1080
13394 1312 0 1920 1080
13395 1312 0 1920 1080
13396 1312 0 1920 1080
13397 1312 0 1920 1080
13398 1312 0 1920 1080
13399 1312 0 1920 1080
13400 1312 0 1920 1080
13401 1312 0 1920 1080
13402 1312 0 1920 1080
13403 1312 0 1920 1080
13404 1312 0 1920 1080
13405 1306 0 1914 1080
13406 1296 0 1904 1080
13407 1287 0 1895 1080
13408 1279 0 1887 1080
13409 1271 0 1879 1080
13410 1261 0 1869 1080
13411 1250 0 1858 1080
13412 1235 0 1843 1080
13413 1217 0 1825 1080
13414 1199 0 1807 1080
13415 1184 0 1792 1080
13416 1173 0 1781 1080
13417 1102 0 1710 1080
13418 1022 0 1630 1080
13419 942 0 1550 1080
13420 862 0 1470 1080
13421 799 0 1407 1080
13422 756 0 1364 1080
13423 737 0 1345 1080
13424 740 0 1348 1080
13425 720 0 1328 1080
13426 684 0 1292 1080
13427 643 0 1251 1080
13428 606 0 1214 1080
13429 584 0 1192 1080
13430 578 0 1186 1080
13431 590 0 1198 1080
13432 615 0 1223 1080
13433 648 0 1256 1080
13434 682 0 1290 1080
13435 713 0 1321 1080
13436 736 0 1344 1080
13437 750 0 1358 1080
13438 756 0 1364 1080
13439 755 0 1363 1080
13440 752 0 1360 1080
13441 747 0 1355 1080
13442 746 0 1354 1080
13443 750 0 1358 1080
13444 759 0 1367 1080
13445 773 0 1381 1080
13446 790 0 1398 1080
13447 806 0 1414 1080
13448 821 0 1429 1080
13449 831 0 1439 1080
13450 836 0 1444 1080
13451 837 0 1445 1080
13452 835 0 1443 1080
13453 831 0 1439 1080
13454 814 0 1422 1080
13455 734 0 1342 1080
13456 676 0 1284 1080
13457 648 0 1256 1080
13458 650 0 1258 1080
13459 675 0 1283 1080
13460 716 0 1324 1080
13461 760 0 1368 1080
13462 694 0 1302 1080
13463 659 0 1267 1080
13464 655 0 1263 1080
13465 679 0 1287 1080
13466 720 0 1328 1080
13467 767 0 1375 1080
13468 810 0 1418 1080
13469 735 0 1343 1080
13470 655 0 1263 1080
13471 575 0 1183 1080
13472 495 0 1103 1080
13473 415 0 1023 1080
13474 335 0 943 1080
13475 258 0 866 1080
13476 200 0 808 1080
13477 168 0 776 1080
13478 164 0 772 1080
13479 182 0 790 1080
13480 262 0 870 1080
13481 329 0 937 1080
13482 370 0 978 1080
13483 384 0 992 1080
13484 372 0 980 1080
13485 343 0 951 1080
13486 273 0 881 1080
13487 193 0 801 1080
13488 113 0 721 1080
13489 33 0 641 1080
13490 0 0 608 1080
13491 0 0 608 1080
13492 0 0 608 1080
13493 0 0 608 1080
13494 0 0 608 1080
13495 0 0 608 1080
13496 0 0 608 1080
13497 0 0 608 1080
13498 0 0 608 1080
13499 57 0 665 1080
13500 137 0 745 1080
13501 217 0 825 1080
13502 297 0 905 1080
13503 377 0 985 1080
13504 457 0 1065 1080
13505 537 0 1145 1080
13506 617 0 1225 1080
13507 686 0 1294 1080
13508 727 0 1335 1080
13509 732 0 1340 1080
13510 706 0 1314 1080
13511 654 0 1262 1080
13512 590 0 1198 1080
13513 529 0 1137 1080
13514 475 0 1083 1080
13515 435 0 1043 1080
13516 414 0 1022 1080
13517 408 0 1016 1080
13518 415 0 1023 1080
13519 429 0 1037 1080
13520 446 0 1054 1080
13521 462 0 1070 1080
13522 472 0 1080 1080
13523 475 0 1083 1080
13524 470 0 1078 1080
13525 457 0 1065 1080
13526 438 0 1046 1080
13527 416 0 1024 1080
13528 395 0 1003 1080
13529 377 0 985 1080
13530 365 0 973 1080
13531 362 0 970 1080
13532 364 0 972 1080
13533 372 0 980 1080
13534 381 0 989 1080
13535 388 0 996 1080
13536 387 0 995 1080
13537 377 0 985 1080
13538 354 0 962 1080
13539 322 0 930 1080
13540 286 0 894 1080
13541 242 0 850 1080
13542 191 0 799 1080
13543 160 0 768 1080
13544 151 0 759 1080
13545 160 0 768 1080
13546 180 0 788 1080
13547 202 0 810 1080
13548 210 0 818 1080
13549 204 0 812 1080
13550 188 0 796 1080
13551 168 0 776 1080
13552 147 0 755 1080
13553 129 0 737 1080
13554 115 0 723 1080
13555 105 0 713 1080
13556 99 0 707 1080
13557 96 0 704 1080
13558 93 0 701 1080
13559 92 0 700 1080
13560 90 0 698 1080
13561 85 0 693 1080
13562 80 0 688 1080
13563 76 0 684 1080
13564 72 0 680 1080
13565 68 0 676 1080
13566 64 0 672 1080
13567 85 0 693 1080
13568 122 0 730 1080
13569 165 0 773 1080
13570 205 0 813 1080
13571 241 0 849 1080
13572 266 0 874 1080
13573 277 0 885 1080
13574 275 0 883 1080
13575 258 0 866 1080
13576 232 0 840 1080
13577 205 0 813 1080
13578 180 0 788 1080
13579 161 0 769 1080
13580 164 0 772 1080
13581 184 0 792 1080
13582 214 0 822 1080
13583 247 0 855 1080
13584 275 0 883 1080
13585 294 0 902 1080
13586 303 0 911 1080
13587 303 0 911 1080
13588 297 0 905 1080
13589 288 0 896 1080
13590 280 0 888 1080
13591 274 0 882 1080
13592 273 0 881 1080
13593 275 0 883 1080
13594 281 0 889 1080
13595 271 0 879 1080
13596 265 0 873 1080
13597 205 0 813 1080
13598 159 0 767 1080
13599 135 0 743 1080
13600 149 0 757 1080
13601 192 0 800 1080
13602 254 0 862 1080
13603 321 0 929 1080
13604 381 0 989 1080
13605 428 0 1036 1080
13606 457 0 1065 1080
13607 471 0 1079 1080
13608 475 0 1083 1080
13609 473 0 1081 1080
13610 481 0 1089 1080
13611 561 0 1169 1080
13612 641 0 1249 1080
13613 721 0 1329 1080
13614 801 0 1409 1080
13615 881 0 1489 1080
13616 961 0 1569 1080
13617 1041 0 1649 1080
13618 1121 0 1729 1080
13619 1201 0 1809 1080
13620 1281 0 1889 1080
13621 1312 0 1920 1080
13622 1312 0 1920 1080
13623 1312 0 1920 1080
13624 1281 0 1889 1080
13625 1201 0 1809 1080
13626 1121 0 1729 1080
13627 1041 0 1649 1080
13628 961 0 1569 1080
13629 881 0 1489 1080
13630 872 0 1480 1080
13631 792 0 1400 1080
13632 712 0 1320 1080
13633 632 0 1240 1080
13634 552 0 1160 1080
13635 472 0 1080 1080
13636 392 0 1000 1080
13637 312 0 920 1080
13638 246 0 854 1080
13639 177 0 785 1080
13640 122 0 730 1080
13641 90 0 698 1080
13642 170 0 778 1080
13643 236 0 844 1080
13644 283 0 891 1080
13645 308 0 916 1080
13646 310 0 918 1080
13647 295 0 903 1080
13648 269 0 877 1080
13649 239 0 847 1080
13650 211 0 819 1080
13651 192 0 800 1080
13652 136 0 744 1080
13653 62 0 670 1080
13654 0 0 608 1080
13655 0 0 608 1080
13656 0 0 608 1080
13657 0 0 608 1080
13658 0 0 608 1080
13659 0 0 608 1080
13660 66 0 674 1080
13661 146 0 754 1080
13662 226 0 834 1080
13663 306 0 914 1080
13664 386 0 994 1080
13665 466 0 1074 1080
13666 544 0 1152 1080
13667 613 0 1221 1080
13668 660 0 1268 1080
13669 662 0 1270 1080
13670 644 0 1252 1080
13671 611 0 1219 1080
13672 575 0 1183 1080
13673 495 0 1103 1080
13674 415 0 1023 1080
13675 335 0 943 1080
13676 255 0 863 1080
13677 175 0 783 1080
13678 255 0 863 1080
13679 263 0 871 1080
13680 210 0 818 1080
13681 130 0 738 1080
13682 50 0 658 1080
13683 0 0 608 1080
13684 0 0 608 1080
13685 0 0 608 1080
13686 43 0 651 1080
13687 73 0 681 1080
13688 73 0 681 1080
13689 48 0 656 1080
13690 9 0 617 1080
13691 0 0 608 1080
13692 46 0 654 1080
13693 89 0 697 1080
13694 95 0 703 1080
13695 68 0 676 1080
13696 21 0 629 1080
13697 0 0 608 1080
13698 0 0 608 1080
13699 0 0 608 1080
13700 47 0 655 1080
13701 64 0 672 1080
13702 50 0 658 1080
13703 13 0 621 1080
13704 0 0 608 1080
13705 0 0 608 1080
13706 0 0 608 1080
13707 46 0 654 1080
13708 58 0 666 1080
13709 38 0 646 1080
13710 0 0 608 1080
13711 0 0 608 1080
13712 0 0 608 1080
13713 0 0 608 1080
13714 26 0 634 1080
13715 40 0 648 1080
13716 34 0 642 1080
13717 14 0 622 1080
13718 0 0 608 1080
13719 0 0 608 1080
13720 0 0 608 1080
13721 0 0 608 1080
13722 0 0 608 1080
13723 0 0 608 1080
13724 0 0 608 1080
13725 0 0 608 1080
13726 0 0 608 1080
13727 0 0 608 1080
13728 0 0 608 1080
13729 0 0 608 1080
13730 0 0 608 1080
13731 0 0 608 1080
13732 0 0 608 1080
13733 0 0 608 1080
13734 0 0 608 1080
13735 0 0 608 1080
13736 0 0 608 1080
13737 0 0 608 1080
13738 11 0 619 1080
13739 24 0 632 1080
13740 32 0 640 1080
13741 34 0 642 1080
13742 32 0 640 1080
13743 28 0 636 1080
13744 22 0 630 1080
13745 17 0 625 1080
13746 16 0 624 1080
13747 22 0 630 1080
13748 33 0 641 1080
13749 45 0 653 1080
13750 55 0 663 1080
13751 59 0 667 1080
13752 56 0 664 1080
13753 51 0 659 1080
13754 44 0 652 1080
13755 36 0 644 1080
13756 31 0 639 1080
13757 31 0 639 1080
13758 34 0 642 1080
13759 39 0 647 1080
13760 42 0 650 1080
13761 44 0 652 1080
13762 43 0 651 1080
13763 42 0 650 1080
13764 38 0 646 1080
13765 36 0 644 1080
13766 36 0 644 1080
13767 42 0 650 1080
13768 51 0 659 1080
13769 61 0 669 1080
13770 69 0 677 1080
13771 74 0 682 1080
13772 75 0 683 1080
13773 72 0 680 1080
13774 70 0 678 1080
13775 70 0 678 1080
13776 72 0 680 1080
13777 73 0 681 1080
13778 72 0 680 1080
13779 70 0 678 1080
13780 66 0 674 1080
13781 63 0 671 1080
13782 61 0 669 1080
13783 61 0 669 1080
13784 62 0 670 1080
13785 63 0 671 1080
13786 65 0 673 1080
13787 71 0 679 1080
13788 80 0 688 1080
13789 92 0 700 1080
13790 104 0 712 1080
13791 116 0 724 1080
13792 125 0 733 1080
13793 132 0 740 1080
13794 134 0 742 1080
13795 132 0 740 1080
13796 125 0 733 1080
13797 116 0 724 1080
13798 106 0 714 1080
13799 96 0 704 1080
13800 91 0 699 1080
13801 91 0 699 1080
13802 99 0 707 1080
13803 111 0 719 1080
13804 124 0 732 1080
13805 137 0 745 1080
13806 146 0 754 1080
13807 151 0 759 1080
13808 152 0 760 1080
13809 152 0 760 1080
13810 150 0 758 1080
13811 149 0 757 1080
13812 148 0 756 1080
13813 147 0 755 1080
13814 147 0 755 1080
13815 148 0 756 1080
13816 148 0 756 1080
13817 153 0 761 1080
13818 157 0 765 1080
13819 161 0 769 1080
13820 165 0 773 1080
13821 169 0 777 1080
13822 172 0 780 1080
13823 175 0 783 1080
13824 182 0 790 1080
13825 189 0 797 1080
13826 195 0 803 1080
13827 200 0 808 1080
13828 203 0 811 1080
13829 204 0 812 1080
13830 202 0 810 1080
13831 203 0 811 1080
13832 201 0 809 1080
13833 197 0 805 1080
13834 192 0 800 1080
13835 188 0 796 1080
13836 184 0 792 1080
13837 181 0 789 1080
13838 184 0 792 1080
13839 192 0 800 1080
13840 201 0 809 1080
13841 211 0 819 1080
13842 216 0 824 1080
13843 245 0 853 1080
13844 286 0 894 1080
13845 326 0 934 1080
13846 360 0 968 1080
13847 380 0 988 1080
13848 384 0 992 1080
13849 375 0 983 1080
13850 357 0 965 1080
13851 308 0 916 1080
13852 247 0 855 1080
13853 192 0 800 1080
13854 154 0 762 1080
13855 139 0 747 1080
13856 151 0 759 1080
13857 185 0 793 1080
13858 233 0 841 1080
13859 284 0 892 1080
13860 331 0 939 1080
13861 368 0 976 1080
13862 393 0 1001 1080
13863 405 0 1013 1080
13864 408 0 1016 1080
13865 452 0 1060 1080
13866 525 0 1133 1080
13867 605 0 1213 1080
13868 685 0 1293 1080
13869 758 0 1366 1080
13870 818 0 1426 1080
13871 859 0 1467 1080
13872 884 0 1492 1080
13873 896 0 1504 1080
13874 901 0 1509 1080
13875 906 0 1514 1080
13876 915 0 1523 1080
13877 931 0 1539 1080
13878 955 0 1563 1080
13879 987 0 1595 1080
13880 1024 0 1632 1080
13881 1063 0 1671 1080
13882 1102 0 1710 1080
13883 1137 0 1745 1080
13884 1169 0 1777 1080
13885 1197 0 1805 1080
13886 1222 0 1830 1080
13887 1245 0 1853 1080
13888 1247 0 1855 1080
13889 1229 0 1837 1080
13890 1200 0 1808 1080
13891 1166 0 1774 1080
13892 1134 0 1742 1080
13893 1111 0 1719 1080
13894 1098 0 1706 1080
13895 1086 0 1694 1080
13896 1078 0 1686 1080
13897 1074 0 1682 1080
13898 1071 0 1679 1080
13899 1069 0 1677 1080
13900 1068 0 1676 1080
13901 1068 0 1676 1080
13902 1069 0 1677 1080
13903 1070 0 1678 1080
13904 1071 0 1679 1080
13905 1071 0 1679 1080
13906 1071 0 1679 1080
13907 1070 0 1678 1080
13908 1067 0 1675 1080
13909 1063 0 1671 1080
13910 1059 0 1667 1080
13911 1060 0 1668 1080
13912 1067 0 1675 1080
13913 1074 0 1682 1080
13914 1080 0 1688 1080
13915 1082 0 1690 1080
13916 1081 0 1689 1080
13917 1115 0 1723 1080
13918 1131 0 1739 1080
13919 1129 0 1737 1080
13920 1152 0 1760 1080
13921 1190 0 1798 1080
13922 1232 0 1840 1080
13923 1270 0 1878 1080
13924 1297 0 1905 1080
13925 1310 0 1918 1080
13926 1274 0 1882 1080
13927 1205 0 1813 1080
13928 1156 0 1764 1080
13929 1134 0 1742 1080
13930 1138 0 1746 1080
13931 1163 0 1771 1080
13932 1199 0 1807 1080
13933 1237 0 1845 1080
13934 1269 0 1877 1080
13935 1289 0 1897 1080
13936 1294 0 1902 1080
13937 1286 0 1894 1080
13938 1269 0 1877 1080
13939 1264 0 1872 1080
13940 1270 0 1878 1080
13941 1293 0 1901 1080
13942 1312 0 1920 1080
13943 1312 0 1920 1080
13944 1312 0 1920 1080
13945 1312 0 1920 1080
13946 1312 0 1920 1080
13947 1312 0 1920 1080
13948 1312 0 1920 1080
13949 1287 0 1895 1080
13950 1253 0 1861 1080
13951 1239 0 1847 1080
13952 1236 0 1844 1080
13953 1255 0 1863 1080
13954 1289 0 1897 1080
13955 1312 0 1920 1080
13956 1312 0 1920 1080
13957 1312 0 1920 1080
13958 1312 0 1920 1080
13959 1294 0 1902 1080
13960 1299 0 1907 1080
13961 1312 0 1920 1080
13962 1312 0 1920 1080
13963 1312 0 1920 1080
13964 1312 0 1920 1080
13965 1312 0 1920 1080
13966 1312 0 1920 1080
13967 1312 0 1920 1080
13968 1312 0 1920 1080
13969 1312 0 1920 1080
13970 1287 0 1895 1080
13971 1272 0 1880 1080
13972 1276 0 1884 1080
13973 1293 0 1901 1080
13974 1312 0 1920 1080
13975 1312 0 1920 1080
13976 1312 0 1920 1080
13977 1312 0 1920 1080
13978 1312 0 1920 1080
13979 1312 0 1920 1080
13980 1312 0 1920 1080
13981 1312 0 1920 1080
13982 1312 0 1920 1080
13983 1312 0 1920 1080
13984 1308 0 1916 1080
13985 1278 0 1886 1080
13986 1239 0 1847 1080
13987 1202 0 1810 1080
13988 1202 0 1810 1080
13989 1203 0 1811 1080
13990 1232 0 1840 1080
13991 1262 0 1870 1080
13992 1303 0 1911 1080
13993 1312 0 1920 1080
13994 1312 0 1920 1080
13995 1312 0 1920 1080
13996 1312 0 1920 1080
13997 1291 0 1899 1080
13998 1211 0 1819 1080
13999 1174 0 1782 1080
14000 1186 0 1794 1080
14001 1237 0 1845 1080
14002 1224 0 1832 1080
14003 1253 0 1861 1080
14004 1221 0 1829 1080
14005 1147 0 1755 1080
14006 1067 0 1675 1080
14007 987 0 1595 1080
14008 907 0 1515 1080
14009 827 0 1435 1080
14010 757 0 1365 1080
14011 714 0 1322 1080
14012 702 0 1310 1080
14013 717 0 1325 1080
14014 755 0 1363 1080
14015 802 0 1410 1080
14016 848 0 1456 1080
14017 885 0 1493 1080
14018 910 0 1518 1080
14019 921 0 1529 1080
14020 919 0 1527 1080
14021 906 0 1514 1080
14022 888 0 1496 1080
14023 870 0 1478 1080
14024 852 0 1460 1080
14025 838 0 1446 1080
14026 827 0 1435 1080
14027 821 0 1429 1080
14028 823 0 1431 1080
14029 831 0 1439 1080
14030 841 0 1449 1080
14031 850 0 1458 1080
14032 858 0 1466 1080
14033 861 0 1469 1080
14034 857 0 1465 1080
14035 846 0 1454 1080
14036 828 0 1436 1080
14037 809 0 1417 1080
14038 793 0 1401 1080
14039 784 0 1392 1080
14040 783 0 1391 1080
14041 789 0 1397 1080
14042 799 0 1407 1080
14043 808 0 1416 1080
14044 813 0 1421 1080
14045 812 0 1420 1080
14046 806 0 1414 1080
14047 795 0 1403 1080
14048 785 0 1393 1080
14049 777 0 1385 1080
14050 772 0 1380 1080
14051 774 0 1382 1080
14052 779 0 1387 1080
14053 785 0 1393 1080
14054 788 0 1396 1080
14055 787 0 1395 1080
14056 781 0 1389 1080
14057 771 0 1379 1080
14058 761 0 1369 1080
14059 753 0 1361 1080
14060 750 0 1358 1080
14061 752 0 1360 1080
14062 757 0 1365 1080
14063 764 0 1372 1080
14064 770 0 1378 1080
14065 774 0 1382 1080
14066 773 0 1381 1080
14067 768 0 1376 1080
14068 759 0 1367 1080
14069 749 0 1357 1080
14070 740 0 1348 1080
14071 733 0 1341 1080
14072 730 0 1338 1080
14073 730 0 1338 1080
14074 732 0 1340 1080
14075 738 0 1346 1080
14076 744 0 1352 1080
14077 751 0 1359 1080
14078 756 0 1364 1080
14079 760 0 1368 1080
14080 764 0 1372 1080
14081 766 0 1374 1080
14082 768 0 1376 1080
14083 769 0 1377 1080
14084 766 0 1374 1080
14085 760 0 1368 1080
14086 753 0 1361 1080
14087 747 0 1355 1080
14088 743 0 1351 1080
14089 742 0 1350 1080
14090 743 0 1351 1080
14091 746 0 1354 1080
14092 750 0 1358 1080
14093 752 0 1360 1080
14094 753 0 1361 1080
14095 753 0 1361 1080
14096 753 0 1361 1080
14097 750 0 1358 1080
14098 744 0 1352 1080
14099 734 0 1342 1080
14100 720 0 1328 1080
14101 707 0 1315 1080
14102 696 0 1304 1080
14103 690 0 1298 1080
14104 688 0 1296 1080
14105 689 0 1297 1080
14106 694 0 1302 1080
14107 701 0 1309 1080
14108 708 0 1316 1080
14109 713 0 1321 1080
14110 715 0 1323 1080
14111 715 0 1323 1080
14112 714 0 1322 1080
14113 714 0 1322 1080
14114 714 0 1322 1080
14115 715 0 1323 1080
14116 720 0 1328 1080
14117 727 0 1335 1080
14118 736 0 1344 1080
14119 745 0 1353 1080
14120 753 0 1361 1080
14121 759 0 1367 1080
14122 762 0 1370 1080
14123 762 0 1370 1080
14124 761 0 1369 1080
14125 759 0 1367 1080
14126 759 0 1367 1080
14127 764 0 1372 1080
14128 777 0 1385 1080
14129 819 0 1427 1080
14130 876 0 1484 1080
14131 934 0 1542 1080
14132 983 0 1591 1080
14133 1017 0 1625 1080
14134 1037 0 1645 1080
14135 1082 0 1690 1080
14136 1141 0 1749 1080
14137 1204 0 1812 1080
14138 1259 0 1867 1080
14139 1299 0 1907 1080
14140 1312 0 1920 1080
14141 1312 0 1920 1080
14142 1306 0 1914 1080
14143 1283 0 1891 1080
14144 1258 0 1866 1080
14145 1237 0 1845 1080
14146 1223 0 1831 1080
14147 1218 0 1826 1080
14148 1222 0 1830 1080
14149 1232 0 1840 1080
14150 1245 0 1853 1080
14151 1258 0 1866 1080
14152 1269 0 1877 1080
14153 1277 0 1885 1080
14154 1280 0 1888 1080
14155 1280 0 1888 1080
14156 1277 0 1885 1080
14157 1273 0 1881 1080
14158 1270 0 1878 1080
14159 1267 0 1875 1080
14160 1265 0 1873 1080
14161 1264 0 1872 1080
14162 1265 0 1873 1080
14163 1267 0 1875 1080
14164 1270 0 1878 1080
14165 1272 0 1880 1080
14166 1274 0 1882 1080
14167 1275 0 1883 1080
14168 1276 0 1884 1080
14169 1277 0 1885 1080
14170 1276 0 1884 1080
14171 1275 0 1883 1080
14172 1273 0 1881 1080
14173 1272 0 1880 1080
14174 1272 0 1880 1080
14175 1272 0 1880 1080
14176 1273 0 1881 1080
14177 1274 0 1882 1080
14178 1275 0 1883 1080
14179 1277 0 1885 1080
14180 1278 0 1886 1080
14181 1279 0 1887 1080
14182 1279 0 1887 1080
14183 1280 0 1888 1080
14184 1280 0 1888 1080
14185 1277 0 1885 1080
14186 1273 0 1881 1080
14187 1269 0 1877 1080
14188 1263 0 1871 1080
14189 1256 0 1864 1080
14190 1251 0 1859 1080
14191 1246 0 1854 1080
14192 1242 0 1850 1080
14193 1240 0 1848 1080
14194 1238 0 1846 1080
14195 1237 0 1845 1080
14196 1237 0 1845 1080
14197 1235 0 1843 1080
14198 1233 0 1841 1080
14199 1230 0 1838 1080
14200 1226 0 1834 1080
14201 1221 0 1829 1080
14202 1215 0 1823 1080
14203 1208 0 1816 1080
14204 1201 0 1809 1080
14205 1194 0 1802 1080
14206 1189 0 1797 1080
14207 1186 0 1794 1080
14208 1183 0 1791 1080
14209 1183 0 1791 1080
14210 1184 0 1792 1080
14211 1186 0 1794 1080
14212 1189 0 1797 1080
14213 1191 0 1799 1080
14214 1192 0 1800 1080
14215 1186 0 1794 1080
14216 1181 0 1789 1080
14217 1178 0 1786 1080
14218 1177 0 1785 1080
14219 1178 0 1786 1080
14220 1196 0 1804 1080
14221 1222 0 1830 1080
14222 1202 0 1810 1080
14223 1198 0 1806 1080
14224 1209 0 1817 1080
14225 1229 0 1837 1080
14226 1253 0 1861 1080
14227 1276 0 1884 1080
14228 1293 0 1901 1080
14229 1213 0 1821 1080
14230 1161 0 1769 1080
14231 1143 0 1751 1080
14232 1155 0 1763 1080
14233 1190 0 1798 1080
14234 1236 0 1844 1080
14235 1281 0 1889 1080
14236 1201 0 1809 1080
14237 1154 0 1762 1080
14238 1143 0 1751 1080
14239 1163 0 1771 1080
14240 1204 0 1812 1080
14241 1254 0 1862 1080
14242 1302 0 1910 1080
14243 1222 0 1830 1080
14244 1173 0 1781 1080
14245 1158 0 1766 1080
14246 1174 0 1782 1080
14247 1212 0 1820 1080
14248 1261 0 1869 1080
14249 1308 0 1916 1080
14250 1228 0 1836 1080
14251 1179 0 1787 1080
14252 1166 0 1774 1080
14253 1184 0 1792 1080
14254 1224 0 1832 1080
14255 1273 0 1881 1080
14256 1312 0 1920 1080
14257 1240 0 1848 1080
14258 1191 0 1799 1080
14259 1177 0 1785 1080
14260 1195 0 1803 1080
14261 1169 0 1777 1080
14262 1114 0 1722 1080
14263 1049 0 1657 1080
14264 989 0 1597 1080
14265 947 0 1555 1080
14266 928 0 1536 1080
14267 933 0 1541 1080
14268 957 0 1565 1080
14269 992 0 1600 1080
14270 1033 0 1641 1080
14271 1069 0 1677 1080
14272 1095 0 1703 1080
14273 1107 0 1715 1080
14274 1105 0 1713 1080
14275 1094 0 1702 1080
14276 1079 0 1687 1080
14277 1064 0 1672 1080
14278 1051 0 1659 1080
14279 1045 0 1653 1080
14280 1045 0 1653 1080
14281 1052 0 1660 1080
14282 1064 0 1672 1080
14283 1078 0 1686 1080
14284 1092 0 1700 1080
14285 1103 0 1711 1080
14286 1108 0 1716 1080
14287 1108 0 1716 1080
14288 1102 0 1710 1080
14289 1095 0 1703 1080
14290 1087 0 1695 1080
14291 1081 0 1689 1080
14292 1076 0 1684 1080
14293 1074 0 1682 1080
14294 1074 0 1682 1080
14295 1075 0 1683 1080
14296 1076 0 1684 1080
14297 1072 0 1680 1080
14298 1064 0 1672 1080
14299 1041 0 1649 1080
14300 1019 0 1627 1080
14301 998 0 1606 1080
14302 963 0 1571 1080
14303 920 0 1528 1080
14304 873 0 1481 1080
14305 828 0 1436 1080
14306 789 0 1397 1080
14307 757 0 1365 1080
14308 733 0 1341 1080
14309 715 0 1323 1080
14310 701 0 1309 1080
14311 687 0 1295 1080
14312 672 0 1280 1080
14313 653 0 1261 1080
14314 630 0 1238 1080
14315 605 0 1213 1080
14316 576 0 1184 1080
14317 546 0 1154 1080
14318 516 0 1124 1080
14319 488 0 1096 1080
14320 460 0 1068 1080
14321 435 0 1043 1080
14322 410 0 1018 1080
14323 387 0 995 1080
14324 364 0 972 1080
14325 341 0 949 1080
14326 318 0 926 1080
14327 294 0 902 1080
14328 269 0 877 1080
14329 210 0 818 1080
14330 134 0 742 1080
14331 59 0 667 1080
14332 37 0 645 1080
14333 65 0 673 1080
14334 130 0 738 1080
14335 210 0 818 1080
14336 290 0 898 1080
14337 361 0 969 1080
14338 414 0 1022 1080
14339 387 0 995 1080
14340 364 0 972 1080
14341 350 0 958 1080
14342 350 0 958 1080
14343 364 0 972 1080
14344 389 0 997 1080
14345 422 0 1030 1080
14346 457 0 1065 1080
14347 498 0 1106 1080
14348 538 0 1146 1080
14349 570 0 1178 1080
14350 591 0 1199 1080
14351 593 0 1201 1080
14352 588 0 1196 1080
14353 577 0 1185 1080
14354 564 0 1172 1080
14355 555 0 1163 1080
14356 551 0 1159 1080
14357 553 0 1161 1080
14358 559 0 1167 1080
14359 569 0 1177 1080
14360 579 0 1187 1080
14361 588 0 1196 1080
14362 595 0 1203 1080
14363 597 0 1205 1080
14364 597 0 1205 1080
14365 592 0 1200 1080
14366 583 0 1191 1080
14367 576 0 1184 1080
14368 574 0 1182 1080
14369 574 0 1182 1080
14370 574 0 1182 1080
14371 567 0 1175 1080
14372 549 0 1157 1080
14373 533 0 1141 1080
14374 521 0 1129 1080
14375 515 0 1123 1080
14376 516 0 1124 1080
14377 509 0 1117 1080
14378 498 0 1106 1080
14379 487 0 1095 1080
14380 480 0 1088 1080
14381 478 0 1086 1080
14382 481 0 1089 1080
14383 492 0 1100 1080
14384 509 0 1117 1080
14385 530 0 1138 1080
14386 553 0 1161 1080
14387 574 0 1182 1080
14388 589 0 1197 1080
14389 597 0 1205 1080
14390 597 0 1205 1080
14391 592 0 1200 1080
14392 586 0 1194 1080
14393 581 0 1189 1080
14394 555 0 1163 1080
14395 517 0 1125 1080
14396 479 0 1087 1080
14397 449 0 1057 1080
14398 429 0 1037 1080
14399 451 0 1059 1080
14400 500 0 1108 1080
14401 561 0 1169 1080
14402 596 0 1204 1080
14403 606 0 1214 1080
14404 592 0 1200 1080
14405 559 0 1167 1080
14406 517 0 1125 1080
14407 491 0 1099 1080
14408 490 0 1098 1080
14409 566 0 1174 1080
14410 646 0 1254 1080
14411 726 0 1334 1080
14412 806 0 1414 1080
14413 880 0 1488 1080
14414 931 0 1539 1080
14415 951 0 1559 1080
14416 947 0 1555 1080
14417 916 0 1524 1080
14418 866 0 1474 1080
14419 807 0 1415 1080
14420 750 0 1358 1080
14421 703 0 1311 1080
14422 673 0 1281 1080
14423 664 0 1272 1080
14424 673 0 1281 1080
14425 696 0 1304 1080
14426 720 0 1328 1080
14427 737 0 1345 1080
14428 747 0 1355 1080
14429 748 0 1356 1080
14430 742 0 1350 1080
14431 732 0 1340 1080
14432 735 0 1343 1080
14433 746 0 1354 1080
14434 761 0 1369 1080
14435 774 0 1382 1080
14436 783 0 1391 1080
14437 787 0 1395 1080
14438 785 0 1393 1080
14439 778 0 1386 1080
14440 767 0 1375 1080
14441 755 0 1363 1080
14442 742 0 1350 1080
14443 730 0 1338 1080
14444 720 0 1328 1080
14445 715 0 1323 1080
14446 710 0 1318 1080
14447 705 0 1313 1080
14448 700 0 1308 1080
14449 695 0 1303 1080
14450 690 0 1298 1080
14451 685 0 1293 1080
14452 681 0 1289 1080
14453 677 0 1285 1080
14454 675 0 1283 1080
14455 670 0 1278 1080
14456 665 0 1273 1080
14457 641 0 1249 1080
14458 608 0 1216 1080
14459 576 0 1184 1080
14460 551 0 1159 1080
14461 538 0 1146 1080
14462 543 0 1151 1080
14463 561 0 1169 1080
14464 563 0 1171 1080
14465 554 0 1162 1080
14466 545 0 1153 1080
14467 542 0 1150 1080
14468 543 0 1151 1080
14469 538 0 1146 1080
14470 522 0 1130 1080
14471 505 0 1113 1080
14472 495 0 1103 1080
14473 497 0 1105 1080
14474 510 0 1118 1080
14475 551 0 1159 1080
14476 588 0 1196 1080
14477 633 0 1241 1080
14478 676 0 1284 1080
14479 709 0 1317 1080
14480 727 0 1335 1080
14481 727 0 1335 1080
14482 725 0 1333 1080
14483 706 0 1314 1080
14484 691 0 1299 1080
14485 684 0 1292 1080
14486 684 0 1292 1080
14487 690 0 1298 1080
14488 692 0 1300 1080
14489 686 0 1294 1080
14490 766 0 1374 1080
14491 808 0 1416 1080
14492 812 0 1420 1080
14493 784 0 1392 1080
14494 749 0 1357 1080
14495 705 0 1313 1080
14496 663 0 1271 1080
14497 633 0 1241 1080
14498 619 0 1227 1080
14499 625 0 1233 1080
14500 646 0 1254 1080
14501 676 0 1284 1080
14502 710 0 1318 1080
14503 742 0 1350 1080
14504 767 0 1375 1080
14505 784 0 1392 1080
14506 791 0 1399 1080
14507 791 0 1399 1080
14508 786 0 1394 1080
14509 813 0 1421 1080
14510 865 0 1473 1080
14511 929 0 1537 1080
14512 995 0 1603 1080
14513 1052 0 1660 1080
14514 1095 0 1703 1080
14515 1122 0 1730 1080
14516 1133 0 1741 1080
14517 1132 0 1740 1080
14518 1124 0 1732 1080
14519 1113 0 1721 1080
14520 1099 0 1707 1080
14521 1086 0 1694 1080
14522 1073 0 1681 1080
14523 1062 0 1670 1080
14524 1054 0 1662 1080
14525 1047 0 1655 1080
14526 1041 0 1649 1080
14527 1036 0 1644 1080
14528 1031 0 1639 1080
14529 1027 0 1635 1080
14530 1027 0 1635 1080
14531 1030 0 1638 1080
14532 1039 0 1647 1080
14533 1047 0 1655 1080
14534 1054 0 1662 1080
14535 1059 0 1667 1080
14536 1060 0 1668 1080
14537 1072 0 1680 1080
14538 1096 0 1704 1080
14539 1126 0 1734 1080
14540 1158 0 1766 1080
14541 1186 0 1794 1080
14542 1206 0 1814 1080
14543 1216 0 1824 1080
14544 1217 0 1825 1080
14545 1209 0 1817 1080
14546 1197 0 1805 1080
14547 1186 0 1794 1080
14548 1178 0 1786 1080
14549 1175 0 1783 1080
14550 1181 0 1789 1080
14551 1193 0 1801 1080
14552 1209 0 1817 1080
14553 1225 0 1833 1080
14554 1239 0 1847 1080
14555 1249 0 1857 1080
14556 1255 0 1863 1080
14557 1258 0 1866 1080
14558 1258 0 1866 1080
14559 1257 0 1865 1080
14560 1255 0 1863 1080
14561 1235 0 1843 1080
14562 1201 0 1809 1080
14563 1163 0 1771 1080
14564 1126 0 1734 1080
14565 1098 0 1706 1080
14566 1080 0 1688 1080
14567 1060 0 1668 1080
14568 1039 0 1647 1080
14569 1021 0 1629 1080
14570 1011 0 1619 1080
14571 1007 0 1615 1080
14572 1010 0 1618 1080
14573 1018 0 1626 1080
14574 1031 0 1639 1080
14575 1045 0 1653 1080
14576 1056 0 1664 1080
14577 1062 0 1670 1080
14578 1062 0 1670 1080
14579 1057 0 1665 1080
14580 1048 0 1656 1080
14581 1037 0 1645 1080
14582 1025 0 1633 1080
14583 1012 0 1620 1080
14584 1003 0 1611 1080
14585 992 0 1600 1080
14586 983 0 1591 1080
14587 977 0 1585 1080
14588 973 0 1581 1080
14589 971 0 1579 1080
14590 972 0 1580 1080
14591 974 0 1582 1080
14592 975 0 1583 1080
14593 974 0 1582 1080
14594 1033 0 1641 1080
14595 1057 0 1665 1080
14596 1050 0 1658 1080
14597 1020 0 1628 1080
14598 979 0 1587 1080
14599 939 0 1547 1080
14600 867 0 1475 1080
14601 787 0 1395 1080
14602 714 0 1322 1080
14603 682 0 1290 1080
14604 689 0 1297 1080
14605 728 0 1336 1080
14606 785 0 1393 1080
14607 843 0 1451 1080
14608 889 0 1497 1080
14609 916 0 1524 1080
14610 922 0 1530 1080
14611 906 0 1514 1080
14612 879 0 1487 1080
14613 846 0 1454 1080
14614 816 0 1424 1080
14615 795 0 1403 1080
14616 786 0 1394 1080
14617 789 0 1397 1080
14618 801 0 1409 1080
14619 815 0 1423 1080
14620 829 0 1437 1080
14621 841 0 1449 1080
14622 849 0 1457 1080
14623 853 0 1461 1080
14624 854 0 1462 1080
14625 851 0 1459 1080
14626 846 0 1454 1080
14627 841 0 1449 1080
14628 838 0 1446 1080
14629 841 0 1449 1080
14630 849 0 1457 1080
14631 860 0 1468 1080
14632 871 0 1479 1080
14633 882 0 1490 1080
14634 891 0 1499 1080
14635 900 0 1508 1080
14636 909 0 1517 1080
14637 919 0 1527 1080
14638 932 0 1540 1080
14639 946 0 1554 1080
14640 962 0 1570 1080
14641 977 0 1585 1080
14642 990 0 1598 1080
14643 999 0 1607 1080
14644 1005 0 1613 1080
14645 1010 0 1618 1080
14646 1017 0 1625 1080
14647 1026 0 1634 1080
14648 1036 0 1644 1080
14649 1046 0 1654 1080
14650 1055 0 1663 1080
14651 1062 0 1670 1080
14652 1065 0 1673 1080
14653 1061 0 1669 1080
14654 1051 0 1659 1080
14655 1038 0 1646 1080
14656 1026 0 1634 1080
14657 1019 0 1627 1080
14658 1020 0 1628 1080
14659 1027 0 1635 1080
14660 1038 0 1646 1080
14661 1051 0 1659 1080
14662 1062 0 1670 1080
14663 1066 0 1674 1080
14664 1064 0 1672 1080
14665 1057 0 1665 1080
14666 1048 0 1656 1080
14667 1040 0 1648 1080
14668 1032 0 1640 1080
14669 1026 0 1634 1080
14670 1022 0 1630 1080
14671 1021 0 1629 1080
14672 1017 0 1625 1080
14673 1011 0 1619 1080
14674 1001 0 1609 1080
14675 991 0 1599 1080
14676 982 0 1590 1080
14677 977 0 1585 1080
14678 977 0 1585 1080
14679 980 0 1588 1080
14680 984 0 1592 1080
14681 989 0 1597 1080
14682 992 0 1600 1080
14683 991 0 1599 1080
14684 988 0 1596 1080
14685 985 0 1593 1080
14686 983 0 1591 1080
14687 982 0 1590 1080
14688 982 0 1590 1080
14689 983 0 1591 1080
14690 983 0 1591 1080
14691 981 0 1589 1080
14692 976 0 1584 1080
14693 969 0 1577 1080
14694 960 0 1568 1080
14695 952 0 1560 1080
14696 947 0 1555 1080
14697 945 0 1553 1080
14698 946 0 1554 1080
14699 949 0 1557 1080
14700 952 0 1560 1080
14701 953 0 1561 1080
14702 948 0 1556 1080
14703 938 0 1546 1080
14704 923 0 1531 1080
14705 907 0 1515 1080
14706 896 0 1504 1080
14707 891 0 1499 1080
14708 895 0 1503 1080
14709 905 0 1513 1080
14710 920 0 1528 1080
14711 937 0 1545 1080
14712 951 0 1559 1080
14713 960 0 1568 1080
14714 965 0 1573 1080
14715 966 0 1574 1080
14716 966 0 1574 1080
14717 965 0 1573 1080
14718 966 0 1574 1080
14719 969 0 1577 1080
14720 973 0 1581 1080
14721 979 0 1587 1080
14722 985 0 1593 1080
14723 991 0 1599 1080
14724 997 0 1605 1080
14725 1003 0 1611 1080
14726 1009 0 1617 1080
14727 1014 0 1622 1080
14728 1020 0 1628 1080
14729 1026 0 1634 1080
14730 1031 0 1639 1080
14731 1036 0 1644 1080
14732 1040 0 1648 1080
14733 1043 0 1651 1080
14734 1044 0 1652 1080
14735 1044 0 1652 1080
14736 1044 0 1652 1080
14737 1044 0 1652 1080
14738 1045 0 1653 1080
14739 1045 0 1653 1080
14740 1047 0 1655 1080
14741 1050 0 1658 1080
14742 1053 0 1661 1080
14743 1054 0 1662 1080
14744 1054 0 1662 1080
14745 1051 0 1659 1080
14746 1048 0 1656 1080
14747 1043 0 1651 1080
14748 1038 0 1646 1080
14749 1032 0 1640 1080
14750 1025 0 1633 1080
14751 1015 0 1623 1080
14752 1003 0 1611 1080
14753 984 0 1592 1080
14754 957 0 1565 1080
14755 926 0 1534 1080
14756 896 0 1504 1080
14757 872 0 1480 1080
14758 857 0 1465 1080
14759 827 0 1435 1080
14760 802 0 1410 1080
14761 782 0 1390 1080
14762 768 0 1376 1080
14763 758 0 1366 1080
14764 751 0 1359 1080
14765 736 0 1344 1080
14766 714 0 1322 1080
14767 669 0 1277 1080
14768 629 0 1237 1080
14769 595 0 1203 1080
14770 571 0 1179 1080
14771 556 0 1164 1080
14772 550 0 1158 1080
14773 546 0 1154 1080
14774 539 0 1147 1080
14775 530 0 1138 1080
14776 518 0 1126 1080
14777 501 0 1109 1080
14778 482 0 1090 1080
14779 460 0 1068 1080
14780 454 0 1062 1080
14781 430 0 1038 1080
14782 410 0 1018 1080
14783 393 0 1001 1080
14784 379 0 987 1080
14785 373 0 981 1080
14786 373 0 981 1080
14787 378 0 986 1080
14788 386 0 994 1080
14789 394 0 1002 1080
14790 397 0 1005 1080
14791 383 0 991 1080
14792 356 0 964 1080
14793 329 0 937 1080
14794 306 0 914 1080
14795 283 0 891 1080
14796 262 0 870 1080
14797 246 0 854 1080
14798 234 0 842 1080
14799 228 0 836 1080
14800 228 0 836 1080
14801 234 0 842 1080
14802 240 0 848 1080
14803 244 0 852 1080
14804 246 0 854 1080
14805 245 0 853 1080
14806 242 0 850 1080
14807 254 0 862 1080
14808 279 0 887 1080
14809 311 0 919 1080
14810 347 0 955 1080
14811 381 0 989 1080
14812 408 0 1016 1080
14813 460 0 1068 1080
14814 525 0 1133 1080
14815 587 0 1195 1080
14816 634 0 1242 1080
14817 661 0 1269 1080
14818 680 0 1288 1080
14819 698 0 1306 1080
14820 730 0 1338 1080
14821 776 0 1384 1080
14822 831 0 1439 1080
14823 892 0 1500 1080
14824 952 0 1560 1080
14825 1005 0 1613 1080
14826 1044 0 1652 1080
14827 1065 0 1673 1080
14828 1081 0 1689 1080
14829 1090 0 1698 1080
14830 1092 0 1700 1080
14831 1089 0 1697 1080
14832 1082 0 1690 1080
14833 1074 0 1682 1080
14834 1066 0 1674 1080
14835 1059 0 1667 1080
14836 1054 0 1662 1080
14837 1052 0 1660 1080
14838 1051 0 1659 1080
14839 1050 0 1658 1080
14840 1048 0 1656 1080
14841 1045 0 1653 1080
14842 1040 0 1648 1080
14843 1033 0 1641 1080
14844 1023 0 1631 1080
14845 1010 0 1618 1080
14846 990 0 1598 1080
14847 965 0 1573 1080
14848 936 0 1544 1080
14849 909 0 1517 1080
14850 886 0 1494 1080
14851 867 0 1475 1080
14852 847 0 1455 1080
14853 826 0 1434 1080
14854 803 0 1411 1080
14855 779 0 1387 1080
14856 758 0 1366 1080
14857 741 0 1349 1080
14858 726 0 1334 1080
14859 713 0 1321 1080
14860 703 0 1311 1080
14861 680 0 1288 1080
14862 643 0 1251 1080
14863 609 0 1217 1080
14864 580 0 1188 1080
14865 544 0 1152 1080
14866 506 0 1114 1080
14867 473 0 1081 1080
14868 463 0 1071 1080
14869 460 0 1068 1080
14870 447 0 1055 1080
14871 430 0 1038 1080
14872 409 0 1017 1080
14873 388 0 996 1080
14874 371 0 979 1080
14875 359 0 967 1080
14876 351 0 959 1080
14877 347 0 955 1080
14878 344 0 952 1080
14879 336 0 944 1080
14880 325 0 933 1080
14881 313 0 921 1080
14882 302 0 910 1080
14883 292 0 900 1080
14884 281 0 889 1080
14885 270 0 878 1080
14886 258 0 866 1080
14887 246 0 854 1080
14888 235 0 843 1080
14889 225 0 833 1080
14890 216 0 824 1080
14891 208 0 816 1080
14892 199 0 807 1080
14893 190 0 798 1080
14894 180 0 788 1080
14895 169 0 777 1080
14896 159 0 767 1080
14897 151 0 759 1080
14898 144 0 752 1080
14899 135 0 743 1080
14900 125 0 733 1080
14901 113 0 721 1080
14902 102 0 710 1080
14903 92 0 700 1080
14904 85 0 693 1080
14905 103 0 711 1080
14906 137 0 745 1080
14907 174 0 782 1080
14908 204 0 812 1080
14909 221 0 829 1080
14910 221 0 829 1080
14911 195 0 803 1080
14912 152 0 760 1080
14913 104 0 712 1080
14914 61 0 669 1080
14915 31 0 639 1080
14916 17 0 625 1080
14917 19 0 627 1080
14918 34 0 642 1080
14919 55 0 663 1080
14920 78 0 686 1080
14921 99 0 707 1080
14922 112 0 720 1080
14923 119 0 727 1080
14924 124 0 732 1080
14925 128 0 736 1080
14926 131 0 739 1080
14927 136 0 744 1080
14928 141 0 749 1080
14929 150 0 758 1080
14930 161 0 769 1080
14931 176 0 784 1080
14932 191 0 799 1080
14933 208 0 816 1080
14934 220 0 828 1080
14935 224 0 832 1080
14936 221 0 829 1080
14937 213 0 821 1080
14938 203 0 811 1080
14939 197 0 805 1080
14940 198 0 806 1080
14941 207 0 815 1080
14942 218 0 826 1080
14943 229 0 837 1080
14944 237 0 845 1080
14945 244 0 852 1080
14946 254 0 862 1080
14947 270 0 878 1080
14948 292 0 900 1080
14949 312 0 920 1080
14950 328 0 936 1080
14951 338 0 946 1080
14952 344 0 952 1080
14953 347 0 955 1080
14954 348 0 956 1080
14955 349 0 957 1080
14956 351 0 959 1080
14957 350 0 958 1080
14958 347 0 955 1080
14959 359 0 967 1080
14960 360 0 968 1080
14961 355 0 963 1080
14962 347 0 955 1080
14963 341 0 949 1080
14964 343 0 951 1080
14965 348 0 956 1080
14966 354 0 962 1080
14967 360 0 968 1080
14968 365 0 973 1080
14969 369 0 977 1080
14970 374 0 982 1080
14971 381 0 989 1080
14972 392 0 1000 1080
14973 400 0 1008 1080
14974 404 0 1012 1080
14975 421 0 1029 1080
14976 501 0 1109 1080
14977 541 0 1149 1080
14978 543 0 1151 1080
14979 523 0 1131 1080
14980 523 0 1131 1080
14981 538 0 1146 1080
14982 563 0 1171 1080
14983 594 0 1202 1080
14984 584 0 1192 1080
14985 542 0 1150 1080
14986 483 0 1091 1080
14987 424 0 1032 1080
14988 375 0 983 1080
14989 346 0 954 1080
14990 340 0 948 1080
14991 355 0 963 1080
14992 385 0 993 1080
14993 419 0 1027 1080
14994 452 0 1060 1080
14995 479 0 1087 1080
14996 497 0 1105 1080
14997 506 0 1114 1080
14998 504 0 1112 1080
14999 493 0 1101 1080
15000 475 0 1083 1080
15001 454 0 1062 1080
15002 434 0 1042 1080
15003 423 0 1031 1080
15004 420 0 1028 1080
15005 426 0 1034 1080
15006 438 0 1046 1080
15007 452 0 1060 1080
15008 464 0 1072 1080
15009 472 0 1080 1080
15010 474 0 1082 1080
15011 468 0 1076 1080
15012 456 0 1064 1080
15013 439 0 1047 1080
15014 415 0 1023 1080
15015 387 0 995 1080
15016 356 0 964 1080
15017 290 0 898 1080
15018 210 0 818 1080
15019 136 0 744 1080
15020 85 0 693 1080
15021 67 0 675 1080
15022 79 0 687 1080
15023 112 0 720 1080
15024 109 0 717 1080
15025 78 0 686 1080
15026 33 0 641 1080
15027 0 0 608 1080
15028 0 0 608 1080
15029 0 0 608 1080
15030 0 0 608 1080
15031 45 0 653 1080
15032 125 0 733 1080
15033 204 0 812 1080
15034 263 0 871 1080
15035 298 0 906 1080
15036 314 0 922 1080
15037 315 0 923 1080
15038 310 0 918 1080
15039 305 0 913 1080
15040 304 0 912 1080
15041 308 0 916 1080
15042 315 0 923 1080
15043 348 0 956 1080
15044 394 0 1002 1080
15045 442 0 1050 1080
15046 482 0 1090 1080
15047 509 0 1117 1080
15048 521 0 1129 1080
15049 519 0 1127 1080
15050 506 0 1114 1080
15051 487 0 1095 1080
15052 469 0 1077 1080
15053 485 0 1093 1080
15054 526 0 1134 1080
15055 583 0 1191 1080
15056 641 0 1249 1080
15057 691 0 1299 1080
15058 727 0 1335 1080
15059 747 0 1355 1080
15060 753 0 1361 1080
15061 746 0 1354 1080
15062 732 0 1340 1080
15063 716 0 1324 1080
15064 697 0 1305 1080
15065 683 0 1291 1080
15066 682 0 1290 1080
15067 692 0 1300 1080
15068 713 0 1321 1080
15069 741 0 1349 1080
15070 772 0 1380 1080
15071 802 0 1410 1080
15072 824 0 1432 1080
15073 837 0 1445 1080
15074 841 0 1449 1080
15075 837 0 1445 1080
15076 828 0 1436 1080
15077 818 0 1426 1080
15078 807 0 1415 1080
15079 798 0 1406 1080
15080 795 0 1403 1080
15081 796 0 1404 1080
15082 798 0 1406 1080
15083 798 0 1406 1080
15084 794 0 1402 1080
15085 784 0 1392 1080
15086 769 0 1377 1080
15087 762 0 1370 1080
15088 762 0 1370 1080
15089 767 0 1375 1080
15090 777 0 1385 1080
15091 791 0 1399 1080
15092 807 0 1415 1080
15093 821 0 1429 1080
15094 830 0 1438 1080
15095 835 0 1443 1080
15096 834 0 1442 1080
15097 830 0 1438 1080
15098 823 0 1431 1080
15099 817 0 1425 1080
15100 816 0 1424 1080
15101 816 0 1424 1080
15102 824 0 1432 1080
15103 854 0 1462 1080
15104 880 0 1488 1080
15105 896 0 1504 1080
15106 902 0 1510 1080
15107 910 0 1518 1080
15108 927 0 1535 1080
15109 949 0 1557 1080
15110 962 0 1570 1080
15111 973 0 1581 1080
15112 983 0 1591 1080
15113 991 0 1599 1080
15114 997 0 1605 1080
15115 1003 0 1611 1080
15116 1010 0 1618 1080
15117 1019 0 1627 1080
15118 1032 0 1640 1080
15119 1048 0 1656 1080
15120 1066 0 1674 1080
15121 1085 0 1693 1080
15122 1102 0 1710 1080
15123 1117 0 1725 1080
15124 1127 0 1735 1080
15125 1134 0 1742 1080
15126 1139 0 1747 1080
15127 1142 0 1750 1080
15128 1144 0 1752 1080
15129 1147 0 1755 1080
15130 1151 0 1759 1080
15131 1157 0 1765 1080
15132 1164 0 1772 1080
15133 1174 0 1782 1080
15134 1187 0 1795 1080
15135 1202 0 1810 1080
15136 1218 0 1826 1080
15137 1223 0 1831 1080
15138 1245 0 1853 1080
15139 1263 0 1871 1080
15140 1294 0 1902 1080
15141 1312 0 1920 1080
15142 1312 0 1920 1080
15143 1312 0 1920 1080
15144 1312 0 1920 1080
15145 1312 0 1920 1080
15146 1312 0 1920 1080
15147 1312 0 1920 1080
15148 1312 0 1920 1080
15149 1312 0 1920 1080
15150 1312 0 1920 1080
15151 1312 0 1920 1080
15152 1312 0 1920 1080
15153 1312 0 1920 1080
15154 1312 0 1920 1080
15155 1312 0 1920 1080
15156 1312 0 1920 1080
15157 1312 0 1920 1080
15158 1312 0 1920 1080
15159 1312 0 1920 1080
15160 1312 0 1920 1080
15161 1312 0 1920 1080
15162 1312 0 1920 1080
15163 1312 0 1920 1080
15164 1312 0 1920 1080
15165 1312 0 1920 1080
15166 1312 0 1920 1080
15167 1312 0 1920 1080
15168 1312 0 1920 1080
15169 1312 0 1920 1080
15170 1312 0 1920 1080
15171 1312 0 1920 1080
15172 1312 0 1920 1080
15173 1312 0 1920 1080
15174 1312 0 1920 1080
15175 1312 0 1920 1080
15176 1312 0 1920 1080
15177 1312 0 1920 1080
15178 1312 0 1920 1080
15179 1312 0 1920 1080
15180 1312 0 1920 1080
15181 1312 0 1920 1080
15182 1312 0 1920 1080
15183 1312 0 1920 1080
15184 1312 0 1920 1080
15185 1312 0 1920 1080
15186 1312 0 1920 1080
15187 1312 0 1920 1080
15188 1312 0 1920 1080
15189 1312 0 1920 1080
15190 1312 0 1920 1080
15191 1312 0 1920 1080
15192 1312 0 1920 1080
15193 1312 0 1920 1080
15194 1312 0 1920 1080
15195 1312 0 1920 1080
15196 1312 0 1920 1080
15197 1312 0 1920 1080
15198 1312 0 1920 1080
15199 1312 0 1920 1080
15200 1312 0 1920 1080
15201 1312 0 1920 1080
15202 1307 0 1915 1080
15203 1302 0 1910 1080
15204 1301 0 1909 1080
15205 1303 0 1911 1080
15206 1307 0 1915 1080
15207 1311 0 1919 1080
15208 1312 0 1920 1080
15209 1312 0 1920 1080
15210 1312 0 1920 1080
15211 1312 0 1920 1080
15212 1306 0 1914 1080
15213 1297 0 1905 1080
15214 1288 0 1896 1080
15215 1279 0 1887 1080
15216 1272 0 1880 1080
15217 1268 0 1876 1080
15218 1265 0 1873 1080
15219 1262 0 1870 1080
15220 1259 0 1867 1080
15221 1256 0 1864 1080
15222 1251 0 1859 1080
15223 1247 0 1855 1080
15224 1243 0 1851 1080
15225 1239 0 1847 1080
15226 1237 0 1845 1080
15227 1236 0 1844 1080
15228 1236 0 1844 1080
15229 1237 0 1845 1080
15230 1240 0 1848 1080
15231 1243 0 1851 1080
15232 1247 0 1855 1080
15233 1250 0 1858 1080
15234 1251 0 1859 1080
15235 1250 0 1858 1080
15236 1248 0 1856 1080
15237 1243 0 1851 1080
15238 1238 0 1846 1080
15239 1233 0 1841 1080
15240 1231 0 1839 1080
15241 1232 0 1840 1080
15242 1243 0 1851 1080
15243 1252 0 1860 1080
15244 1259 0 1867 1080
15245 1261 0 1869 1080
15246 1259 0 1867 1080
15247 1254 0 1862 1080
15248 1245 0 1853 1080
15249 1235 0 1843 1080
15250 1217 0 1825 1080
15251 1209 0 1817 1080
15252 1199 0 1807 1080
15253 1193 0 1801 1080
15254 1191 0 1799 1080
15255 1192 0 1800 1080
15256 1193 0 1801 1080
15257 1196 0 1804 1080
15258 1201 0 1809 1080
15259 1208 0 1816 1080
15260 1216 0 1824 1080
15261 1225 0 1833 1080
15262 1234 0 1842 1080
15263 1242 0 1850 1080
15264 1250 0 1858 1080
15265 1256 0 1864 1080
15266 1260 0 1868 1080
15267 1263 0 1871 1080
15268 1265 0 1873 1080
15269 1283 0 1891 1080
15270 1309 0 1917 1080
15271 1312 0 1920 1080
15272 1312 0 1920 1080
15273 1312 0 1920 1080
15274 1312 0 1920 1080
15275 1312 0 1920 1080
15276 1312 0 1920 1080
15277 1312 0 1920 1080
15278 1312 0 1920 1080
15279 1312 0 1920 1080
15280 1312 0 1920 1080
15281 1312 0 1920 1080
15282 1312 0 1920 1080
15283 1312 0 1920 1080
15284 1312 0 1920 1080
15285 1312 0 1920 1080
15286 1312 0 1920 1080
15287 1312 0 1920 1080
15288 1312 0 1920 1080
15289 1307 0 1915 1080
15290 1292 0 1900 1080
15291 1285 0 1893 1080
15292 1285 0 1893 1080
15293 1288 0 1896 1080
15294 1292 0 1900 1080
15295 1298 0 1906 1080
15296 1303 0 1911 1080
15297 1267 0 1875 1080
15298 1202 0 1810 1080
15299 1125 0 1733 1080
15300 1052 0 1660 1080
15301 995 0 1603 1080
15302 970 0 1578 1080
15303 974 0 1582 1080
15304 1000 0 1608 1080
15305 1037 0 1645 1080
15306 1075 0 1683 1080
15307 1105 0 1713 1080
15308 1169 0 1777 1080
15309 1245 0 1853 1080
15310 1269 0 1877 1080
15311 1245 0 1853 1080
15312 1187 0 1795 1080
15313 1113 0 1721 1080
15314 1038 0 1646 1080
15315 978 0 1586 1080
15316 940 0 1548 1080
15317 926 0 1534 1080
15318 926 0 1534 1080
15319 938 0 1546 1080
15320 960 0 1568 1080
15321 993 0 1601 1080
15322 1027 0 1635 1080
15323 1056 0 1664 1080
15324 1073 0 1681 1080
15325 1082 0 1690 1080
15326 1078 0 1686 1080
15327 1073 0 1681 1080
15328 1068 0 1676 1080
15329 1064 0 1672 1080
15330 1062 0 1670 1080
15331 1071 0 1679 1080
15332 1090 0 1698 1080
15333 1115 0 1723 1080
15334 1154 0 1762 1080
15335 1185 0 1793 1080
15336 1204 0 1812 1080
15337 1217 0 1825 1080
15338 1216 0 1824 1080
15339 1204 0 1812 1080
15340 1186 0 1794 1080
15341 1167 0 1775 1080
15342 1150 0 1758 1080
15343 1140 0 1748 1080
15344 1136 0 1744 1080
15345 1139 0 1747 1080
15346 1146 0 1754 1080
15347 1156 0 1764 1080
15348 1155 0 1763 1080
15349 1158 0 1766 1080
15350 1166 0 1774 1080
15351 1177 0 1785 1080
15352 1187 0 1795 1080
15353 1196 0 1804 1080
15354 1204 0 1812 1080
15355 1208 0 1816 1080
15356 1206 0 1814 1080
15357 1195 0 1803 1080
15358 1172 0 1780 1080
15359 1145 0 1753 1080
15360 1118 0 1726 1080
15361 1094 0 1702 1080
15362 1076 0 1684 1080
15363 1063 0 1671 1080
15364 1056 0 1664 1080
15365 1087 0 1695 1080
15366 1107 0 1715 1080
15367 1114 0 1722 1080
15368 1108 0 1716 1080
15369 1037 0 1645 1080
15370 957 0 1565 1080
15371 877 0 1485 1080
15372 797 0 1405 1080
15373 717 0 1325 1080
15374 639 0 1247 1080
15375 574 0 1182 1080
15376 526 0 1134 1080
15377 496 0 1104 1080
15378 482 0 1090 1080
15379 562 0 1170 1080
15380 612 0 1220 1080
15381 623 0 1231 1080
15382 596 0 1204 1080
15383 538 0 1146 1080
15384 461 0 1069 1080
15385 381 0 989 1080
15386 461 0 1069 1080
15387 495 0 1103 1080
15388 481 0 1089 1080
15389 425 0 1033 1080
15390 345 0 953 1080
15391 265 0 873 1080
15392 191 0 799 1080
15393 148 0 756 1080
15394 139 0 747 1080
15395 149 0 757 1080
15396 177 0 785 1080
15397 220 0 828 1080
15398 276 0 884 1080
15399 338 0 946 1080
15400 395 0 1003 1080
15401 468 0 1076 1080
15402 544 0 1152 1080
15403 609 0 1217 1080
15404 653 0 1261 1080
15405 673 0 1281 1080
15406 669 0 1277 1080
15407 652 0 1260 1080
15408 630 0 1238 1080
15409 610 0 1218 1080
15410 599 0 1207 1080
15411 582 0 1190 1080
15412 578 0 1186 1080
15413 599 0 1207 1080
15414 595 0 1203 1080
15415 610 0 1218 1080
15416 636 0 1244 1080
15417 665 0 1273 1080
15418 705 0 1313 1080
15419 748 0 1356 1080
15420 790 0 1398 1080
15421 825 0 1433 1080
15422 852 0 1460 1080
15423 870 0 1478 1080
15424 880 0 1488 1080
15425 883 0 1491 1080
15426 884 0 1492 1080
15427 884 0 1492 1080
15428 882 0 1490 1080
15429 962 0 1570 1080
15430 1014 0 1622 1080
15431 1036 0 1644 1080
15432 1034 0 1642 1080
15433 1014 0 1622 1080
15434 984 0 1592 1080
15435 958 0 1566 1080
15436 943 0 1551 1080
15437 938 0 1546 1080
15438 952 0 1560 1080
15439 977 0 1585 1080
15440 1013 0 1621 1080
15441 1051 0 1659 1080
15442 1104 0 1712 1080
15443 1149 0 1757 1080
15444 1200 0 1808 1080
15445 1249 0 1857 1080
15446 1293 0 1901 1080
15447 1312 0 1920 1080
15448 1312 0 1920 1080
15449 1312 0 1920 1080
15450 1312 0 1920 1080
15451 1312 0 1920 1080
15452 1312 0 1920 1080
15453 1312 0 1920 1080
15454 1312 0 1920 1080
15455 1312 0 1920 1080
15456 1312 0 1920 1080
15457 1312 0 1920 1080
15458 1312 0 1920 1080
15459 1312 0 1920 1080
15460 1312 0 1920 1080
15461 1312 0 1920 1080
15462 1312 0 1920 1080
15463 1309 0 1917 1080
15464 1229 0 1837 1080
15465 1158 0 1766 1080
15466 1115 0 1723 1080
15467 1101 0 1709 1080
15468 1115 0 1723 1080
15469 1144 0 1752 1080
15470 1224 0 1832 1080
15471 1304 0 1912 1080
15472 1312 0 1920 1080
15473 1312 0 1920 1080
15474 1312 0 1920 1080
15475 1312 0 1920 1080
15476 1312 0 1920 1080
15477 1312 0 1920 1080
15478 1312 0 1920 1080
15479 1312 0 1920 1080
15480 1312 0 1920 1080
15481 1312 0 1920 1080
15482 1312 0 1920 1080
15483 1312 0 1920 1080
15484 1312 0 1920 1080
15485 1312 0 1920 1080
15486 1312 0 1920 1080
15487 1312 0 1920 1080
15488 1312 0 1920 1080
15489 1312 0 1920 1080
15490 1312 0 1920 1080
15491 1312 0 1920 1080
15492 1312 0 1920 1080
15493 1312 0 1920 1080
15494 1312 0 1920 1080
15495 1312 0 1920 1080
15496 1312 0 1920 1080
15497 1312 0 1920 1080
15498 1312 0 1920 1080
15499 1312 0 1920 1080
15500 1312 0 1920 1080
15501 1312 0 1920 1080
15502 1291 0 1899 1080
15503 1212 0 1820 1080
15504 1149 0 1757 1080
15505 1112 0 1720 1080
15506 1103 0 1711 1080
15507 1120 0 1728 1080
15508 1156 0 1764 1080
15509 1201 0 1809 1080
15510 1243 0 1851 1080
15511 1275 0 1883 1080
15512 1293 0 1901 1080
15513 1298 0 1906 1080
15514 1291 0 1899 1080
15515 1276 0 1884 1080
15516 1258 0 1866 1080
15517 1241 0 1849 1080
15518 1227 0 1835 1080
15519 1218 0 1826 1080
15520 1216 0 1824 1080
15521 1219 0 1827 1080
15522 1226 0 1834 1080
15523 1234 0 1842 1080
15524 1242 0 1850 1080
15525 1248 0 1856 1080
15526 1251 0 1859 1080
15527 1250 0 1858 1080
15528 1247 0 1855 1080
15529 1241 0 1849 1080
15530 1234 0 1842 1080
15531 1225 0 1833 1080
15532 1218 0 1826 1080
15533 1213 0 1821 1080
15534 1211 0 1819 1080
15535 1268 0 1876 1080
15536 1312 0 1920 1080
15537 1312 0 1920 1080
15538 1312 0 1920 1080
15539 1312 0 1920 1080
15540 1312 0 1920 1080
15541 1312 0 1920 1080
15542 1312 0 1920 1080
15543 1312 0 1920 1080
15544 1312 0 1920 1080
15545 1312 0 1920 1080
15546 1312 0 1920 1080
15547 1312 0 1920 1080
15548 1312 0 1920 1080
15549 1312 0 1920 1080
15550 1312 0 1920 1080
15551 1312 0 1920 1080
15552 1312 0 1920 1080
15553 1312 0 1920 1080
15554 1312 0 1920 1080
15555 1312 0 1920 1080
15556 1312 0 1920 1080
15557 1312 0 1920 1080
15558 1312 0 1920 1080
15559 1312 0 1920 1080
15560 1312 0 1920 1080
15561 1312 0 1920 1080
15562 1312 0 1920 1080
15563 1312 0 1920 1080
15564 1312 0 1920 1080
15565 1312 0 1920 1080
15566 1312 0 1920 1080
15567 1312 0 1920 1080
15568 1312 0 1920 1080
15569 1312 0 1920 1080
15570 1312 0 1920 1080
15571 1312 0 1920 1080
15572 1312 0 1920 1080
15573 1312 0 1920 1080
15574 1312 0 1920 1080
15575 1312 0 1920 1080
15576 1312 0 1920 1080
15577 1312 0 1920 1080
15578 1312 0 1920 1080
15579 1312 0 1920 1080
15580 1312 0 1920 1080
15581 1312 0 1920 1080
15582 1312 0 1920 1080
15583 1312 0 1920 1080
15584 1312 0 1920 1080
15585 1312 0 1920 1080
15586 1312 0 1920 1080
15587 1312 0 1920 1080
15588 1312 0 1920 1080
15589 1312 0 1920 1080
15590 1312 0 1920 1080
15591 1312 0 1920 1080
15592 1312 0 1920 1080
15593 1312 0 1920 1080
15594 1312 0 1920 1080
15595 1312 0 1920 1080
15596 1312 0 1920 1080
15597 1312 0 1920 1080
15598 1312 0 1920 1080
15599 1312 0 1920 1080
15600 1312 0 1920 1080
15601 1312 0 1920 1080
15602 1312 0 1920 1080
15603 1312 0 1920 1080
15604 1312 0 1920 1080
15605 1312 0 1920 1080
15606 1312 0 1920 1080
15607 1312 0 1920 1080
15608 1312 0 1920 1080
15609 1312 0 1920 1080
15610 1312 0 1920 1080
15611 1312 0 1920 1080
15612 1312 0 1920 1080
15613 1312 0 1920 1080
15614 1312 0 1920 1080
15615 1312 0 1920 1080
15616 1312 0 1920 1080
15617 1312 0 1920 1080
15618 1312 0 1920 1080
15619 1312 0 1920 1080
15620 1312 0 1920 1080
15621 1312 0 1920 1080
15622 1312 0 1920 1080
15623 1312 0 1920 1080
15624 1312 0 1920 1080
15625 1312 0 1920 1080
15626 1312 0 1920 1080
15627 1312 0 1920 1080
15628 1312 0 1920 1080
15629 1312 0 1920 1080
15630 1312 0 1920 1080
15631 1312 0 1920 1080
15632 1312 0 1920 1080
15633 1312 0 1920 1080
15634 1312 0 1920 1080
15635 1312 0 1920 1080
15636 1312 0 1920 1080
15637 1312 0 1920 1080
15638 1312 0 1920 1080
15639 1312 0 1920 1080
15640 1312 0 1920 1080
15641 1312 0 1920 1080
15642 1312 0 1920 1080
15643 1312 0 1920 1080
15644 1312 0 1920 1080
15645 1312 0 1920 1080
15646 1312 0 1920 1080
15647 1312 0 1920 1080
15648 1312 0 1920 1080
15649 1312 0 1920 1080
15650 1312 0 1920 1080
15651 1312 0 1920 1080
15652 1312 0 1920 1080
15653 1312 0 1920 1080
15654 1312 0 1920 1080
15655 1312 0 1920 1080
15656 1312 0 1920 1080
15657 1312 0 1920 1080
15658 1312 0 1920 1080
15659 1296 0 1904 1080
15660 1216 0 1824 1080
15661 1136 0 1744 1080
15662 1056 0 1664 1080
15663 1050 0 1658 1080
15664 1130 0 1738 1080
15665 1210 0 1818 1080
15666 1290 0 1898 1080
15667 1312 0 1920 1080
15668 1312 0 1920 1080
15669 1312 0 1920 1080
15670 1312 0 1920 1080
15671 1312 0 1920 1080
15672 1312 0 1920 1080
15673 1312 0 1920 1080
15674 1312 0 1920 1080
15675 1312 0 1920 1080
15676 1312 0 1920 1080
15677 1312 0 1920 1080
15678 1312 0 1920 1080
15679 1312 0 1920 1080
15680 1312 0 1920 1080
15681 1312 0 1920 1080
15682 1312 0 1920 1080
15683 1312 0 1920 1080
15684 1312 0 1920 1080
15685 1312 0 1920 1080
15686 1312 0 1920 1080
15687 1312 0 1920 1080
15688 1312 0 1920 1080
15689 1312 0 1920 1080
15690 1312 0 1920 1080
15691 1312 0 1920 1080
15692 1312 0 1920 1080
15693 1312 0 1920 1080
15694 1312 0 1920 1080
15695 1312 0 1920 1080
15696 1312 0 1920 1080
15697 1312 0 1920 1080
15698 1312 0 1920 1080
15699 1312 0 1920 1080
15700 1312 0 1920 1080
15701 1312 0 1920 1080
15702 1312 0 1920 1080
15703 1312 0 1920 1080
15704 1312 0 1920 1080
15705 1312 0 1920 1080
15706 1312 0 1920 1080
15707 1312 0 1920 1080
15708 1312 0 1920 1080
15709 1312 0 1920 1080
15710 1312 0 1920 1080
15711 1312 0 1920 1080
15712 1312 0 1920 1080
15713 1312 0 1920 1080
15714 1312 0 1920 1080
15715 1312 0 1920 1080
15716 1312 0 1920 1080
15717 1312 0 1920 1080
15718 1312 0 1920 1080
15719 1312 0 1920 1080
15720 1312 0 1920 1080
15721 1312 0 1920 1080
15722 1312 0 1920 1080
15723 1312 0 1920 1080
15724 1312 0 1920 1080
15725 1312 0 1920 1080
15726 1312 0 1920 1080
15727 1312 0 1920 1080
15728 1312 0 1920 1080
15729 1312 0 1920 1080
15730 1312 0 1920 1080
15731 1312 0 1920 1080
15732 1312 0 1920 1080
15733 1312 0 1920 1080
15734 1312 0 1920 1080
15735 1312 0 1920 1080
15736 1312 0 1920 1080
15737 1312 0 1920 1080
15738 1312 0 1920 1080
15739 1312 0 1920 1080
15740 1312 0 1920 1080
15741 1312 0 1920 1080
15742 1312 0 1920 1080
15743 1312 0 1920 1080
15744 1312 0 1920 1080
15745 1312 0 1920 1080
15746 1312 0 1920 1080
15747 1312 0 1920 1080
15748 1312 0 1920 1080
15749 1312 0 1920 1080
15750 1312 0 1920 1080
15751 1312 0 1920 1080
15752 1308 0 1916 1080
15753 1295 0 1903 1080
15754 1284 0 1892 1080
15755 1280 0 1888 1080
15756 1281 0 1889 1080
15757 1288 0 1896 1080
15758 1298 0 1906 1080
15759 1307 0 1915 1080
15760 1312 0 1920 1080
15761 1312 0 1920 1080
15762 1312 0 1920 1080
15763 1312 0 1920 1080
15764 1312 0 1920 1080
15765 1312 0 1920 1080
15766 1312 0 1920 1080
15767 1312 0 1920 1080
15768 1312 0 1920 1080
15769 1312 0 1920 1080
15770 1312 0 1920 1080
15771 1312 0 1920 1080
15772 1312 0 1920 1080
15773 1312 0 1920 1080
15774 1312 0 1920 1080
15775 1312 0 1920 1080
15776 1312 0 1920 1080
15777 1312 0 1920 1080
15778 1312 0 1920 1080
15779 1312 0 1920 1080
15780 1312 0 1920 1080
15781 1312 0 1920 1080
15782 1312 0 1920 1080
15783 1312 0 1920 1080
15784 1312 0 1920 1080
15785 1312 0 1920 1080
15786 1312 0 1920 1080
15787 1312 0 1920 1080
15788 1312 0 1920 1080
15789 1312 0 1920 1080
15790 1312 0 1920 1080
15791 1312 0 1920 1080
15792 1312 0 1920 1080
15793 1312 0 1920 1080
15794 1312 0 1920 1080
15795 1312 0 1920 1080
15796 1312 0 1920 1080
15797 1312 0 1920 1080
15798 1312 0 1920 1080
15799 1312 0 1920 1080
15800 1312 0 1920 1080
15801 1312 0 1920 1080
15802 1312 0 1920 1080
15803 1312 0 1920 1080
15804 1312 0 1920 1080
15805 1312 0 1920 1080
15806 1312 0 1920 1080
15807 1312 0 1920 1080
15808 1312 0 1920 1080
15809 1312 0 1920 1080
15810 1306 0 1914 1080
15811 1296 0 1904 1080
15812 1287 0 1895 1080
15813 1279 0 1887 1080
15814 1271 0 1879 1080
15815 1261 0 1869 1080
15816 1250 0 1858 1080
15817 1235 0 1843 1080
15818 1217 0 1825 1080
15819 1199 0 1807 1080
15820 1184 0 1792 1080
15821 1173 0 1781 1080
15822 1102 0 1710 1080
15823 1022 0 1630 1080
15824 942 0 1550 1080
15825 862 0 1470 1080
15826 799 0 1407 1080
15827 756 0 1364 1080
15828 737 0 1345 1080
15829 740 0 1348 1080
15830 720 0 1328 1080
15831 684 0 1292 1080
15832 643 0 1251 1080
15833 606 0 1214 1080
15834 584 0 1192 1080
15835 578 0 1186 1080
15836 590 0 1198 1080
15837 615 0 1223 1080
15838 648 0 1256 1080
15839 682 0 1290 1080
15840 713 0 1321 1080
15841 736 0 1344 1080
15842 750 0 1358 1080
15843 756 0 1364 1080
15844 755 0 1363 1080
15845 752 0 1360 1080
15846 747 0 1355 1080
15847 746 0 1354 1080
15848 750 0 1358 1080
15849 759 0 1367 1080
15850 773 0 1381 1080
15851 790 0 1398 1080
15852 806 0 1414 1080
15853 821 0 1429 1080
15854 831 0 1439 1080
15855 836 0 1444 1080
15856 837 0 1445 1080
15857 835 0 1443 1080
15858 831 0 1439 1080
15859 814 0 1422 1080
15860 734 0 1342 1080
15861 676 0 1284 1080
15862 648 0 1256 1080
15863 650 0 1258 1080
15864 675 0 1283 1080
15865 716 0 1324 1080
15866 760 0 1368 1080
15867 694 0 1302 1080
15868 659 0 1267 1080
15869 655 0 1263 1080
15870 679 0 1287 1080
15871 720 0 1328 1080
15872 767 0 1375 1080
15873 810 0 1418 1080
15874 735 0 1343 1080
15875 655 0 1263 1080
15876 575 0 1183 1080
15877 495 0 1103 1080
15878 415 0 1023 1080
15879 335 0 943 1080
15880 258 0 866 1080
15881 200 0 808 1080
15882 168 0 776 1080
15883 164 0 772 1080
15884 182 0 790 1080
15885 262 0 870 1080
15886 329 0 937 1080
15887 370 0 978 1080
15888 384 0 992 1080
15889 372 0 980 1080
15890 343 0 951 1080
15891 273 0 881 1080
15892 193 0 801 1080
15893 113 0 721 1080
15894 33 0 641 1080
15895 0 0 608 1080
15896 0 0 608 1080
15897 0 0 608 1080
15898 0 0 608 1080
15899 0 0 608 1080
15900 0 0 608 1080
15901 0 0 608 1080
15902 0 0 608 1080
15903 0 0 608 1080
15904 57 0 665 1080
15905 137 0 745 1080
15906 217 0 825 1080
15907 297 0 905 1080
15908 377 0 985 1080
15909 457 0 1065 1080
15910 537 0 1145 1080
15911 617 0 1225 1080
15912 686 0 1294 1080
15913 727 0 1335 1080
15914 732 0 1340 1080
15915 706 0 1314 1080
15916 654 0 1262 1080
15917 590 0 1198 1080
15918 529 0 1137 1080
15919 475 0 1083 1080
15920 435 0 1043 1080
15921 414 0 1022 1080
15922 408 0 1016 1080
15923 415 0 1023 1080
15924 429 0 1037 1080
15925 446 0 1054 1080
15926 462 0 1070 1080
15927 472 0 1080 1080
15928 475 0 1083 1080
15929 470 0 1078 1080
15930 457 0 1065 1080
15931 438 0 1046 1080
15932 416 0 1024 1080
15933 395 0 1003 1080
15934 377 0 985 1080
15935 365 0 973 1080
15936 362 0 970 1080
15937 364 0 972 1080
15938 372 0 980 1080
15939 381 0 989 1080
15940 388 0 996 1080
15941 387 0 995 1080
15942 377 0 985 1080
15943 354 0 962 1080
15944 322 0 930 1080
15945 286 0 894 1080
15946 242 0 850 1080
15947 191 0 799 1080
15948 160 0 768 1080
15949 151 0 759 1080
15950 160 0 768 1080
15951 180 0 788 1080
15952 202 0 810 1080
15953 210 0 818 1080
15954 204 0 812 1080
15955 188 0 796 1080
15956 168 0 776 1080
15957 147 0 755 1080
15958 129 0 737 1080
15959 115 0 723 1080
15960 105 0 713 1080
15961 99 0 707 1080
15962 96 0 704 1080
15963 93 0 701 1080
15964 92 0 700 1080
15965 90 0 698 1080
15966 85 0 693 1080
15967 80 0 688 1080
15968 76 0 684 1080
15969 72 0 680 1080
15970 68 0 676 1080
15971 64 0 672 1080
15972 85 0 693 1080
15973 122 0 730 1080
15974 165 0 773 1080
15975 205 0 813 1080
15976 241 0 849 1080
15977 266 0 874 1080
15978 277 0 885 1080
15979 275 0 883 1080
15980 258 0 866 1080
15981 232 0 840 1080
15982 205 0 813 1080
15983 180 0 788 1080
15984 161 0 769 1080
15985 164 0 772 1080
15986 184 0 792 1080
15987 214 0 822 1080
15988 247 0 855 1080
15989 275 0 883 1080
15990 294 0 902 1080
15991 303 0 911 1080
15992 303 0 911 1080
15993 297 0 905 1080
15994 288 0 896 1080
15995 280 0 888 1080
15996 274 0 882 1080
15997 273 0 881 1080
15998 275 0 883 1080
15999 281 0 889 1080
16000 271 0 879 1080
16001 265 0 873 1080
16002 205 0 813 1080
16003 159 0 767 1080
16004 135 0 743 1080
16005 149 0 757 1080
16006 192 0 800 1080
16007 254 0 862 1080
16008 321 0 929 1080
16009 381 0 989 1080
16010 428 0 1036 1080
16011 457 0 1065 1080
16012 471 0 1079 1080
16013 475 0 1083 1080
16014 473 0 1081 1080
16015 481 0 1089 1080
16016 561 0 1169 1080
16017 641 0 1249 1080
16018 721 0 1329 1080
16019 801 0 1409 1080
16020 881 0 1489 1080
16021 961 0 1569 1080
16022 1041 0 1649 1080
16023 1121 0 1729 1080
16024 1201 0 1809 1080
16025 1281 0 1889 1080
16026 1312 0 1920 1080
16027 1312 0 1920 1080
16028 1312 0 1920 1080
16029 1281 0 1889 1080
16030 1201 0 1809 1080
16031 1121 0 1729 1080
16032 1041 0 1649 1080
16033 961 0 1569 1080
16034 881 0 1489 1080
16035 872 0 1480 1080
16036 792 0 1400 1080
16037 712 0 1320 1080
16038 632 0 1240 1080
16039 552 0 1160 1080
16040 472 0 1080 1080
16041 392 0 1000 1080
16042 312 0 920 1080
16043 246 0 854 1080
16044 177 0 785 1080
16045 122 0 730 1080
16046 90 0 698 1080
16047 170 0 778 1080
16048 236 0 844 1080
16049 283 0 891 1080
16050 308 0 916 1080
16051 310 0 918 1080
16052 295 0 903 1080
16053 269 0 877 1080
16054 239 0 847 1080
16055 211 0 819 1080
16056 192 0 800 1080
16057 136 0 744 1080
16058 62 0 670 1080
16059 0 0 608 1080
16060 0 0 608 1080
16061 0 0 608 1080
16062 0 0 608 1080
16063 0 0 608 1080
16064 0 0 608 1080
16065 66 0 674 1080
16066 146 0 754 1080
16067 226 0 834 1080
16068 306 0 914 1080
16069 386 0 994 1080
16070 466 0 1074 1080
16071 544 0 1152 1080
16072 613 0 1221 1080
16073 660 0 1268 1080
16074 662 0 1270 1080
16075 644 0 1252 1080
16076 611 0 1219 1080
16077 575 0 1183 1080
16078 495 0 1103 1080
16079 415 0 1023 1080
16080 335 0 943 1080
16081 255 0 863 1080
16082 175 0 783 1080
16083 255 0 863 1080
16084 263 0 871 1080
16085 210 0 818 1080
16086 130 0 738 1080
16087 50 0 658 1080
16088 0 0 608 1080
16089 0 0 608 1080
16090 0 0 608 1080
16091 43 0 651 1080
16092 73 0 681 1080
16093 73 0 681 1080
16094 48 0 656 1080
16095 9 0 617 1080
16096 0 0 608 1080
16097 46 0 654 1080
16098 89 0 697 1080
16099 95 0 703 1080
16100 68 0 676 1080
16101 21 0 629 1080
16102 0 0 608 1080
16103 0 0 608 1080
16104 0 0 608 1080
16105 47 0 655 1080
16106 64 0 672 1080
16107 50 0 658 1080
16108 13 0 621 1080
16109 0 0 608 1080
16110 0 0 608 1080
16111 0 0 608 1080
16112 46 0 654 1080
16113 58 0 666 1080
16114 38 0 646 1080
16115 0 0 608 1080
16116 0 0 608 1080
16117 0 0 608 1080
16118 0 0 608 1080
16119 26 0 634 1080
16120 40 0 648 1080
16121 34 0 642 1080
16122 14 0 622 1080
16123 0 0 608 1080
16124 0 0 608 1080
16125 0 0 608 1080
16126 0 0 608 1080
16127 0 0 608 1080
16128 0 0 608 1080
16129 0 0 608 1080
16130 0 0 608 1080
16131 0 0 608 1080
16132 0 0 608 1080
16133 0 0 608 1080
16134 0 0 608 1080
16135 0 0 608 1080
16136 0 0 608 1080
16137 0 0 608 1080
16138 0 0 608 1080
16139 0 0 608 1080
16140 0 0 608 1080
16141 0 0 608 1080
16142 0 0 608 1080
16143 11 0 619 1080
16144 24 0 632 1080
16145 32 0 640 1080
16146 34 0 642 1080
16147 32 0 640 1080
16148 28 0 636 1080
16149 22 0 630 1080
16150 17 0 625 1080
16151 16 0 624 1080
16152 22 0 630 1080
16153 33 0 641 1080
16154 45 0 653 1080
16155 55 0 663 1080
16156 59 0 667 1080
16157 56 0 664 1080
16158 51 0 659 1080
16159 44 0 652 1080
16160 36 0 644 1080
16161 31 0 639 1080
16162 31 0 639 1080
16163 34 0 642 1080
16164 39 0 647 1080
16165 42 0 650 1080
16166 44 0 652 1080
16167 43 0 651 1080
16168 42 0 650 1080
16169 38 0 646 1080
16170 36 0 644 1080
16171 36 0 644 1080
16172 42 0 650 1080
16173 51 0 659 1080
16174 61 0 669 1080
16175 69 0 677 1080
16176 74 0 682 1080
16177 75 0 683 1080
16178 72 0 680 1080
16179 70 0 678 1080
16180 70 0 678 1080
16181 72 0 680 1080
16182 73 0 681 1080
16183 72 0 680 1080
16184 70 0 678 1080
16185 66 0 674 1080
16186 63 0 671 1080
16187 61 0 669 1080
16188 61 0 669 1080
16189 62 0 670 1080
16190 63 0 671 1080
16191 65 0 673 1080
16192 71 0 679 1080
16193 80 0 688 1080
16194 92 0 700 1080
16195 104 0 712 1080
16196 116 0 724 1080
16197 125 0 733 1080
16198 132 0 740 1080
16199 134 0 742 1080
16200 132 0 740 1080
16201 125 0 733 1080
16202 116 0 724 1080
16203 106 0 714 1080
16204 96 0 704 1080
16205 91 0 699 1080
16206 91 0 699 1080
16207 99 0 707 1080
16208 111 0 719 1080
16209 124 0 732 1080
16210 137 0 745 1080
16211 146 0 754 1080
16212 151 0 759 1080
16213 152 0 760 1080
16214 152 0 760 1080
16215 150 0 758 1080
16216 149 0 757 1080
16217 148 0 756 1080
16218 147 0 755 1080
16219 147 0 755 1080
16220 148 0 756 1080
16221 148 0 756 1080
16222 153 0 761 1080
16223 157 0 765 1080
16224 161 0 769 1080
16225 165 0 773 1080
16226 169 0 777 1080
16227 172 0 780 1080
16228 175 0 783 1080
16229 182 0 790 1080
16230 189 0 797 1080
16231 195 0 803 1080
16232 200 0 808 1080
16233 203 0 811 1080
16234 204 0 812 1080
16235 202 0 810 1080
16236 203 0 811 1080
16237 201 0 809 1080
16238 197 0 805 1080
16239 192 0 800 1080
16240 188 0 796 1080
16241 184 0 792 1080
16242 181 0 789 1080
16243 184 0 792 1080
16244 192 0 800 1080
16245 201 0 809 1080
16246 211 0 819 1080
16247 216 0 824 1080
16248 245 0 853 1080
16249 286 0 894 1080
16250 326 0 934 1080
16251 360 0 968 1080
16252 380 0 988 1080
16253 384 0 992 1080
16254 375 0 983 1080
16255 357 0 965 1080
16256 308 0 916 1080
16257 247 0 855 1080
16258 192 0 800 1080
16259 154 0 762 1080
16260 139 0 747 1080
16261 151 0 759 1080
16262 185 0 793 1080
16263 233 0 841 1080
16264 284 0 892 1080
16265 331 0 939 1080
16266 368 0 976 1080
16267 393 0 1001 1080
16268 405 0 1013 1080
16269 408 0 1016 1080
16270 452 0 1060 1080
16271 525 0 1133 1080
16272 605 0 1213 1080
16273 685 0 1293 1080
16274 758 0 1366 1080
16275 818 0 1426 1080
16276 859 0 1467 1080
16277 884 0 1492 1080
16278 896 0 1504 1080
16279 901 0 1509 1080
16280 906 0 1514 1080
16281 915 0 1523 1080
16282 931 0 1539 1080
16283 955 0 1563 1080
16284 987 0 1595 1080
16285 1024 0 1632 1080
16286 1063 0 1671 1080
16287 1102 0 1710 1080
16288 1137 0 1745 1080
16289 1169 0 1777 1080
16290 1197 0 1805 1080
16291 1222 0 1830 1080
16292 1245 0 1853 1080
16293 1247 0 1855 1080
16294 1229 0 1837 1080
16295 1200 0 1808 1080
16296 1166 0 1774 1080
16297 1134 0 1742 1080
16298 1111 0 1719 1080
16299 1098 0 1706 1080
16300 1086 0 1694 1080
16301 1078 0 1686 1080
16302 1074 0 1682 1080
16303 1071 0 1679 1080
16304 1069 0 1677 1080
16305 1068 0 1676 1080
16306 1068 0 1676 1080
16307 1069 0 1677 1080
16308 1070 0 1678 1080
16309 1071 0 1679 1080
16310 1071 0 1679 1080
16311 1071 0 1679 1080
16312 1070 0 1678 1080
16313 1067 0 1675 1080
16314 1063 0 1671 1080
16315 1059 0 1667 1080
16316 1060 0 1668 1080
16317 1067 0 1675 1080
16318 1074 0 1682 1080
16319 1080 0 1688 1080
16320 1082 0 1690 1080
16321 1081 0 1689 1080
16322 1115 0 1723 1080
16323 1131 0 1739 1080
16324 1129 0 1737 1080
16325 1152 0 1760 1080
16326 1190 0 1798 1080
16327 1232 0 1840 1080
16328 1270 0 1878 1080
16329 1297 0 1905 1080
16330 1310 0 1918 1080
16331 1274 0 1882 1080
16332 1205 0 1813 1080
16333 1156 0 1764 1080
16334 1134 0 1742 1080
16335 1138 0 1746 1080
16336 1163 0 1771 1080
16337 1199 0 1807 1080
16338 1237 0 1845 1080
16339 1269 0 1877 1080
16340 1289 0 1897 1080
16341 1294 0 1902 1080
16342 1286 0 1894 1080
16343 1269 0 1877 1080
16344 1264 0 1872 1080
16345 1270 0 1878 1080
16346 1293 0 1901 1080
16347 1312 0 1920 1080
16348 1312 0 1920 1080
16349 1312 0 1920 1080
16350 1312 0 1920 1080
16351 1312 0 1920 1080
16352 1312 0 1920 1080
16353 1312 0 1920 1080
16354 1287 0 1895 1080
16355 1253 0 1861 1080
16356 1239 0 1847 1080
16357 1236 0 1844 1080
16358 1255 0 1863 1080
16359 1289 0 1897 1080
16360 1312 0 1920 1080
16361 1312 0 1920 1080
16362 1312 0 1920 1080
16363 1312 0 1920 1080
16364 1294 0 1902 1080
16365 1299 0 1907 1080
16366 1312 0 1920 1080
16367 1312 0 1920 1080
16368 1312 0 1920 1080
16369 1312 0 1920 1080
16370 1312 0 1920 1080
16371 1312 0 1920 1080
16372 1312 0 1920 1080
16373 1312 0 1920 1080
16374 1312 0 1920 1080
16375 1287 0 1895 1080
16376 1272 0 1880 1080
16377 1276 0 1884 1080
16378 1293 0 1901 1080
16379 1312 0 1920 1080
16380 1312 0 1920 1080
16381 1312 0 1920 1080
16382 1312 0 1920 1080
16383 1312 0 1920 1080
16384 1312 0 1920 1080
16385 1312 0 1920 1080
16386 1312 0 1920 1080
16387 1312 0 1920 1080
16388 1312 0 1920 1080
16389 1308 0 1916 1080
16390 1278 0 1886 1080
16391 1239 0 1847 1080
16392 1202 0 1810 1080
16393 1202 0 1810 1080
16394 1203 0 1811 1080
16395 1232 0 1840 1080
16396 1262 0 1870 1080
16397 1303 0 1911 1080
16398 1312 0 1920 1080
16399 1312 0 1920 1080
16400 1312 0 1920 1080
16401 1312 0 1920 1080
16402 1291 0 1899 1080
16403 1211 0 1819 1080
16404 1174 0 1782 1080
16405 1186 0 1794 1080
16406 1237 0 1845 1080
16407 1224 0 1832 1080
16408 1253 0 1861 1080
16409 1221 0 1829 1080
16410 1147 0 1755 1080
16411 1067 0 1675 1080
16412 987 0 1595 1080
16413 907 0 1515 1080
16414 827 0 1435 1080
16415 757 0 1365 1080
16416 714 0 1322 1080
16417 702 0 1310 1080
16418 717 0 1325 1080
16419 755 0 1363 1080
16420 802 0 1410 1080
16421 848 0 1456 1080
16422 885 0 1493 1080
16423 910 0 1518 1080
16424 921 0 1529 1080
16425 919 0 1527 1080
16426 906 0 1514 1080
16427 888 0 1496 1080
16428 870 0 1478 1080
16429 852 0 1460 1080
16430 838 0 1446 1080
16431 827 0 1435 1080
16432 821 0 1429 1080
16433 823 0 1431 1080
16434 831 0 1439 1080
16435 841 0 1449 1080
16436 850 0 1458 1080
16437 858 0 1466 1080
16438 861 0 1469 1080
16439 857 0 1465 1080
16440 846 0 1454 1080
16441 828 0 1436 1080
16442 809 0 1417 1080
16443 793 0 1401 1080
16444 784 0 1392 1080
16445 783 0 1391 1080
16446 789 0 1397 1080
16447 799 0 1407 1080
16448 808 0 1416 1080
16449 813 0 1421 1080
16450 812 0 1420 1080
16451 806 0 1414 1080
16452 795 0 1403 1080
16453 785 0 1393 1080
16454 777 0 1385 1080
16455 772 0 1380 1080
16456 774 0 1382 1080
16457 779 0 1387 1080
16458 785 0 1393 1080
16459 788 0 1396 1080
16460 787 0 1395 1080
16461 781 0 1389 1080
16462 771 0 1379 1080
16463 761 0 1369 1080
16464 753 0 1361 1080
16465 750 0 1358 1080
16466 752 0 1360 1080
16467 757 0 1365 1080
16468 764 0 1372 1080
16469 770 0 1378 1080
16470 774 0 1382 1080
16471 773 0 1381 1080
16472 768 0 1376 1080
16473 759 0 1367 1080
16474 749 0 1357 1080
16475 740 0 1348 1080
16476 733 0 1341 1080
16477 730 0 1338 1080
16478 730 0 1338 1080
16479 732 0 1340 1080
16480 738 0 1346 1080
16481 744 0 1352 1080
16482 751 0 1359 1080
16483 756 0 1364 1080
16484 760 0 1368 1080
16485 764 0 1372 1080
16486 766 0 1374 1080
16487 768 0 1376 1080
16488 769 0 1377 1080
16489 766 0 1374 1080
16490 760 0 1368 1080
16491 753 0 1361 1080
16492 747 0 1355 1080
16493 743 0 1351 1080
16494 742 0 1350 1080
16495 743 0 1351 1080
16496 746 0 1354 1080
16497 750 0 1358 1080
16498 752 0 1360 1080
16499 753 0 1361 1080
16500 753 0 1361 1080
16501 753 0 1361 1080
16502 750 0 1358 1080
16503 744 0 1352 1080
16504 734 0 1342 1080
16505 720 0 1328 1080
16506 707 0 1315 1080
16507 696 0 1304 1080
16508 690 0 1298 1080
16509 688 0 1296 1080
16510 689 0 1297 1080
16511 694 0 1302 1080
16512 701 0 1309 1080
16513 708 0 1316 1080
16514 713 0 1321 1080
16515 715 0 1323 1080
16516 715 0 1323 1080
16517 714 0 1322 1080
16518 714 0 1322 1080
16519 714 0 1322 1080
16520 715 0 1323 1080
16521 720 0 1328 1080
16522 727 0 1335 1080
16523 736 0 1344 1080
16524 745 0 1353 1080
16525 753 0 1361 1080
16526 759 0 1367 1080
16527 762 0 1370 1080
16528 762 0 1370 1080
16529 761 0 1369 1080
16530 759 0 1367 1080
16531 759 0 1367 1080
16532 764 0 1372 1080
16533 777 0 1385 1080
16534 819 0 1427 1080
16535 876 0 1484 1080
16536 934 0 1542 1080
16537 983 0 1591 1080
16538 1017 0 1625 1080
16539 1037 0 1645 1080
16540 1082 0 1690 1080
16541 1141 0 1749 1080
16542 1204 0 1812 1080
16543 1259 0 1867 1080
16544 1299 0 1907 1080
16545 1312 0 1920 1080
16546 1312 0 1920 1080
16547 1306 0 1914 1080
16548 1283 0 1891 1080
16549 1258 0 1866 1080
16550 1237 0 1845 1080
16551 1223 0 1831 1080
16552 1218 0 1826 1080
16553 1222 0 1830 1080
16554 1232 0 1840 1080
16555 1245 0 1853 1080
16556 1258 0 1866 1080
16557 1269 0 1877 1080
16558 1277 0 1885 1080
16559 1280 0 1888 1080
16560 1280 0 1888 1080
16561 1277 0 1885 1080
16562 1273 0 1881 1080
16563 1270 0 1878 1080
16564 1267 0 1875 1080
16565 1265 0 1873 1080
16566 1264 0 1872 1080
16567 1265 0 1873 1080
16568 1267 0 1875 1080
16569 1270 0 1878 1080
16570 1272 0 1880 1080
16571 1274 0 1882 1080
16572 1275 0 1883 1080
16573 1276 0 1884 1080
16574 1277 0 1885 1080
16575 1276 0 1884 1080
16576 1275 0 1883 1080
16577 1273 0 1881 1080
16578 1272 0 1880 1080
16579 1272 0 1880 1080
16580 1272 0 1880 1080
16581 1273 0 1881 1080
16582 1274 0 1882 1080
16583 1275 0 1883 1080
16584 1277 0 1885 1080
16585 1278 0 1886 1080
16586 1279 0 1887 1080
16587 1279 0 1887 1080
16588 1280 0 1888 1080
16589 1280 0 1888 1080
16590 1277 0 1885 1080
16591 1273 0 1881 1080
16592 1269 0 1877 1080
16593 1263 0 1871 1080
16594 1256 0 1864 1080
16595 1251 0 1859 1080
16596 1246 0 1854 1080
16597 1242 0 1850 1080
16598 1240 0 1848 1080
16599 1238 0 1846 1080
16600 1237 0 1845 1080
16601 1237 0 1845 1080
16602 1235 0 1843 1080
16603 1233 0 1841 1080
16604 1230 0 1838 1080
16605 1226 0 1834 1080
16606 1221 0 1829 1080
16607 1215 0 1823 1080
16608 1208 0 1816 1080
16609 1201 0 1809 1080
16610 1194 0 1802 1080
16611 1189 0 1797 1080
16612 1186 0 1794 1080
16613 1183 0 1791 1080
16614 1183 0 1791 1080
16615 1184 0 1792 1080
16616 1186 0 1794 1080
16617 1189 0 1797 1080
16618 1191 0 1799 1080
16619 1192 0 1800 1080
16620 1186 0 1794 1080
16621 1181 0 1789 1080
16622 1178 0 1786 1080
16623 1177 0 1785 1080
16624 1178 0 1786 1080
16625 1196 0 1804 1080
16626 1222 0 1830 1080
16627 1202 0 1810 1080
16628 1198 0 1806 1080
16629 1209 0 1817 1080
16630 1229 0 1837 1080
16631 1253 0 1861 1080
16632 1276 0 1884 1080
16633 1293 0 1901 1080
16634 1213 0 1821 1080
16635 1161 0 1769 1080
16636 1143 0 1751 1080
16637 1155 0 1763 1080
16638 1190 0 1798 1080
16639 1236 0 1844 1080
16640 1281 0 1889 1080
16641 1201 0 1809 1080
16642 1154 0 1762 1080
16643 1143 0 1751 1080
16644 1163 0 1771 1080
16645 1204 0 1812 1080
16646 1254 0 1862 1080
16647 1302 0 1910 1080
16648 1222 0 1830 1080
16649 1173 0 1781 1080
16650 1158 0 1766 1080
16651 1174 0 1782 1080
16652 1212 0 1820 1080
16653 1261 0 1869 1080
16654 1308 0 1916 1080
16655 1228 0 1836 1080
16656 1179 0 1787 1080
16657 1166 0 1774 1080
16658 1184 0 1792 1080
16659 1224 0 1832 1080
16660 1273 0 1881 1080
16661 1312 0 1920 1080
16662 1240 0 1848 1080
16663 1191 0 1799 1080
16664 1177 0 1785 1080
16665 1195 0 1803 1080
16666 1169 0 1777 1080
16667 1114 0 1722 1080
16668 1049 0 1657 1080
16669 989 0 1597 1080
16670 947 0 1555 1080
16671 928 0 1536 1080
16672 933 0 1541 1080
16673 957 0 1565 1080
16674 992 0 1600 1080
16675 1033 0 1641 1080
16676 1069 0 1677 1080
16677 1095 0 1703 1080
16678 1107 0 1715 1080
16679 1105 0 1713 1080
16680 1094 0 1702 1080
16681 1079 0 1687 1080
16682 1064 0 1672 1080
16683 1051 0 1659 1080
16684 1045 0 1653 1080
16685 1045 0 1653 1080
16686 1052 0 1660 1080
16687 1064 0 1672 1080
16688 1078 0 1686 1080
16689 1092 0 1700 1080
16690 1103 0 1711 1080
16691 1108 0 1716 1080
16692 1108 0 1716 1080
16693 1102 0 1710 1080
16694 1095 0 1703 1080
16695 1087 0 1695 1080
16696 1081 0 1689 1080
16697 1076 0 1684 1080
16698 1074 0 1682 1080
16699 1074 0 1682 1080
16700 1075 0 1683 1080
16701 1076 0 1684 1080
16702 1072 0 1680 1080
16703 1064 0 1672 1080
16704 1041 0 1649 1080
16705 1019 0 1627 1080
16706 998 0 1606 1080
16707 963 0 1571 1080
16708 920 0 1528 1080
16709 873 0 1481 1080
16710 828 0 1436 1080
16711 789 0 1397 1080
16712 757 0 1365 1080
16713 733 0 1341 1080
16714 715 0 1323 1080
16715 701 0 1309 1080
16716 687 0 1295 1080
16717 672 0 1280 1080
16718 653 0 1261 1080
16719 630 0 1238 1080
16720 605 0 1213 1080
16721 576 0 1184 1080
16722 546 0 1154 1080
16723 516 0 1124 1080
16724 488 0 1096 1080
16725 460 0 1068 1080
16726 435 0 1043 1080
16727 410 0 1018 1080
16728 387 0 995 1080
16729 364 0 972 1080
16730 341 0 949 1080
16731 318 0 926 1080
16732 294 0 902 1080
16733 269 0 877 1080
16734 210 0 818 1080
16735 134 0 742 1080
16736 59 0 667 1080
16737 37 0 645 1080
16738 65 0 673 1080
16739 130 0 738 1080
16740 210 0 818 1080
16741 290 0 898 1080
16742 361 0 969 1080
16743 414 0 1022 1080
16744 387 0 995 1080
16745 364 0 972 1080
16746 350 0 958 1080
16747 350 0 958 1080
16748 364 0 972 1080
16749 389 0 997 1080
16750 422 0 1030 1080
16751 457 0 1065 1080
16752 498 0 1106 1080
16753 538 0 1146 1080
16754 570 0 1178 1080
16755 591 0 1199 1080
16756 593 0 1201 1080
16757 588 0 1196 1080
16758 577 0 1185 1080
16759 564 0 1172 1080
16760 555 0 1163 1080
16761 551 0 1159 1080
16762 553 0 1161 1080
16763 559 0 1167 1080
16764 569 0 1177 1080
16765 579 0 1187 1080
16766 588 0 1196 1080
16767 595 0 1203 1080
16768 597 0 1205 1080
16769 597 0 1205 1080
16770 592 0 1200 1080
16771 583 0 1191 1080
16772 576 0 1184 1080
16773 574 0 1182 1080
16774 574 0 1182 1080
16775 574 0 1182 1080
16776 567 0 1175 1080
16777 549 0 1157 1080
16778 533 0 1141 1080
16779 521 0 1129 1080
16780 515 0 1123 1080
16781 516 0 1124 1080
16782 509 0 1117 1080
16783 498 0 1106 1080
16784 487 0 1095 1080
16785 480 0 1088 1080
16786 478 0 1086 1080
16787 481 0 1089 1080
16788 492 0 1100 1080
16789 509 0 1117 1080
16790 530 0 1138 1080
16791 553 0 1161 1080
16792 574 0 1182 1080
16793 589 0 1197 1080
16794 597 0 1205 1080
16795 597 0 1205 1080
16796 592 0 1200 1080
16797 586 0 1194 1080
16798 581 0 1189 1080
16799 555 0 1163 1080
16800 517 0 1125 1080
16801 479 0 1087 1080
16802 449 0 1057 1080
16803 429 0 1037 1080
16804 451 0 1059 1080
16805 500 0 1108 1080
16806 561 0 1169 1080
16807 596 0 1204 1080
16808 606 0 1214 1080
16809 592 0 1200 1080
16810 559 0 1167 1080
16811 517 0 1125 1080
16812 491 0 1099 1080
16813 490 0 1098 1080
16814 566 0 1174 1080
16815 646 0 1254 1080
16816 726 0 1334 1080
16817 806 0 1414 1080
16818 880 0 1488 1080
16819 931 0 1539 1080
16820 951 0 1559 1080
16821 947 0 1555 1080
16822 916 0 1524 1080
16823 866 0 1474 1080
16824 807 0 1415 1080
16825 750 0 1358 1080
16826 703 0 1311 1080
16827 673 0 1281 1080
16828 664 0 1272 1080
16829 673 0 1281 1080
16830 696 0 1304 1080
16831 720 0 1328 1080
16832 737 0 1345 1080
16833 747 0 1355 1080
16834 748 0 1356 1080
16835 742 0 1350 1080
16836 732 0 1340 1080
16837 735 0 1343 1080
16838 746 0 1354 1080
16839 761 0 1369 1080
16840 774 0 1382 1080
16841 783 0 1391 1080
16842 787 0 1395 1080
16843 785 0 1393 1080
16844 778 0 1386 1080
16845 767 0 1375 1080
16846 755 0 1363 1080
16847 742 0 1350 1080
16848 730 0 1338 1080
16849 720 0 1328 1080
16850 715 0 1323 1080
16851 710 0 1318 1080
16852 705 0 1313 1080
16853 700 0 1308 1080
16854 695 0 1303 1080
16855 690 0 1298 1080
16856 685 0 1293 1080
16857 681 0 1289 1080
16858 677 0 1285 1080
16859 675 0 1283 1080
16860 670 0 1278 1080
16861 665 0 1273 1080
16862 641 0 1249 1080
16863 608 0 1216 1080
16864 576 0 1184 1080
16865 551 0 1159 1080
16866 538 0 1146 1080
16867 543 0 1151 1080
16868 561 0 1169 1080
16869 563 0 1171 1080
16870 554 0 1162 1080
16871 545 0 1153 1080
16872 542 0 1150 1080
16873 543 0 1151 1080
16874 538 0 1146 1080
16875 522 0 1130 1080
16876 505 0 1113 1080
16877 495 0 1103 1080
16878 497 0 1105 1080
16879 510 0 1118 1080
16880 551 0 1159 1080
16881 588 0 1196 1080
16882 633 0 1241 1080
16883 676 0 1284 1080
16884 709 0 1317 1080
16885 727 0 1335 1080
16886 727 0 1335 1080
16887 725 0 1333 1080
16888 706 0 1314 1080
16889 691 0 1299 1080
16890 684 0 1292 1080
16891 684 0 1292 1080
16892 690 0 1298 1080
16893 692 0 1300 1080
16894 686 0 1294 1080
16895 766 0 1374 1080
16896 808 0 1416 1080
16897 812 0 1420 1080
16898 784 0 1392 1080
16899 749 0 1357 1080
16900 705 0 1313 1080
16901 663 0 1271 1080
16902 633 0 1241 1080
16903 619 0 1227 1080
16904 625 0 1233 1080
16905 646 0 1254 1080
16906 676 0 1284 1080
16907 710 0 1318 1080
16908 742 0 1350 1080
16909 767 0 1375 1080
16910 784 0 1392 1080
16911 791 0 1399 1080
16912 791 0 1399 1080
16913 786 0 1394 1080
16914 813 0 1421 1080
16915 865 0 1473 1080
16916 929 0 1537 1080
16917 995 0 1603 1080
16918 1052 0 1660 1080
16919 1095 0 1703 1080
16920 1122 0 1730 1080
16921 1133 0 1741 1080
16922 1132 0 1740 1080
16923 1124 0 1732 1080
16924 1113 0 1721 1080
16925 1099 0 1707 1080
16926 1086 0 1694 1080
16927 1073 0 1681 1080
16928 1062 0 1670 1080
16929 1054 0 1662 1080
16930 1047 0 1655 1080
16931 1041 0 1649 1080
16932 1036 0 1644 1080
16933 1031 0 1639 1080
16934 1027 0 1635 1080
16935 1027 0 1635 1080
16936 1030 0 1638 1080
16937 1039 0 1647 1080
16938 1047 0 1655 1080
16939 1054 0 1662 1080
16940 1059 0 1667 1080
16941 1060 0 1668 1080
16942 1072 0 1680 1080
16943 1096 0 1704 1080
16944 1126 0 1734 1080
16945 1158 0 1766 1080
16946 1186 0 1794 1080
16947 1206 0 1814 1080
16948 1216 0 1824 1080
16949 1217 0 1825 1080
16950 1209 0 1817 1080
16951 1197 0 1805 1080
16952 1186 0 1794 1080
16953 1178 0 1786 1080
16954 1175 0 1783 1080
16955 1181 0 1789 1080
16956 1193 0 1801 1080
16957 1209 0 1817 1080
16958 1225 0 1833 1080
16959 1239 0 1847 1080
16960 1249 0 1857 1080
16961 1255 0 1863 1080
16962 1258 0 1866 1080
16963 1258 0 1866 1080
16964 1257 0 1865 1080
16965 1255 0 1863 1080
16966 1235 0 1843 1080
16967 1201 0 1809 1080
16968 1163 0 1771 1080
16969 1126 0 1734 1080
16970 1098 0 1706 1080
16971 1080 0 1688 1080
16972 1060 0 1668 1080
16973 1039 0 1647 1080
16974 1021 0 1629 1080
16975 1011 0 1619 1080
16976 1007 0 1615 1080
16977 1010 0 1618 1080
16978 1018 0 1626 1080
16979 1031 0 1639 1080
16980 1045 0 1653 1080
16981 1056 0 1664 1080
16982 1062 0 1670 1080
16983 1062 0 1670 1080
16984 1057 0 1665 1080
16985 1048 0 1656 1080
16986 1037 0 1645 1080
16987 1025 0 1633 1080
16988 1012 0 1620 1080
16989 1003 0 1611 1080
16990 992 0 1600 1080
16991 983 0 1591 1080
16992 977 0 1585 1080
16993 973 0 1581 1080
16994 971 0 1579 1080
16995 972 0 1580 1080
16996 974 0 1582 1080
16997 975 0 1583 1080
16998 974 0 1582 1080
16999 1033 0 1641 1080
17000 1057 0 1665 1080
17001 1050 0 1658 1080
17002 1020 0 1628 1080
17003 979 0 1587 1080
17004 939 0 1547 1080
17005 867 0 1475 1080
17006 787 0 1395 1080
17007 714 0 1322 1080
17008 682 0 1290 1080
17009 689 0 1297 1080
17010 728 0 1336 1080
17011 785 0 1393 1080
17012 843 0 1451 1080
17013 889 0 1497 1080
17014 916 0 1524 1080
17015 922 0 1530 1080
17016 906 0 1514 1080
17017 879 0 1487 1080
17018 846 0 1454 1080
17019 816 0 1424 1080
17020 795 0 1403 1080
17021 786 0 1394 1080
17022 789 0 1397 1080
17023 801 0 1409 1080
17024 815 0 1423 1080
17025 829 0 1437 1080
17026 841 0 1449 1080
17027 849 0 1457 1080
17028 853 0 1461 1080
17029 854 0 1462 1080
17030 851 0 1459 1080
17031 846 0 1454 1080
17032 841 0 1449 1080
17033 838 0 1446 1080
17034 841 0 1449 1080
17035 849 0 1457 1080
17036 860 0 1468 1080
17037 871 0 1479 1080
17038 882 0 1490 1080
17039 891 0 1499 1080
17040 900 0 1508 1080
17041 909 0 1517 1080
17042 919 0 1527 1080
17043 932 0 1540 1080
17044 946 0 1554 1080
17045 962 0 1570 1080
17046 977 0 1585 1080
17047 990 0 1598 1080
17048 999 0 1607 1080
17049 1005 0 1613 1080
17050 1010 0 1618 1080
17051 1017 0 1625 1080
17052 1026 0 1634 1080
17053 1036 0 1644 1080
17054 1046 0 1654 1080
17055 1055 0 1663 1080
17056 1062 0 1670 1080
17057 1065 0 1673 1080
17058 1061 0 1669 1080
17059 1051 0 1659 1080
17060 1038 0 1646 1080
17061 1026 0 1634 1080
17062 1019 0 1627 1080
17063 1020 0 1628 1080
17064 1027 0 1635 1080
17065 1038 0 1646 1080
17066 1051 0 1659 1080
17067 1062 0 1670 1080
17068 1066 0 1674 1080
17069 1064 0 1672 1080
17070 1057 0 1665 1080
17071 1048 0 1656 1080
17072 1040 0 1648 1080
17073 1032 0 1640 1080
17074 1026 0 1634 1080
17075 1022 0 1630 1080
17076 1021 0 1629 1080
17077 1017 0 1625 1080
17078 1011 0 1619 1080
17079 1001 0 1609 1080
17080 991 0 1599 1080
17081 982 0 1590 1080
17082 977 0 1585 1080
17083 977 0 1585 1080
17084 980 0 1588 1080
17085 984 0 1592 1080
17086 989 0 1597 1080
17087 992 0 1600 1080
17088 991 0 1599 1080
17089 988 0 1596 1080
17090 985 0 1593 1080
17091 983 0 1591 1080
17092 982 0 1590 1080
17093 982 0 1590 1080
17094 983 0 1591 1080
17095 983 0 1591 1080
17096 981 0 1589 1080
17097 976 0 1584 1080
17098 969 0 1577 1080
17099 960 0 1568 1080
17100 952 0 1560 1080
17101 947 0 1555 1080
17102 945 0 1553 1080
17103 946 0 1554 1080
17104 949 0 1557 1080
17105 952 0 1560 1080
17106 953 0 1561 1080
17107 948 0 1556 1080
17108 938 0 1546 1080
17109 923 0 1531 1080
17110 907 0 1515 1080
17111 896 0 1504 1080
17112 891 0 1499 1080
17113 895 0 1503 1080
17114 905 0 1513 1080
17115 920 0 1528 1080
17116 937 0 1545 1080
17117 951 0 1559 1080
17118 960 0 1568 1080
17119 965 0 1573 1080
17120 966 0 1574 1080
17121 966 0 1574 1080
17122 965 0 1573 1080
17123 966 0 1574 1080
17124 969 0 1577 1080
17125 973 0 1581 1080
17126 979 0 1587 1080
17127 985 0 1593 1080
17128 991 0 1599 1080
17129 997 0 1605 1080
17130 1003 0 1611 1080
17131 1009 0 1617 1080
17132 1014 0 1622 1080
17133 1020 0 1628 1080
17134 1026 0 1634 1080
17135 1031 0 1639 1080
17136 1036 0 1644 1080
17137 1040 0 1648 1080
17138 1043 0 1651 1080
17139 1044 0 1652 1080
17140 1044 0 1652 1080
17141 1044 0 1652 1080
17142 1044 0 1652 1080
17143 1045 0 1653 1080
17144 1045 0 1653 1080
17145 1047 0 1655 1080
17146 1050 0 1658 1080
17147 1053 0 1661 1080
17148 1054 0 1662 1080
17149 1054 0 1662 1080
17150 1051 0 1659 1080
17151 1048 0 1656 1080
17152 1043 0 1651 1080
17153 1038 0 1646 1080
17154 1032 0 1640 1080
17155 1025 0 1633 1080
17156 1015 0 1623 1080
17157 1003 0 1611 1080
17158 984 0 1592 1080
17159 957 0 1565 1080
17160 926 0 1534 1080
17161 896 0 1504 1080
17162 872 0 1480 1080
17163 857 0 1465 1080
17164 827 0 1435 1080
17165 802 0 1410 1080
17166 782 0 1390 1080
17167 768 0 1376 1080
17168 758 0 1366 1080
17169 751 0 1359 1080
17170 736 0 1344 1080
17171 714 0 1322 1080
17172 669 0 1277 1080
17173 629 0 1237 1080
17174 595 0 1203 1080
17175 571 0 1179 1080
17176 556 0 1164 1080
17177 550 0 1158 1080
17178 546 0 1154 1080
17179 539 0 1147 1080
17180 530 0 1138 1080
17181 518 0 1126 1080
17182 501 0 1109 1080
17183 482 0 1090 1080
17184 460 0 1068 1080
17185 454 0 1062 1080
17186 430 0 1038 1080
17187 410 0 1018 1080
17188 393 0 1001 1080
17189 379 0 987 1080
17190 373 0 981 1080
17191 373 0 981 1080
17192 378 0 986 1080
17193 386 0 994 1080
17194 394 0 1002 1080
17195 397 0 1005 1080
17196 383 0 991 1080
17197 356 0 964 1080
17198 329 0 937 1080
17199 306 0 914 1080
17200 283 0 891 1080
17201 262 0 870 1080
17202 246 0 854 1080
17203 234 0 842 1080
17204 228 0 836 1080
17205 228 0 836 1080
17206 234 0 842 1080
17207 240 0 848 1080
17208 244 0 852 1080
17209 246 0 854 1080
17210 245 0 853 1080
17211 242 0 850 1080
17212 254 0 862 1080
17213 279 0 887 1080
17214 311 0 919 1080
17215 347 0 955 1080
17216 381 0 989 1080
17217 408 0 1016 1080
17218 460 0 1068 1080
17219 525 0 1133 1080
17220 587 0 1195 1080
17221 634 0 1242 1080
17222 661 0 1269 1080
17223 680 0 1288 1080
17224 698 0 1306 1080
17225 730 0 1338 1080
17226 776 0 1384 1080
17227 831 0 1439 1080
17228 892 0 1500 1080
17229 952 0 1560 1080
17230 1005 0 1613 1080
17231 1044 0 1652 1080
17232 1065 0 1673 1080
17233 1081 0 1689 1080
17234 1090 0 1698 1080
17235 1092 0 1700 1080
17236 1089 0 1697 1080
17237 1082 0 1690 1080
17238 1074 0 1682 1080
17239 1066 0 1674 1080
17240 1059 0 1667 1080
17241 1054 0 1662 1080
17242 1052 0 1660 1080
17243 1051 0 1659 1080
17244 1050 0 1658 1080
17245 1048 0 1656 1080
17246 1045 0 1653 1080
17247 1040 0 1648 1080
17248 1033 0 1641 1080
17249 1023 0 1631 1080
17250 1010 0 1618 1080
17251 990 0 1598 1080
17252 965 0 1573 1080
17253 936 0 1544 1080
17254 909 0 1517 1080
17255 886 0 1494 1080
17256 867 0 1475 1080
17257 847 0 1455 1080
17258 826 0 1434 1080
17259 803 0 1411 1080
17260 779 0 1387 1080
17261 758 0 1366 1080
17262 741 0 1349 1080
17263 726 0 1334 1080
17264 713 0 1321 1080
17265 703 0 1311 1080
17266 680 0 1288 1080
17267 643 0 1251 1080
17268 609 0 1217 1080
17269 580 0 1188 1080
17270 544 0 1152 1080
17271 506 0 1114 1080
17272 473 0 1081 1080
17273 463 0 1071 1080
17274 460 0 1068 1080
17275 447 0 1055 1080
17276 430 0 1038 1080
17277 409 0 1017 1080
17278 388 0 996 1080
17279 371 0 979 1080
17280 359 0 967 1080
17281 351 0 959 1080
17282 347 0 955 1080
17283 344 0 952 1080
17284 336 0 944 1080
17285 325 0 933 1080
17286 313 0 921 1080
17287 302 0 910 1080
17288 292 0 900 1080
17289 281 0 889 1080
17290 270 0 878 1080
17291 258 0 866 1080
17292 246 0 854 1080
17293 235 0 843 1080
17294 225 0 833 1080
17295 216 0 824 1080
17296 208 0 816 1080
17297 199 0 807 1080
17298 190 0 798 1080
17299 180 0 788 1080
17300 169 0 777 1080
17301 159 0 767 1080
17302 151 0 759 1080
17303 144 0 752 1080
17304 135 0 743 1080
17305 125 0 733 1080
17306 113 0 721 1080
17307 102 0 710 1080
17308 92 0 700 1080
17309 85 0 693 1080
17310 103 0 711 1080
17311 137 0 745 1080
17312 174 0 782 1080
17313 204 0 812 1080
17314 221 0 829 1080
17315 221 0 829 1080
17316 195 0 803 1080
17317 152 0 760 1080
17318 104 0 712 1080
17319 61 0 669 1080
17320 31 0 639 1080
17321 17 0 625 1080
17322 19 0 627 1080
17323 34 0 642 1080
17324 55 0 663 1080
17325 78 0 686 1080
17326 99 0 707 1080
17327 112 0 720 1080
17328 119 0 727 1080
17329 124 0 732 1080
17330 128 0 736 1080
17331 131 0 739 1080
17332 136 0 744 1080
17333 141 0 749 1080
17334 150 0 758 1080
17335 161 0 769 1080
17336 176 0 784 1080
17337 191 0 799 1080
17338 208 0 816 1080
17339 220 0 828 1080
17340 224 0 832 1080
17341 221 0 829 1080
17342 213 0 821 1080
17343 203 0 811 1080
17344 197 0 805 1080
17345 198 0 806 1080
17346 207 0 815 1080
17347 218 0 826 1080
17348 229 0 837 1080
17349 237 0 845 1080
17350 244 0 852 1080
17351 254 0 862 1080
17352 270 0 878 1080
17353 292 0 900 1080
17354 312 0 920 1080
17355 328 0 936 1080
17356 338 0 946 1080
17357 344 0 952 1080
17358 347 0 955 1080
17359 348 0 956 1080
17360 349 0 957 1080
17361 351 0 959 1080
17362 350 0 958 1080
17363 347 0 955 1080
17364 359 0 967 1080
17365 360 0 968 1080
17366 355 0 963 1080
17367 347 0 955 1080
17368 341 0 949 1080
17369 343 0 951 1080
17370 348 0 956 1080
17371 354 0 962 1080
17372 360 0 968 1080
17373 365 0 973 1080
17374 369 0 977 1080
17375 374 0 982 1080
17376 381 0 989 1080
17377 392 0 1000 1080
17378 400 0 1008 1080
17379 404 0 1012 1080
17380 421 0 1029 1080
17381 501 0 1109 1080
17382 541 0 1149 1080
17383 543 0 1151 1080
17384 523 0 1131 1080
17385 523 0 1131 1080
17386 538 0 1146 1080
17387 563 0 1171 1080
17388 594 0 1202 1080
17389 584 0 1192 1080
17390 542 0 1150 1080
17391 483 0 1091 1080
17392 424 0 1032 1080
17393 375 0 983 1080
17394 346 0 954 1080
17395 340 0 948 1080
17396 355 0 963 1080
17397 385 0 993 1080
17398 419 0 1027 1080
17399 452 0 1060 1080
17400 479 0 1087 1080
17401 497 0 1105 1080
17402 506 0 1114 1080
17403 504 0 1112 1080
17404 493 0 1101 1080
17405 475 0 1083 1080
17406 454 0 1062 1080
17407 434 0 1042 1080
17408 423 0 1031 1080
17409 420 0 1028 1080
17410 426 0 1034 1080
17411 438 0 1046 1080
17412 452 0 1060 1080
17413 464 0 1072 1080
17414 472 0 1080 1080
17415 474 0 1082 1080
17416 468 0 1076 1080
17417 456 0 1064 1080
17418 439 0 1047 1080
17419 415 0 1023 1080
17420 387 0 995 1080
17421 356 0 964 1080
17422 290 0 898 1080
17423 210 0 818 1080
17424 136 0 744 1080
17425 85 0 693 1080
17426 67 0 675 1080
17427 79 0 687 1080
17428 112 0 720 1080
17429 109 0 717 1080
17430 78 0 686 1080
17431 33 0 641 1080
17432 0 0 608 1080
17433 0 0 608 1080
17434 0 0 608 1080
17435 0 0 608 1080
17436 45 0 653 1080
17437 125 0 733 1080
17438 204 0 812 1080
17439 263 0 871 1080
17440 298 0 906 1080
17441 314 0 922 1080
17442 315 0 923 1080
17443 310 0 918 1080
17444 305 0 913 1080
17445 304 0 912 1080
17446 308 0 916 1080
17447 315 0 923 1080
17448 348 0 956 1080
17449 394 0 1002 1080
17450 442 0 1050 1080
17451 482 0 1090 1080
17452 509 0 1117 1080
17453 521 0 1129 1080
17454 519 0 1127 1080
17455 506 0 1114 1080
17456 487 0 1095 1080
17457 469 0 1077 1080
17458 485 0 1093 1080
17459 526 0 1134 1080
17460 583 0 1191 1080
17461 641 0 1249 1080
17462 691 0 1299 1080
17463 727 0 1335 1080
17464 747 0 1355 1080
17465 753 0 1361 1080
17466 746 0 1354 1080
17467 732 0 1340 1080
17468 716 0 1324 1080
17469 697 0 1305 1080
17470 683 0 1291 1080
17471 682 0 1290 1080
17472 692 0 1300 1080
17473 713 0 1321 1080
17474 741 0 1349 1080
17475 772 0 1380 1080
17476 802 0 1410 1080
17477 824 0 1432 1080
17478 837 0 1445 1080
17479 841 0 1449 1080
17480 837 0 1445 1080
17481 828 0 1436 1080
17482 818 0 1426 1080
17483 807 0 1415 1080
17484 798 0 1406 1080
17485 795 0 1403 1080
17486 796 0 1404 1080
17487 798 0 1406 1080
17488 798 0 1406 1080
17489 794 0 1402 1080
17490 784 0 1392 1080
17491 769 0 1377 1080
17492 762 0 1370 1080
17493 762 0 1370 1080
17494 767 0 1375 1080
17495 777 0 1385 1080
17496 791 0 1399 1080
17497 807 0 1415 1080
17498 821 0 1429 1080
17499 830 0 1438 1080
17500 835 0 1443 1080
17501 834 0 1442 1080
17502 830 0 1438 1080
17503 823 0 1431 1080
17504 817 0 1425 1080
17505 816 0 1424 1080
17506 816 0 1424 1080
17507 824 0 1432 1080
17508 854 0 1462 1080
17509 880 0 1488 1080
17510 896 0 1504 1080
17511 902 0 1510 1080
17512 910 0 1518 1080
17513 927 0 1535 1080
17514 949 0 1557 1080
17515 962 0 1570 1080
17516 973 0 1581 1080
17517 983 0 1591 1080
17518 991 0 1599 1080
17519 997 0 1605 1080
17520 1003 0 1611 1080
17521 1010 0 1618 1080
17522 1019 0 1627 1080
17523 1032 0 1640 1080
17524 1048 0 1656 1080
17525 1066 0 1674 1080
17526 1085 0 1693 1080
17527 1102 0 1710 1080
17528 1117 0 1725 1080
17529 1127 0 1735 1080
17530 1134 0 1742 1080
17531 1139 0 1747 1080
17532 1142 0 1750 1080
17533 1144 0 1752 1080
17534 1147 0 1755 1080
17535 1151 0 1759 1080
17536 1157 0 1765 1080
17537 1164 0 1772 1080
17538 1174 0 1782 1080
17539 1187 0 1795 1080
17540 1202 0 1810 1080
17541 1218 0 1826 1080
17542 1223 0 1831 1080
17543 1245 0 1853 1080
17544 1263 0 1871 1080
17545 1294 0 1902 1080
17546 1312 0 1920 1080
17547 1312 0 1920 1080
17548 1312 0 1920 1080
17549 1312 0 1920 1080
17550 1312 0 1920 1080
17551 1312 0 1920 1080
17552 1312 0 1920 1080
17553 1312 0 1920 1080
17554 1312 0 1920 1080
17555 1312 0 1920 1080
17556 1312 0 1920 1080
17557 1312 0 1920 1080
17558 1312 0 1920 1080
17559 1312 0 1920 1080
17560 1312 0 1920 1080
17561 1312 0 1920 1080
17562 1312 0 1920 1080
17563 1312 0 1920 1080
17564 1312 0 1920 1080
17565 1312 0 1920 1080
17566 1312 0 1920 1080
17567 1312 0 1920 1080
17568 1312 0 1920 1080
17569 1312 0 1920 1080
17570 1312 0 1920 1080
17571 1312 0 1920 1080
17572 1312 0 1920 1080
17573 1312 0 1920 1080
17574 1312 0 1920 1080
17575 1312 0 1920 1080
17576 1312 0 1920 1080
17577 1312 0 1920 1080
17578 1312 0 1920 1080
17579 1312 0 1920 1080
17580 1312 0 1920 1080
17581 1312 0 1920 1080
17582 1312 0 1920 1080
17583 1312 0 1920 1080
17584 1312 0 1920 1080
17585 1312 0 1920 1080
17586 1312 0 1920 1080
17587 1312 0 1920 1080
17588 1312 0 1920 1080
17589 1312 0 1920 1080
17590 1312 0 1920 1080
17591 1312 0 1920 1080
17592 1312 0 1920 1080
17593 1312 0 1920 1080
17594 1312 0 1920 1080
17595 1312 0 1920 1080
17596 1312 0 1920 1080
17597 1312 0 1920 1080
17598 1312 0 1920 1080
17599 1312 0 1920 1080
17600 1312 0 1920 1080
17601 1312 0 1920 1080
17602 1312 0 1920 1080
17603 1312 0 1920 1080
17604 1312 0 1920 1080
17605 1312 0 1920 1080
17606 1312 0 1920 1080
17607 1307 0 1915 1080
17608 1302 0 1910 1080
17609 1301 0 1909 1080
17610 1303 0 1911 1080
17611 1307 0 1915 1080
17612 1311 0 1919 1080
17613 1312 0 1920 1080
17614 1312 0 1920 1080
17615 1312 0 1920 1080
17616 1312 0 1920 1080
17617 1306 0 1914 1080
17618 1297 0 1905 1080
17619 1288 0 1896 1080
17620 1279 0 1887 1080
17621 1272 0 1880 1080
17622 1268 0 1876 1080
17623 1265 0 1873 1080
17624 1262 0 1870 1080
17625 1259 0 1867 1080
17626 1256 0 1864 1080
17627 1251 0 1859 1080
17628 1247 0 1855 1080
17629 1243 0 1851 1080
17630 1239 0 1847 1080
17631 1237 0 1845 1080
17632 1236 0 1844 1080
17633 1236 0 1844 1080
17634 1237 0 1845 1080
17635 1240 0 1848 1080
17636 1243 0 1851 1080
17637 1247 0 1855 1080
17638 1250 0 1858 1080
17639 1251 0 1859 1080
17640 1250 0 1858 1080
17641 1248 0 1856 1080
17642 1243 0 1851 1080
17643 1238 0 1846 1080
17644 1233 0 1841 1080
17645 1231 0 1839 1080
17646 1232 0 1840 1080
17647 1243 0 1851 1080
17648 1252 0 1860 1080
17649 1259 0 1867 1080
17650 1261 0 1869 1080
17651 1259 0 1867 1080
17652 1254 0 1862 1080
17653 1245 0 1853 1080
17654 1235 0 1843 1080
17655 1217 0 1825 1080
17656 1209 0 1817 1080
17657 1199 0 1807 1080
17658 1193 0 1801 1080
17659 1191 0 1799 1080
17660 1192 0 1800 1080
17661 1193 0 1801 1080
17662 1196 0 1804 1080
17663 1201 0 1809 1080
17664 1208 0 1816 1080
17665 1216 0 1824 1080
17666 1225 0 1833 1080
17667 1234 0 1842 1080
17668 1242 0 1850 1080
17669 1250 0 1858 1080
17670 1256 0 1864 1080
17671 1260 0 1868 1080
17672 1263 0 1871 1080
17673 1265 0 1873 1080
17674 1283 0 1891 1080
17675 1309 0 1917 1080
17676 1312 0 1920 1080
17677 1312 0 1920 1080
17678 1312 0 1920 1080
17679 1312 0 1920 1080
17680 1312 0 1920 1080
17681 1312 0 1920 1080
17682 1312 0 1920 1080
17683 1312 0 1920 1080
17684 1312 0 1920 1080
17685 1312 0 1920 1080
17686 1312 0 1920 1080
17687 1312 0 1920 1080
17688 1312 0 1920 1080
17689 1312 0 1920 1080
17690 1312 0 1920 1080
17691 1312 0 1920 1080
17692 1312 0 1920 1080
17693 1312 0 1920 1080
17694 1307 0 1915 1080
17695 1292 0 1900 1080
17696 1285 0 1893 1080
17697 1285 0 1893 1080
17698 1288 0 1896 1080
17699 1292 0 1900 1080
17700 1298 0 1906 1080
17701 1303 0 1911 1080
17702 1267 0 1875 1080
17703 1202 0 1810 1080
17704 1125 0 1733 1080
17705 1052 0 1660 1080
17706 995 0 1603 1080
17707 970 0 1578 1080
17708 974 0 1582 1080
17709 1000 0 1608 1080
17710 1037 0 1645 1080
17711 1075 0 1683 1080
17712 1105 0 1713 1080
17713 1169 0 1777 1080
17714 1245 0 1853 1080
17715 1269 0 1877 1080
17716 1245 0 1853 1080
17717 1187 0 1795 1080
17718 1113 0 1721 1080
17719 1038 0 1646 1080
17720 978 0 1586 1080
17721 940 0 1548 1080
17722 926 0 1534 1080
17723 926 0 1534 1080
17724 938 0 1546 1080
17725 960 0 1568 1080
17726 993 0 1601 1080
17727 1027 0 1635 1080
17728 1056 0 1664 1080
17729 1073 0 1681 1080
17730 1082 0 1690 1080
17731 1078 0 1686 1080
17732 1073 0 1681 1080
17733 1068 0 1676 1080
17734 1064 0 1672 1080
17735 1062 0 1670 1080
17736 1071 0 1679 1080
17737 1090 0 1698 1080
17738 1115 0 1723 1080
17739 1154 0 1762 1080
17740 1185 0 1793 1080
17741 1204 0 1812 1080
17742 1217 0 1825 1080
17743 1216 0 1824 1080
17744 1204 0 1812 1080
17745 1186 0 1794 1080
17746 1167 0 1775 1080
17747 1150 0 1758 1080
17748 1140 0 1748 1080
17749 1136 0 1744 1080
17750 1139 0 1747 1080
17751 1146 0 1754 1080
17752 1156 0 1764 1080
17753 1155 0 1763 1080
17754 1158 0 1766 1080
17755 1166 0 1774 1080
17756 1177 0 1785 1080
17757 1187 0 1795 1080
17758 1196 0 1804 1080
17759 1204 0 1812 1080
17760 1208 0 1816 1080
17761 1206 0 1814 1080
17762 1195 0 1803 1080
17763 1172 0 1780 1080
17764 1145 0 1753 1080
17765 1118 0 1726 1080
17766 1094 0 1702 1080
17767 1076 0 1684 1080
17768 1063 0 1671 1080
17769 1056 0 1664 1080
17770 1087 0 1695 1080
17771 1107 0 1715 1080
17772 1114 0 1722 1080
17773 1108 0 1716 1080
17774 1037 0 1645 1080
17775 957 0 1565 1080
17776 877 0 1485 1080
17777 797 0 1405 1080
17778 717 0 1325 1080
17779 639 0 1247 1080
17780 574 0 1182 1080
17781 526 0 1134 1080
17782 496 0 1104 1080
17783 482 0 1090 1080
17784 562 0 1170 1080
17785 612 0 1220 1080
17786 623 0 1231 1080
17787 596 0 1204 1080
17788 538 0 1146 1080
17789 461 0 1069 1080
17790 381 0 989 1080
17791 461 0 1069 1080
17792 495 0 1103 1080
17793 481 0 1089 1080
17794 425 0 1033 1080
17795 345 0 953 1080
17796 265 0 873 1080
17797 191 0 799 1080
17798 148 0 756 1080
17799 139 0 747 1080
17800 149 0 757 1080
17801 177 0 785 1080
17802 220 0 828 1080
17803 276 0 884 1080
17804 338 0 946 1080
17805 395 0 1003 1080
17806 468 0 1076 1080
17807 544 0 1152 1080
17808 609 0 1217 1080
17809 653 0 1261 1080
17810 673 0 1281 1080
17811 669 0 1277 1080
17812 652 0 1260 1080
17813 630 0 1238 1080
17814 610 0 1218 1080
17815 599 0 1207 1080
17816 582 0 1190 1080
17817 578 0 1186 1080
17818 599 0 1207 1080
17819 595 0 1203 1080
17820 610 0 1218 1080
17821 636 0 1244 1080
17822 665 0 1273 1080
17823 705 0 1313 1080
17824 748 0 1356 1080
17825 790 0 1398 1080
17826 825 0 1433 1080
17827 852 0 1460 1080
17828 870 0 1478 1080
17829 880 0 1488 1080
17830 883 0 1491 1080
17831 884 0 1492 1080
17832 884 0 1492 1080
17833 882 0 1490 1080
17834 962 0 1570 1080
17835 1014 0 1622 1080
17836 1036 0 1644 1080
17837 1034 0 1642 1080
17838 1014 0 1622 1080
17839 984 0 1592 1080
17840 958 0 1566 1080
17841 943 0 1551 1080
17842 938 0 1546 1080
17843 952 0 1560 1080
17844 977 0 1585 1080
17845 1013 0 1621 1080
17846 1051 0 1659 1080
17847 1104 0 1712 1080
17848 1149 0 1757 1080
17849 1200 0 1808 1080
17850 1249 0 1857 1080
17851 1293 0 1901 1080
17852 1312 0 1920 1080
17853 1312 0 1920 1080
17854 1312 0 1920 1080
17855 1312 0 1920 1080
17856 1312 0 1920 1080
17857 1312 0 1920 1080
17858 1312 0 1920 1080
17859 1312 0 1920 1080
17860 1312 0 1920 1080
17861 1312 0 1920 1080
17862 1312 0 1920 1080
17863 1312 0 1920 1080
17864 1312 0 1920 1080
17865 1312 0 1920 1080
17866 1312 0 1920 1080
17867 1312 0 1920 1080
17868 1309 0 1917 1080
17869 1229 0 1837 1080
17870 1158 0 1766 1080
17871 1115 0 1723 1080
17872 1101 0 1709 1080
17873 1115 0 1723 1080
17874 1144 0 1752 1080
17875 1224 0 1832 1080
17876 1304 0 1912 1080
17877 1312 0 1920 1080
17878 1312 0 1920 1080
17879 1312 0 1920 1080
17880 1312 0 1920 1080
17881 1312 0 1920 1080
17882 1312 0 1920 1080
17883 1312 0 1920 1080
17884 1312 0 1920 1080
17885 1312 0 1920 1080
17886 1312 0 1920 1080
17887 1312 0 1920 1080
17888 1312 0 1920 1080
17889 1312 0 1920 1080
17890 1312 0 1920 1080
17891 1312 0 1920 1080
17892 1312 0 1920 1080
17893 1312 0 1920 1080
17894 1312 0 1920 1080
17895 1312 0 1920 1080
17896 1312 0 1920 1080
17897 1312 0 1920 1080
17898 1312 0 1920 1080
17899 1312 0 1920 1080
17900 1312 0 1920 1080
17901 1312 0 1920 1080
17902 1312 0 1920 1080
17903 1312 0 1920 1080
17904 1312 0 1920 1080
17905 1312 0 1920 1080
17906 1312 0 1920 1080
17907 1291 0 1899 1080
17908 1212 0 1820 1080
17909 1149 0 1757 1080
17910 1112 0 1720 1080
17911 1103 0 1711 1080
17912 1120 0 1728 1080
17913 1156 0 1764 1080
17914 1201 0 1809 1080
17915 1243 0 1851 1080
17916 1275 0 1883 1080
17917 1293 0 1901 1080
17918 1298 0 1906 1080
17919 1291 0 1899 1080
17920 1276 0 1884 1080
17921 1258 0 1866 1080
17922 1241 0 1849 1080
17923 1227 0 1835 1080
17924 1218 0 1826 1080
17925 1216 0 1824 1080
17926 1219 0 1827 1080
17927 1226 0 1834 1080
17928 1234 0 1842 1080
17929 1242 0 1850 1080
17930 1248 0 1856 1080
17931 1251 0 1859 1080
17932 1250 0 1858 1080
17933 1247 0 1855 1080
17934 1241 0 1849 1080
17935 1234 0 1842 1080
17936 1225 0 1833 1080
17937 1218 0 1826 1080
17938 1213 0 1821 1080
17939 1211 0 1819 1080
17940 1268 0 1876 1080
17941 1312 0 1920 1080
17942 1312 0 1920 1080
17943 1312 0 1920 1080
17944 1312 0 1920 1080
17945 1312 0 1920 1080
17946 1312 0 1920 1080
17947 1312 0 1920 1080
17948 1312 0 1920 1080
17949 1312 0 1920 1080
17950 1312 0 1920 1080
17951 1312 0 1920 1080
17952 1312 0 1920 1080
17953 1312 0 1920 1080
17954 1312 0 1920 1080
17955 1312 0 1920 1080
17956 1312 0 1920 1080
17957 1312 0 1920 1080
17958 1312 0 1920 1080
17959 1312 0 1920 1080
17960 1312 0 1920 1080
17961 1312 0 1920 1080
17962 1312 0 1920 1080
17963 1312 0 1920 1080
17964 1312 0 1920 1080
17965 1312 0 1920 1080
17966 1312 0 1920 1080
17967 1312 0 1920 1080
17968 1312 0 1920 1080
17969 1312 0 1920 1080
17970 1312 0 1920 1080
17971 1312 0 1920 1080
17972 1312 0 1920 1080
17973 1312 0 1920 1080
17974 1312 0 1920 1080
17975 1312 0 1920 1080
17976 1312 0 1920 1080
17977 1312 0 1920 1080
17978 1312 0 1920 1080
17979 1312 0 1920 1080
17980 1312 0 1920 1080
17981 1312 0 1920 1080
17982 1312 0 1920 1080
17983 1312 0 1920 1080
17984 1312 0 1920 1080
17985 1312 0 1920 1080
17986 1312 0 1920 1080
17987 1312 0 1920 1080
17988 1312 0 1920 1080
17989 1312 0 1920 1080
17990 1312 0 1920 1080
17991 1312 0 1920 1080
17992 1312 0 1920 1080
17993 1312 0 1920 1080
17994 1312 0 1920 1080
17995 1312 0 1920 1080
17996 1312 0 1920 1080
17997 1312 0 1920 1080
17998 1312 0 1920 1080
17999 1312 0 1920 1080
18000 1312 0 1920 1080
18001 1312 0 1920 1080
18002 1312 0 1920 1080
18003 1312 0 1920 1080
18004 1312 0 1920 1080
18005 1312 0 1920 1080
18006 1312 0 1920 1080
18007 1312 0 1920 1080
18008 1312 0 1920 1080
18009 1312 0 1920 1080
18010 1312 0 1920 1080
18011 1312 0 1920 1080
18012 1312 0 1920 1080
18013 1312 0 1920 1080
18014 1312 0 1920 1080
18015 1312 0 1920 1080
18016 1312 0 1920 1080
18017 1312 0 1920 1080
18018 1312 0 1920 1080
18019 1312 0 1920 1080
18020 1312 0 1920 1080
18021 1312 0 1920 1080
18022 1312 0 1920 1080
18023 1312 0 1920 1080
18024 1312 0 1920 1080
18025 1312 0 1920 1080
18026 1312 0 1920 1080
18027 1312 0 1920 1080
18028 1312 0 1920 1080
18029 1312 0 1920 1080
18030 1312 0 1920 1080
18031 1312 0 1920 1080
18032 1312 0 1920 1080
18033 1312 0 1920 1080
18034 1312 0 1920 1080
18035 1312 0 1920 1080
18036 1312 0 1920 1080
18037 1312 0 1920 1080
18038 1312 0 1920 1080
18039 1312 0 1920 1080
18040 1312 0 1920 1080
18041 1312 0 1920 1080
18042 1312 0 1920 1080
18043 1312 0 1920 1080
18044 1312 0 1920 1080
18045 1312 0 1920 1080
18046 1312 0 1920 1080
18047 1312 0 1920 1080
18048 1312 0 1920 1080
18049 1312 0 1920 1080
18050 1312 0 1920 1080
18051 1312 0 1920 1080
18052 1312 0 1920 1080
18053 1312 0 1920 1080
18054 1312 0 1920 1080
18055 1312 0 1920 1080
18056 1312 0 1920 1080
18057 1312 0 1920 1080
18058 1312 0 1920 1080
18059 1312 0 1920 1080
18060 1312 0 1920 1080
18061 1312 0 1920 1080
18062 1312 0 1920 1080
18063 1312 0 1920 1080
18064 1296 0 1904 1080
18065 1216 0 1824 1080
18066 1136 0 1744 1080
18067 1056 0 1664 1080
18068 1050 0 1658 1080
18069 1130 0 1738 1080
18070 1210 0 1818 1080
18071 1290 0 1898 1080
18072 1312 0 1920 1080
18073 1312 0 1920 1080
18074 1312 0 1920 1080
18075 1312 0 1920 1080
18076 1312 0 1920 1080
18077 1312 0 1920 1080
18078 1312 0 1920 1080
18079 1312 0 1920 1080
18080 1312 0 1920 1080
18081 1312 0 1920 1080
18082 1312 0 1920 1080
18083 1312 0 1920 1080
18084 1312 0 1920 1080
18085 1312 0 1920 1080
18086 1312 0 1920 1080
18087 1312 0 1920 1080
18088 1312 0 1920 1080
18089 1312 0 1920 1080
18090 1312 0 1920 1080
18091 1312 0 1920 1080
18092 1312 0 1920 1080
18093 1312 0 1920 1080
18094 1312 0 1920 1080
18095 1312 0 1920 1080
18096 1312 0 1920 1080
18097 1312 0 1920 1080
18098 1312 0 1920 1080
18099 1312 0 1920 1080
18100 1312 0 1920 1080
18101 1312 0 1920 1080
18102 1312 0 1920 1080
18103 1312 0 1920 1080
18104 1312 0 1920 1080
18105 1312 0 1920 1080
18106 1312 0 1920 1080
18107 1312 0 1920 1080
18108 1312 0 1920 1080
18109 1312 0 1920 1080
18110 1312 0 1920 1080
18111 1312 0 1920 1080
18112 1312 0 1920 1080
18113 1312 0 1920 1080
18114 1312 0 1920 1080
18115 1312 0 1920 1080
18116 1312 0 1920 1080
18117 1312 0 1920 1080
18118 1312 0 1920 1080
18119 1312 0 1920 1080
18120 1312 0 1920 1080
18121 1312 0 1920 1080
18122 1312 0 1920 1080
18123 1312 0 1920 1080
18124 1312 0 1920 1080
18125 1312 0 1920 1080
18126 1312 0 1920 1080
18127 1312 0 1920 1080
18128 1312 0 1920 1080
18129 1312 0 1920 1080
18130 1312 0 1920 1080
18131 1312 0 1920 1080
18132 1312 0 1920 1080
18133 1312 0 1920 1080
18134 1312 0 1920 1080
18135 1312 0 1920 1080
18136 1312 0 1920 1080
18137 1312 0 1920 1080
18138 1312 0 1920 1080
18139 1312 0 1920 1080
18140 1312 0 1920 1080
18141 1312 0 1920 1080
18142 1312 0 1920 1080
18143 1312 0 1920 1080
18144 1312 0 1920 1080
18145 1312 0 1920 1080
18146 1312 0 1920 1080
18147 1312 0 1920 1080
18148 1312 0 1920 1080
18149 1312 0 1920 1080
18150 1312 0 1920 1080
18151 1312 0 1920 1080
18152 1312 0 1920 1080
18153 1312 0 1920 1080
18154 1312 0 1920 1080
18155 1312 0 1920 1080
18156 1312 0 1920 1080
18157 1308 0 1916 1080
18158 1295 0 1903 1080
18159 1284 0 1892 1080
18160 1280 0 1888 1080
18161 1281 0 1889 1080
18162 1288 0 1896 1080
18163 1298 0 1906 1080
18164 1307 0 1915 1080
18165 1312 0 1920 1080
18166 1312 0 1920 1080
18167 1312 0 1920 1080
18168 1312 0 1920 1080
18169 1312 0 1920 1080
18170 1312 0 1920 1080
18171 1312 0 1920 1080
18172 1312 0 1920 1080
18173 1312 0 1920 1080
18174 1312 0 1920 1080
18175 1312 0 1920 1080
18176 1312 0 1920 1080
18177 1312 0 1920 1080
18178 1312 0 1920 1080
18179 1312 0 1920 1080
18180 1312 0 1920 1080
18181 1312 0 1920 1080
18182 1312 0 1920 1080
18183 1312 0 1920 1080
18184 1312 0 1920 1080
18185 1312 0 1920 1080
18186 1312 0 1920 1080
18187 1312 0 1920 1080
18188 1312 0 1920 1080
18189 1312 0 1920 1080
18190 1312 0 1920 1080
18191 1312 0 1920 1080
18192 1312 0 1920 1080
18193 1312 0 1920 1080
18194 1312 0 1920 1080
18195 1312 0 1920 1080
18196 1312 0 1920 1080
18197 1312 0 1920 1080
18198 1312 0 1920 1080
18199 1312 0 1920 1080
18200 1312 0 1920 1080
18201 1312 0 1920 1080
18202 1312 0 1920 1080
18203 1312 0 1920 1080
18204 1312 0 1920 1080
18205 1312 0 1920 1080
18206 1312 0 1920 1080
18207 1312 0 1920 1080
18208 1312 0 1920 1080
18209 1312 0 1920 1080
18210 1312 0 1920 1080
18211 1312 0 1920 1080
18212 1312 0 1920 1080
18213 1312 0 1920 1080
18214 1312 0 1920 1080
18215 1306 0 1914 1080
18216 1296 0 1904 1080
18217 1287 0 1895 1080
18218 1279 0 1887 1080
18219 1271 0 1879 1080
18220 1261 0 1869 1080
18221 1250 0 1858 1080
18222 1235 0 1843 1080
18223 1217 0 1825 1080
18224 1199 0 1807 1080
18225 1184 0 1792 1080
18226 1173 0 1781 1080
18227 1102 0 1710 1080
18228 1022 0 1630 1080
18229 942 0 1550 1080
18230 862 0 1470 1080
18231 799 0 1407 1080
18232 756 0 1364 1080
18233 737 0 1345 1080
18234 740 0 1348 1080
18235 720 0 1328 1080
18236 684 0 1292 1080
18237 643 0 1251 1080
18238 606 0 1214 1080
18239 584 0 1192 1080
18240 578 0 1186 1080
18241 590 0 1198 1080
18242 615 0 1223 1080
18243 648 0 1256 1080
18244 682 0 1290 1080
18245 713 0 1321 1080
18246 736 0 1344 1080
18247 750 0 1358 1080
18248 756 0 1364 1080
18249 755 0 1363 1080
18250 752 0 1360 1080
18251 747 0 1355 1080
18252 746 0 1354 1080
18253 750 0 1358 1080
18254 759 0 1367 1080
18255 773 0 1381 1080
18256 790 0 1398 1080
18257 806 0 1414 1080
18258 821 0 1429 1080
18259 831 0 1439 1080
18260 836 0 1444 1080
18261 837 0 1445 1080
18262 835 0 1443 1080
18263 831 0 1439 1080
18264 814 0 1422 1080
18265 734 0 1342 1080
18266 676 0 1284 1080
18267 648 0 1256 1080
18268 650 0 1258 1080
18269 675 0 1283 1080
18270 716 0 1324 1080
18271 760 0 1368 1080
18272 694 0 1302 1080
18273 659 0 1267 1080
18274 655 0 1263 1080
18275 679 0 1287 1080
18276 720 0 1328 1080
18277 767 0 1375 1080
18278 810 0 1418 1080
18279 735 0 1343 1080
18280 655 0 1263 1080
18281 575 0 1183 1080
18282 495 0 1103 1080
18283 415 0 1023 1080
18284 335 0 943 1080
18285 258 0 866 1080
18286 200 0 808 1080
18287 168 0 776 1080
18288 164 0 772 1080
18289 182 0 790 1080
18290 262 0 870 1080
18291 329 0 937 1080
18292 370 0 978 1080
18293 384 0 992 1080
18294 372 0 980 1080
18295 343 0 951 1080
18296 273 0 881 1080
18297 193 0 801 1080
18298 113 0 721 1080
18299 33 0 641 1080
18300 0 0 608 1080
18301 0 0 608 1080
18302 0 0 608 1080
18303 0 0 608 1080
18304 0 0 608 1080
18305 0 0 608 1080
18306 0 0 608 1080
18307 0 0 608 1080
18308 0 0 608 1080
18309 57 0 665 1080
18310 137 0 745 1080
18311 217 0 825 1080
18312 297 0 905 1080
18313 377 0 985 1080
18314 457 0 1065 1080
18315 537 0 1145 1080
18316 617 0 1225 1080
18317 686 0 1294 1080
18318 727 0 1335 1080
18319 732 0 1340 1080
18320 706 0 1314 1080
18321 654 0 1262 1080
18322 590 0 1198 1080
18323 529 0 1137 1080
18324 475 0 1083 1080
18325 435 0 1043 1080
18326 414 0 1022 1080
18327 408 0 1016 1080
18328 415 0 1023 1080
18329 429 0 1037 1080
18330 446 0 1054 1080
18331 462 0 1070 1080
18332 472 0 1080 1080
18333 475 0 1083 1080
18334 470 0 1078 1080
18335 457 0 1065 1080
18336 438 0 1046 1080
18337 416 0 1024 1080
18338 395 0 1003 1080
18339 377 0 985 1080
18340 365 0 973 1080
18341 362 0 970 1080
18342 364 0 972 1080
18343 372 0 980 1080
18344 381 0 989 1080
18345 388 0 996 1080
18346 387 0 995 1080
18347 377 0 985 1080
18348 354 0 962 1080
18349 322 0 930 1080
18350 286 0 894 1080
18351 242 0 850 1080
18352 191 0 799 1080
18353 160 0 768 1080
18354 151 0 759 1080
18355 160 0 768 1080
18356 180 0 788 1080
18357 202 0 810 1080
18358 210 0 818 1080
18359 204 0 812 1080
18360 188 0 796 1080
18361 168 0 776 1080
18362 147 0 755 1080
18363 129 0 737 1080
18364 115 0 723 1080
18365 105 0 713 1080
18366 99 0 707 1080
18367 96 0 704 1080
18368 93 0 701 1080
18369 92 0 700 1080
18370 90 0 698 1080
18371 85 0 693 1080
18372 80 0 688 1080
18373 76 0 684 1080
18374 72 0 680 1080
18375 68 0 676 1080
18376 64 0 672 1080
18377 85 0 693 1080
18378 122 0 730 1080
18379 165 0 773 1080
18380 205 0 813 1080
18381 241 0 849 1080
18382 266 0 874 1080
18383 277 0 885 1080
18384 275 0 883 1080
18385 258 0 866 1080
18386 232 0 840 1080
18387 205 0 813 1080
18388 180 0 788 1080
18389 161 0 769 1080
18390 164 0 772 1080
18391 184 0 792 1080
18392 214 0 822 1080
18393 247 0 855 1080
18394 275 0 883 1080
18395 294 0 902 1080
18396 303 0 911 1080
18397 303 0 911 1080
18398 297 0 905 1080
18399 288 0 896 1080
18400 280 0 888 1080
18401 274 0 882 1080
18402 273 0 881 1080
18403 275 0 883 1080
18404 281 0 889 1080
18405 271 0 879 1080
18406 265 0 873 1080
18407 205 0 813 1080
18408 159 0 767 1080
18409 135 0 743 1080
18410 149 0 757 1080
18411 192 0 800 1080
18412 254 0 862 1080
18413 321 0 929 1080
18414 381 0 989 1080
18415 428 0 1036 1080
18416 457 0 1065 1080
18417 471 0 1079 1080
18418 475 0 1083 1080
18419 473 0 1081 1080
18420 481 0 1089 1080
18421 561 0 1169 1080
18422 641 0 1249 1080
18423 721 0 1329 1080
18424 801 0 1409 1080
18425 881 0 1489 1080
18426 961 0 1569 1080
18427 1041 0 1649 1080
18428 1121 0 1729 1080
18429 1201 0 1809 1080
18430 1281 0 1889 1080
18431 1312 0 1920 1080
18432 1312 0 1920 1080
18433 1312 0 1920 1080
18434 1281 0 1889 1080
18435 1201 0 1809 1080
18436 1121 0 1729 1080
18437 1041 0 1649 1080
18438 961 0 1569 1080
18439 881 0 1489 1080
18440 872 0 1480 1080
18441 792 0 1400 1080
18442 712 0 1320 1080
18443 632 0 1240 1080
18444 552 0 1160 1080
18445 472 0 1080 1080
18446 392 0 1000 1080
18447 312 0 920 1080
18448 246 0 854 1080
18449 177 0 785 1080
18450 122 0 730 1080
18451 90 0 698 1080
18452 170 0 778 1080
18453 236 0 844 1080
18454 283 0 891 1080
18455 308 0 916 1080
18456 310 0 918 1080
18457 295 0 903 1080
18458 269 0 877 1080
18459 239 0 847 1080
18460 211 0 819 1080
18461 192 0 800 1080
18462 136 0 744 1080
18463 62 0 670 1080
18464 0 0 608 1080
18465 0 0 608 1080
18466 0 0 608 1080
18467 0 0 608 1080
18468 0 0 608 1080
18469 0 0 608 1080
18470 66 0 674 1080
18471 146 0 754 1080
18472 226 0 834 1080
18473 306 0 914 1080
18474 386 0 994 1080
18475 466 0 1074 1080
18476 544 0 1152 1080
18477 613 0 1221 1080
18478 660 0 1268 1080
18479 662 0 1270 1080
18480 644 0 1252 1080
18481 611 0 1219 1080
18482 575 0 1183 1080
18483 495 0 1103 1080
18484 415 0 1023 1080
18485 335 0 943 1080
18486 255 0 863 1080
18487 175 0 783 1080
18488 255 0 863 1080
18489 263 0 871 1080
18490 210 0 818 1080
18491 130 0 738 1080
18492 50 0 658 1080
18493 0 0 608 1080
18494 0 0 608 1080
18495 0 0 608 1080
18496 43 0 651 1080
18497 73 0 681 1080
18498 73 0 681 1080
18499 48 0 656 1080
18500 9 0 617 1080
18501 0 0 608 1080
18502 46 0 654 1080
18503 89 0 697 1080
18504 95 0 703 1080
18505 68 0 676 1080
18506 21 0 629 1080
18507 0 0 608 1080
18508 0 0 608 1080
18509 0 0 608 1080
18510 47 0 655 1080
18511 64 0 672 1080
18512 50 0 658 1080
18513 13 0 621 1080
18514 0 0 608 1080
18515 0 0 608 1080
18516 0 0 608 1080
18517 46 0 654 1080
18518 58 0 666 1080
18519 38 0 646 1080
18520 0 0 608 1080
18521 0 0 608 1080
18522 0 0 608 1080
18523 0 0 608 1080
18524 26 0 634 1080
18525 40 0 648 1080
18526 34 0 642 1080
18527 14 0 622 1080
18528 0 0 608 1080
18529 0 0 608 1080
18530 0 0 608 1080
18531 0 0 608 1080
18532 0 0 608 1080
18533 0 0 608 1080
18534 0 0 608 1080
18535 0 0 608 1080
18536 0 0 608 1080
18537 0 0 608 1080
18538 0 0 608 1080
18539 0 0 608 1080
18540 0 0 608 1080
18541 0 0 608 1080
18542 0 0 608 1080
18543 0 0 608 1080
18544 0 0 608 1080
18545 0 0 608 1080
18546 0 0 608 1080
18547 0 0 608 1080
18548 11 0 619 1080
18549 24 0 632 1080
18550 32 0 640 1080
18551 34 0 642 1080
18552 32 0 640 1080
18553 28 0 636 1080
18554 22 0 630 1080
18555 17 0 625 1080
18556 16 0 624 1080
18557 22 0 630 1080
18558 33 0 641 1080
18559 45 0 653 1080
18560 55 0 663 1080
18561 59 0 667 1080
18562 56 0 664 1080
18563 51 0 659 1080
18564 44 0 652 1080
18565 36 0 644 1080
18566 31 0 639 1080
18567 31 0 639 1080
18568 34 0 642 1080
18569 39 0 647 1080
18570 42 0 650 1080
18571 44 0 652 1080
18572 43 0 651 1080
18573 42 0 650 1080
18574 38 0 646 1080
18575 36 0 644 1080
18576 36 0 644 1080
18577 42 0 650 1080
18578 51 0 659 1080
18579 61 0 669 1080
18580 69 0 677 1080
18581 74 0 682 1080
18582 75 0 683 1080
18583 72 0 680 1080
18584 70 0 678 1080
18585 70 0 678 1080
18586 72 0 680 1080
18587 73 0 681 1080
18588 72 0 680 1080
18589 70 0 678 1080
18590 66 0 674 1080
18591 63 0 671 1080
18592 61 0 669 1080
18593 61 0 669 1080
18594 62 0 670 1080
18595 63 0 671 1080
18596 65 0 673 1080
18597 71 0 679 1080
18598 80 0 688 1080
18599 92 0 700 1080
18600 104 0 712 1080
18601 116 0 724 1080
18602 125 0 733 1080
18603 132 0 740 1080
18604 134 0 742 1080
18605 132 0 740 1080
18606 125 0 733 1080
18607 116 0 724 1080
18608 106 0 714 1080
18609 96 0 704 1080
18610 91 0 699 1080
18611 91 0 699 1080
18612 99 0 707 1080
18613 111 0 719 1080
18614 124 0 732 1080
18615 137 0 745 1080
18616 146 0 754 1080
18617 151 0 759 1080
18618 152 0 760 1080
18619 152 0 760 1080
18620 150 0 758 1080
18621 149 0 757 1080
18622 148 0 756 1080
18623 147 0 755 1080
18624 147 0 755 1080
18625 148 0 756 1080
18626 148 0 756 1080
18627 153 0 761 1080
18628 157 0 765 1080
18629 161 0 769 1080
18630 165 0 773 1080
18631 169 0 777 1080
18632 172 0 780 1080
18633 175 0 783 1080
18634 182 0 790 1080
18635 189 0 797 1080
18636 195 0 803 1080
18637 200 0 808 1080
18638 203 0 811 1080
18639 204 0 812 1080
18640 202 0 810 1080
18641 203 0 811 1080
18642 201 0 809 1080
18643 197 0 805 1080
18644 192 0 800 1080
18645 188 0 796 1080
18646 184 0 792 1080
18647 181 0 789 1080
18648 184 0 792 1080
18649 192 0 800 1080
18650 201 0 809 1080
18651 211 0 819 1080
18652 216 0 824 1080
18653 245 0 853 1080
18654 286 0 894 1080
18655 326 0 934 1080
18656 360 0 968 1080
18657 380 0 988 1080
18658 384 0 992 1080
18659 375 0 983 1080
18660 357 0 965 1080
18661 308 0 916 1080
18662 247 0 855 1080
18663 192 0 800 1080
18664 154 0 762 1080
18665 139 0 747 1080
18666 151 0 759 1080
18667 185 0 793 1080
18668 233 0 841 1080
18669 284 0 892 1080
18670 331 0 939 1080
18671 368 0 976 1080
18672 393 0 1001 1080
18673 405 0 1013 1080
18674 408 0 1016 1080
18675 452 0 1060 1080
18676 525 0 1133 1080
18677 605 0 1213 1080
18678 685 0 1293 1080
18679 758 0 1366 1080
18680 818 0 1426 1080
18681 859 0 1467 1080
18682 884 0 1492 1080
18683 896 0 1504 1080
18684 901 0 1509 1080
18685 906 0 1514 1080
18686 915 0 1523 1080
18687 931 0 1539 1080
18688 955 0 1563 1080
18689 987 0 1595 1080
18690 1024 0 1632 1080
18691 1063 0 1671 1080
18692 1102 0 1710 1080
18693 1137 0 1745 1080
18694 1169 0 1777 1080
18695 1197 0 1805 1080
18696 1222 0 1830 1080
18697 1245 0 1853 1080
18698 1247 0 1855 1080
18699 1229 0 1837 1080
18700 1200 0 1808 1080
18701 1166 0 1774 1080
18702 1134 0 1742 1080
18703 1111 0 1719 1080
18704 1098 0 1706 1080
18705 1086 0 1694 1080
18706 1078 0 1686 1080
18707 1074 0 1682 1080
18708 1071 0 1679 1080
18709 1069 0 1677 1080
18710 1068 0 1676 1080
18711 1068 0 1676 1080
18712 1069 0 1677 1080
18713 1070 0 1678 1080
18714 1071 0 1679 1080
18715 1071 0 1679 1080
18716 1071 0 1679 1080
18717 1070 0 1678 1080
18718 1067 0 1675 1080
18719 1063 0 1671 1080
18720 1059 0 1667 1080
18721 1060 0 1668 1080
18722 1067 0 1675 1080
18723 1074 0 1682 1080
18724 1080 0 1688 1080
18725 1082 0 1690 1080
18726 1081 0 1689 1080
18727 1115 0 1723 1080
18728 1131 0 1739 1080
18729 1129 0 1737 1080
18730 1152 0 1760 1080
18731 1190 0 1798 1080
18732 1232 0 1840 1080
18733 1270 0 1878 1080
18734 1297 0 1905 1080
18735 1310 0 1918 1080
18736 1274 0 1882 1080
18737 1205 0 1813 1080
18738 1156 0 1764 1080
18739 1134 0 1742 1080
18740 1138 0 1746 1080
18741 1163 0 1771 1080
18742 1199 0 1807 1080
18743 1237 0 1845 1080
18744 1269 0 1877 1080
18745 1289 0 1897 1080
18746 1294 0 1902 1080
18747 1286 0 1894 1080
18748 1269 0 1877 1080
18749 1264 0 1872 1080
18750 1270 0 1878 1080
18751 1293 0 1901 1080
18752 1312 0 1920 1080
18753 1312 0 1920 1080
18754 1312 0 1920 1080
18755 1312 0 1920 1080
18756 1312 0 1920 1080
18757 1312 0 1920 1080
18758 1312 0 1920 1080
18759 1287 0 1895 1080
18760 1253 0 1861 1080
18761 1239 0 1847 1080
18762 1236 0 1844 1080
18763 1255 0 1863 1080
18764 1289 0 1897 1080
18765 1312 0 1920 1080
18766 1312 0 1920 1080
18767 1312 0 1920 1080
18768 1312 0 1920 1080
18769 1294 0 1902 1080
18770 1299 0 1907 1080
18771 1312 0 1920 1080
18772 1312 0 1920 1080
18773 1312 0 1920 1080
18774 1312 0 1920 1080
18775 1312 0 1920 1080
18776 1312 0 1920 1080
18777 1312 0 1920 1080
18778 1312 0 1920 1080
18779 1312 0 1920 1080
18780 1287 0 1895 1080
18781 1272 0 1880 1080
18782 1276 0 1884 1080
18783 1293 0 1901 1080
18784 1312 0 1920 1080
18785 1312 0 1920 1080
18786 1312 0 1920 1080
18787 1312 0 1920 1080
18788 1312 0 1920 1080
18789 1312 0 1920 1080
18790 1312 0 1920 1080
18791 1312 0 1920 1080
18792 1312 0 1920 1080
18793 1312 0 1920 1080
18794 1308 0 1916 1080
18795 1278 0 1886 1080
18796 1239 0 1847 1080
18797 1202 0 1810 1080
18798 1202 0 1810 1080
18799 1203 0 1811 1080
18800 1232 0 1840 1080
18801 1262 0 1870 1080
18802 1303 0 1911 1080
18803 1312 0 1920 1080
18804 1312 0 1920 1080
18805 1312 0 1920 1080
18806 1312 0 1920 1080
18807 1291 0 1899 1080
18808 1211 0 1819 1080
18809 1174 0 1782 1080
18810 1186 0 1794 1080
18811 1237 0 1845 1080
18812 1224 0 1832 1080
18813 1253 0 1861 1080
18814 1221 0 1829 1080
18815 1147 0 1755 1080
18816 1067 0 1675 1080
18817 987 0 1595 1080
18818 907 0 1515 1080
18819 827 0 1435 1080
18820 757 0 1365 1080
18821 714 0 1322 1080
18822 702 0 1310 1080
18823 717 0 1325 1080
18824 755 0 1363 1080
18825 802 0 1410 1080
18826 848 0 1456 1080
18827 885 0 1493 1080
18828 910 0 1518 1080
18829 921 0 1529 1080
18830 919 0 1527 1080
18831 906 0 1514 1080
18832 888 0 1496 1080
18833 870 0 1478 1080
18834 852 0 1460 1080
18835 838 0 1446 1080
18836 827 0 1435 1080
18837 821 0 1429 1080
18838 823 0 1431 1080
18839 831 0 1439 1080
18840 841 0 1449 1080
18841 850 0 1458 1080
18842 858 0 1466 1080
18843 861 0 1469 1080
18844 857 0 1465 1080
18845 846 0 1454 1080
18846 828 0 1436 1080
18847 809 0 1417 1080
18848 793 0 1401 1080
18849 784 0 1392 1080
18850 783 0 1391 1080
18851 789 0 1397 1080
18852 799 0 1407 1080
18853 808 0 1416 1080
18854 813 0 1421 1080
18855 812 0 1420 1080
18856 806 0 1414 1080
18857 795 0 1403 1080
18858 785 0 1393 1080
18859 777 0 1385 1080
18860 772 0 1380 1080
18861 774 0 1382 1080
18862 779 0 1387 1080
18863 785 0 1393 1080
18864 788 0 1396 1080
18865 787 0 1395 1080
18866 781 0 1389 1080
18867 771 0 1379 1080
18868 761 0 1369 1080
18869 753 0 1361 1080
18870 750 0 1358 1080
18871 752 0 1360 1080
18872 757 0 1365 1080
18873 764 0 1372 1080
18874 770 0 1378 1080
18875 774 0 1382 1080
18876 773 0 1381 1080
18877 768 0 1376 1080
18878 759 0 1367 1080
18879 749 0 1357 1080
18880 740 0 1348 1080
18881 733 0 1341 1080
18882 730 0 1338 1080
18883 730 0 1338 1080
18884 732 0 1340 1080
18885 738 0 1346 1080
18886 744 0 1352 1080
18887 751 0 1359 1080
18888 756 0 1364 1080
18889 760 0 1368 1080
18890 764 0 1372 1080
18891 766 0 1374 1080
18892 768 0 1376 1080
18893 769 0 1377 1080
18894 766 0 1374 1080
18895 760 0 1368 1080
18896 753 0 1361 1080
18897 747 0 1355 1080
18898 743 0 1351 1080
18899 742 0 1350 1080
18900 743 0 1351 1080
18901 746 0 1354 1080
18902 750 0 1358 1080
18903 752 0 1360 1080
18904 753 0 1361 1080
18905 753 0 1361 1080
18906 753 0 1361 1080
18907 750 0 1358 1080
18908 744 0 1352 1080
18909 734 0 1342 1080
18910 720 0 1328 1080
18911 707 0 1315 1080
18912 696 0 1304 1080
18913 690 0 1298 1080
18914 688 0 1296 1080
18915 689 0 1297 1080
18916 694 0 1302 1080
18917 701 0 1309 1080
18918 708 0 1316 1080
18919 713 0 1321 1080
18920 715 0 1323 1080
18921 715 0 1323 1080
18922 714 0 1322 1080
18923 714 0 1322 1080
18924 714 0 1322 1080
18925 715 0 1323 1080
18926 720 0 1328 1080
18927 727 0 1335 1080
18928 736 0 1344 1080
18929 745 0 1353 1080
18930 753 0 1361 1080
18931 759 0 1367 1080
18932 762 0 1370 1080
18933 762 0 1370 1080
18934 761 0 1369 1080
18935 759 0 1367 1080
18936 759 0 1367 1080
18937 764 0 1372 1080
18938 777 0 1385 1080
18939 819 0 1427 1080
18940 876 0 1484 1080
18941 934 0 1542 1080
18942 983 0 1591 1080
18943 1017 0 1625 1080
18944 1037 0 1645 1080
18945 1082 0 1690 1080
18946 1141 0 1749 1080
18947 1204 0 1812 1080
18948 1259 0 1867 1080
18949 1299 0 1907 1080
18950 1312 0 1920 1080
18951 1312 0 1920 1080
18952 1306 0 1914 1080
18953 1283 0 1891 1080
18954 1258 0 1866 1080
18955 1237 0 1845 1080
18956 1223 0 1831 1080
18957 1218 0 1826 1080
18958 1222 0 1830 1080
18959 1232 0 1840 1080
18960 1245 0 1853 1080
18961 1258 0 1866 1080
18962 1269 0 1877 1080
18963 1277 0 1885 1080
18964 1280 0 1888 1080
18965 1280 0 1888 1080
18966 1277 0 1885 1080
18967 1273 0 1881 1080
18968 1270 0 1878 1080
18969 1267 0 1875 1080
18970 1265 0 1873 1080
18971 1264 0 1872 1080
18972 1265 0 1873 1080
18973 1267 0 1875 1080
18974 1270 0 1878 1080
18975 1272 0 1880 1080
18976 1274 0 1882 1080
18977 1275 0 1883 1080
18978 1276 0 1884 1080
18979 1277 0 1885 1080
18980 1276 0 1884 1080
18981 1275 0 1883 1080
18982 1273 0 1881 1080
18983 1272 0 1880 1080
18984 1272 0 1880 1080
18985 1272 0 1880 1080
18986 1273 0 1881 1080
18987 1274 0 1882 1080
18988 1275 0 1883 1080
18989 1277 0 1885 1080
18990 1278 0 1886 1080
18991 1279 0 1887 1080
18992 1279 0 1887 1080
18993 1280 0 1888 1080
18994 1280 0 1888 1080
18995 1277 0 1885 1080
18996 1273 0 1881 1080
18997 1269 0 1877 1080
18998 1263 0 1871 1080
18999 1256 0 1864 1080
19000 1251 0 1859 1080
19001 1246 0 1854 1080
19002 1242 0 1850 1080
19003 1240 0 1848 1080
19004 1238 0 1846 1080
19005 1237 0 1845 1080
19006 1237 0 1845 1080
19007 1235 0 1843 1080
19008 1233 0 1841 1080
19009 1230 0 1838 1080
19010 1226 0 1834 1080
19011 1221 0 1829 1080
19012 1215 0 1823 1080
19013 1208 0 1816 1080
19014 1201 0 1809 1080
19015 1194 0 1802 1080
19016 1189 0 1797 1080
19017 1186 0 1794 1080
19018 1183 0 1791 1080
19019 1183 0 1791 1080
19020 1184 0 1792 1080
19021 1186 0 1794 1080
19022 1189 0 1797 1080
19023 1191 0 1799 1080
19024 1192 0 1800 1080
19025 1186 0 1794 1080
19026 1181 0 1789 1080
19027 1178 0 1786 1080
19028 1177 0 1785 1080
19029 1178 0 1786 1080
19030 1196 0 1804 1080
19031 1222 0 1830 1080
19032 1202 0 1810 1080
19033 1198 0 1806 1080
19034 1209 0 1817 1080
19035 1229 0 1837 1080
19036 1253 0 1861 1080
19037 1276 0 1884 1080
19038 1293 0 1901 1080
19039 1213 0 1821 1080
19040 1161 0 1769 1080
19041 1143 0 1751 1080
19042 1155 0 1763 1080
19043 1190 0 1798 1080
19044 1236 0 1844 1080
19045 1281 0 1889 1080
19046 1201 0 1809 1080
19047 1154 0 1762 1080
19048 1143 0 1751 1080
19049 1163 0 1771 1080
19050 1204 0 1812 1080
19051 1254 0 1862 1080
19052 1302 0 1910 1080
19053 1222 0 1830 1080
19054 1173 0 1781 1080
19055 1158 0 1766 1080
19056 1174 0 1782 1080
19057 1212 0 1820 1080
19058 1261 0 1869 1080
19059 1308 0 1916 1080
19060 1228 0 1836 1080
19061 1179 0 1787 1080
19062 1166 0 1774 1080
19063 1184 0 1792 1080
19064 1224 0 1832 1080
19065 1273 0 1881 1080
19066 1312 0 1920 1080
19067 1240 0 1848 1080
19068 1191 0 1799 1080
19069 1177 0 1785 1080
19070 1195 0 1803 1080
19071 1169 0 1777 1080
19072 1114 0 1722 1080
19073 1049 0 1657 1080
19074 989 0 1597 1080
19075 947 0 1555 1080
19076 928 0 1536 1080
19077 933 0 1541 1080
19078 957 0 1565 1080
19079 992 0 1600 1080
19080 1033 0 1641 1080
19081 1069 0 1677 1080
19082 1095 0 1703 1080
19083 1107 0 1715 1080
19084 1105 0 1713 1080
19085 1094 0 1702 1080
19086 1079 0 1687 1080
19087 1064 0 1672 1080
19088 1051 0 1659 1080
19089 1045 0 1653 1080
19090 1045 0 1653 1080
19091 1052 0 1660 1080
19092 1064 0 1672 1080
19093 1078 0 1686 1080
19094 1092 0 1700 1080
19095 1103 0 1711 1080
19096 1108 0 1716 1080
19097 1108 0 1716 1080
19098 1102 0 1710 1080
19099 1095 0 1703 1080
19100 1087 0 1695 1080
19101 1081 0 1689 1080
19102 1076 0 1684 1080
19103 1074 0 1682 1080
19104 1074 0 1682 1080
19105 1075 0 1683 1080
19106 1076 0 1684 1080
19107 1072 0 1680 1080
19108 1064 0 1672 1080
19109 1041 0 1649 1080
19110 1019 0 1627 1080
19111 998 0 1606 1080
19112 963 0 1571 1080
19113 920 0 1528 1080
19114 873 0 1481 1080
19115 828 0 1436 1080
19116 789 0 1397 1080
19117 757 0 1365 1080
19118 733 0 1341 1080
19119 715 0 1323 1080
19120 701 0 1309 1080
19121 687 0 1295 1080
19122 672 0 1280 1080
19123 653 0 1261 1080
19124 630 0 1238 1080
19125 605 0 1213 1080
19126 576 0 1184 1080
19127 546 0 1154 1080
19128 516 0 1124 1080
19129 488 0 1096 1080
19130 460 0 1068 1080
19131 435 0 1043 1080
19132 410 0 1018 1080
19133 387 0 995 1080
19134 364 0 972 1080
19135 341 0 949 1080
19136 318 0 926 1080
19137 294 0 902 1080
19138 269 0 877 1080
19139 210 0 818 1080
19140 134 0 742 1080
19141 59 0 667 1080
19142 37 0 645 1080
19143 65 0 673 1080
19144 130 0 738 1080
19145 210 0 818 1080
19146 290 0 898 1080
19147 361 0 969 1080
19148 414 0 1022 1080
19149 387 0 995 1080
19150 364 0 972 1080
19151 350 0 958 1080
19152 350 0 958 1080
19153 364 0 972 1080
19154 389 0 997 1080
19155 422 0 1030 1080
19156 457 0 1065 1080
19157 498 0 1106 1080
19158 538 0 1146 1080
19159 570 0 1178 1080
19160 591 0 1199 1080
19161 593 0 1201 1080
19162 588 0 1196 1080
19163 577 0 1185 1080
19164 564 0 1172 1080
19165 555 0 1163 1080
19166 551 0 1159 1080
19167 553 0 1161 1080
19168 559 0 1167 1080
19169 569 0 1177 1080
19170 579 0 1187 1080
19171 588 0 1196 1080
19172 595 0 1203 1080
19173 597 0 1205 1080
19174 597 0 1205 1080
19175 592 0 1200 1080
19176 583 0 1191 1080
19177 576 0 1184 1080
19178 574 0 1182 1080
19179 574 0 1182 1080
19180 574 0 1182 1080
19181 567 0 1175 1080
19182 549 0 1157 1080
19183 533 0 1141 1080
19184 521 0 1129 1080
19185 515 0 1123 1080
19186 516 0 1124 1080
19187 509 0 1117 1080
19188 498 0 1106 1080
19189 487 0 1095 1080
19190 480 0 1088 1080
19191 478 0 1086 1080
19192 481 0 1089 1080
19193 492 0 1100 1080
19194 509 0 1117 1080
19195 530 0 1138 1080
19196 553 0 1161 1080
19197 574 0 1182 1080
19198 589 0 1197 1080
19199 597 0 1205 1080
19200 597 0 1205 1080
19201 592 0 1200 1080
19202 586 0 1194 1080
19203 581 0 1189 1080
19204 555 0 1163 1080
19205 517 0 1125 1080
19206 479 0 1087 1080
19207 449 0 1057 1080
19208 429 0 1037 1080
19209 451 0 1059 1080
19210 500 0 1108 1080
19211 561 0 1169 1080
19212 596 0 1204 1080
19213 606 0 1214 1080
19214 592 0 1200 1080
19215 559 0 1167 1080
19216 517 0 1125 1080
19217 491 0 1099 1080
19218 490 0 1098 1080
19219 566 0 1174 1080
19220 646 0 1254 1080
19221 726 0 1334 1080
19222 806 0 1414 1080
19223 880 0 1488 1080
19224 931 0 1539 1080
19225 951 0 1559 1080
19226 947 0 1555 1080
19227 916 0 1524 1080
19228 866 0 1474 1080
19229 807 0 1415 1080
19230 750 0 1358 1080
19231 703 0 1311 1080
19232 673 0 1281 1080
19233 664 0 1272 1080
19234 673 0 1281 1080
19235 696 0 1304 1080
19236 720 0 1328 1080
19237 737 0 1345 1080
19238 747 0 1355 1080
19239 748 0 1356 1080
19240 742 0 1350 1080
19241 732 0 1340 1080
19242 735 0 1343 1080
19243 746 0 1354 1080
19244 761 0 1369 1080
19245 774 0 1382 1080
19246 783 0 1391 1080
19247 787 0 1395 1080
19248 785 0 1393 1080
19249 778 0 1386 1080
19250 767 0 1375 1080
19251 755 0 1363 1080
19252 742 0 1350 1080
19253 730 0 1338 1080
19254 720 0 1328 1080
19255 715 0 1323 1080
19256 710 0 1318 1080
19257 705 0 1313 1080
19258 700 0 1308 1080
19259 695 0 1303 1080
19260 690 0 1298 1080
19261 685 0 1293 1080
19262 681 0 1289 1080
19263 677 0 1285 1080
19264 675 0 1283 1080
19265 670 0 1278 1080
19266 665 0 1273 1080
19267 641 0 1249 1080
19268 608 0 1216 1080
19269 576 0 1184 1080
19270 551 0 1159 1080
19271 538 0 1146 1080
19272 543 0 1151 1080
19273 561 0 1169 1080
19274 563 0 1171 1080
19275 554 0 1162 1080
19276 545 0 1153 1080
19277 542 0 1150 1080
19278 543 0 1151 1080
19279 538 0 1146 1080
19280 522 0 1130 1080
19281 505 0 1113 1080
19282 495 0 1103 1080
19283 497 0 1105 1080
19284 510 0 1118 1080
19285 551 0 1159 1080
19286 588 0 1196 1080
19287 633 0 1241 1080
19288 676 0 1284 1080
19289 709 0 1317 1080
19290 727 0 1335 1080
19291 727 0 1335 1080
19292 725 0 1333 1080
19293 706 0 1314 1080
19294 691 0 1299 1080
19295 684 0 1292 1080
19296 684 0 1292 1080
19297 690 0 1298 1080
19298 692 0 1300 1080
19299 686 0 1294 1080
19300 766 0 1374 1080
19301 808 0 1416 1080
19302 812 0 1420 1080
19303 784 0 1392 1080
19304 749 0 1357 1080
19305 705 0 1313 1080
19306 663 0 1271 1080
19307 633 0 1241 1080
19308 619 0 1227 1080
19309 625 0 1233 1080
19310 646 0 1254 1080
19311 676 0 1284 1080
19312 710 0 1318 1080
19313 742 0 1350 1080
19314 767 0 1375 1080
19315 784 0 1392 1080
19316 791 0 1399 1080
19317 791 0 1399 1080
19318 786 0 1394 1080
19319 813 0 1421 1080
19320 865 0 1473 1080
19321 929 0 1537 1080
19322 995 0 1603 1080
19323 1052 0 1660 1080
19324 1095 0 1703 1080
19325 1122 0 1730 1080
19326 1133 0 1741 1080
19327 1132 0 1740 1080
19328 1124 0 1732 1080
19329 1113 0 1721 1080
19330 1099 0 1707 1080
19331 1086 0 1694 1080
19332 1073 0 1681 1080
19333 1062 0 1670 1080
19334 1054 0 1662 1080
19335 1047 0 1655 1080
19336 1041 0 1649 1080
19337 1036 0 1644 1080
19338 1031 0 1639 1080
19339 1027 0 1635 1080
19340 1027 0 1635 1080
19341 1030 0 1638 1080
19342 1039 0 1647 1080
19343 1047 0 1655 1080
19344 1054 0 1662 1080
19345 1059 0 1667 1080
19346 1060 0 1668 1080
19347 1072 0 1680 1080
19348 1096 0 1704 1080
19349 1126 0 1734 1080
19350 1158 0 1766 1080
19351 1186 0 1794 1080
19352 1206 0 1814 1080
19353 1216 0 1824 1080
19354 1217 0 1825 1080
19355 1209 0 1817 1080
19356 1197 0 1805 1080
19357 1186 0 1794 1080
19358 1178 0 1786 1080
19359 1175 0 1783 1080
19360 1181 0 1789 1080
19361 1193 0 1801 1080
19362 1209 0 1817 1080
19363 1225 0 1833 1080
19364 1239 0 1847 1080
19365 1249 0 1857 1080
19366 1255 0 1863 1080
19367 1258 0 1866 1080
19368 1258 0 1866 1080
19369 1257 0 1865 1080
19370 1255 0 1863 1080
19371 1235 0 1843 1080
19372 1201 0 1809 1080
19373 1163 0 1771 1080
19374 1126 0 1734 1080
19375 1098 0 1706 1080
19376 1080 0 1688 1080
19377 1060 0 1668 1080
19378 1039 0 1647 1080
19379 1021 0 1629 1080
19380 1011 0 1619 1080
19381 1007 0 1615 1080
19382 1010 0 1618 1080
19383 1018 0 1626 1080
19384 1031 0 1639 1080
19385 1045 0 1653 1080
19386 1056 0 1664 1080
19387 1062 0 1670 1080
19388 1062 0 1670 1080
19389 1057 0 1665 1080
19390 1048 0 1656 1080
19391 1037 0 1645 1080
19392 1025 0 1633 1080
19393 1012 0 1620 1080
19394 1003 0 1611 1080
19395 992 0 1600 1080
19396 983 0 1591 1080
19397 977 0 1585 1080
19398 973 0 1581 1080
19399 971 0 1579 1080
19400 972 0 1580 1080
19401 974 0 1582 1080
19402 975 0 1583 1080
19403 974 0 1582 1080
19404 1033 0 1641 1080
19405 1057 0 1665 1080
19406 1050 0 1658 1080
19407 1020 0 1628 1080
19408 979 0 1587 1080
19409 939 0 1547 1080
19410 867 0 1475 1080
19411 787 0 1395 1080
19412 714 0 1322 1080
19413 682 0 1290 1080
19414 689 0 1297 1080
19415 728 0 1336 1080
19416 785 0 1393 1080
19417 843 0 1451 1080
19418 889 0 1497 1080
19419 916 0 1524 1080
19420 922 0 1530 1080
19421 906 0 1514 1080
19422 879 0 1487 1080
19423 846 0 1454 1080
19424 816 0 1424 1080
19425 795 0 1403 1080
19426 786 0 1394 1080
19427 789 0 1397 1080
19428 801 0 1409 1080
19429 815 0 1423 1080
19430 829 0 1437 1080
19431 841 0 1449 1080
19432 849 0 1457 1080
19433 853 0 1461 1080
19434 854 0 1462 1080
19435 851 0 1459 1080
19436 846 0 1454 1080
19437 841 0 1449 1080
19438 838 0 1446 1080
19439 841 0 1449 1080
19440 849 0 1457 1080
19441 860 0 1468 1080
19442 871 0 1479 1080
19443 882 0 1490 1080
19444 891 0 1499 1080
19445 900 0 1508 1080
19446 909 0 1517 1080
19447 919 0 1527 1080
19448 932 0 1540 1080
19449 946 0 1554 1080
19450 962 0 1570 1080
19451 977 0 1585 1080
19452 990 0 1598 1080
19453 999 0 1607 1080
19454 1005 0 1613 1080
19455 1010 0 1618 1080
19456 1017 0 1625 1080
19457 1026 0 1634 1080
19458 1036 0 1644 1080
19459 1046 0 1654 1080
19460 1055 0 1663 1080
19461 1062 0 1670 1080
19462 1065 0 1673 1080
19463 1061 0 1669 1080
19464 1051 0 1659 1080
19465 1038 0 1646 1080
19466 1026 0 1634 1080
19467 1019 0 1627 1080
19468 1020 0 1628 1080
19469 1027 0 1635 1080
19470 1038 0 1646 1080
19471 1051 0 1659 1080
19472 1062 0 1670 1080
19473 1066 0 1674 1080
19474 1064 0 1672 1080
19475 1057 0 1665 1080
19476 1048 0 1656 1080
19477 1040 0 1648 1080
19478 1032 0 1640 1080
19479 1026 0 1634 1080
19480 1022 0 1630 1080
19481 1021 0 1629 1080
19482 1017 0 1625 1080
19483 1011 0 1619 1080
19484 1001 0 1609 1080
19485 991 0 1599 1080
19486 982 0 1590 1080
19487 977 0 1585 1080
19488 977 0 1585 1080
19489 980 0 1588 1080
19490 984 0 1592 1080
19491 989 0 1597 1080
19492 992 0 1600 1080
19493 991 0 1599 1080
19494 988 0 1596 1080
19495 985 0 1593 1080
19496 983 0 1591 1080
19497 982 0 1590 1080
19498 982 0 1590 1080
19499 983 0 1591 1080
19500 983 0 1591 1080
19501 981 0 1589 1080
19502 976 0 1584 1080
19503 969 0 1577 1080
19504 960 0 1568 1080
19505 952 0 1560 1080
19506 947 0 1555 1080
19507 945 0 1553 1080
19508 946 0 1554 1080
19509 949 0 1557 1080
19510 952 0 1560 1080
19511 953 0 1561 1080
19512 948 0 1556 1080
19513 938 0 1546 1080
19514 923 0 1531 1080
19515 907 0 1515 1080
19516 896 0 1504 1080
19517 891 0 1499 1080
19518 895 0 1503 1080
19519 905 0 1513 1080
19520 920 0 1528 1080
19521 937 0 1545 1080
19522 951 0 1559 1080
19523 960 0 1568 1080
19524 965 0 1573 1080
19525 966 0 1574 1080
19526 966 0 1574 1080
19527 965 0 1573 1080
19528 966 0 1574 1080
19529 969 0 1577 1080
19530 973 0 1581 1080
19531 979 0 1587 1080
19532 985 0 1593 1080
19533 991 0 1599 1080
19534 997 0 1605 1080
19535 1003 0 1611 1080
19536 1009 0 1617 1080
19537 1014 0 1622 1080
19538 1020 0 1628 1080
19539 1026 0 1634 1080
19540 1031 0 1639 1080
19541 1036 0 1644 1080
19542 1040 0 1648 1080
19543 1043 0 1651 1080
19544 1044 0 1652 1080
19545 1044 0 1652 1080
19546 1044 0 1652 1080
19547 1044 0 1652 1080
19548 1045 0 1653 1080
19549 1045 0 1653 1080
19550 1047 0 1655 1080
19551 1050 0 1658 1080
19552 1053 0 1661 1080
19553 1054 0 1662 1080
19554 1054 0 1662 1080
19555 1051 0 1659 1080
19556 1048 0 1656 1080
19557 1043 0 1651 1080
19558 1038 0 1646 1080
19559 1032 0 1640 1080
19560 1025 0 1633 1080
19561 1015 0 1623 1080
19562 1003 0 1611 1080
19563 984 0 1592 1080
19564 957 0 1565 1080
19565 926 0 1534 1080
19566 896 0 1504 1080
19567 872 0 1480 1080
19568 857 0 1465 1080
19569 827 0 1435 1080
19570 802 0 1410 1080
19571 782 0 1390 1080
19572 768 0 1376 1080
19573 758 0 1366 1080
19574 751 0 1359 1080
19575 736 0 1344 1080
19576 714 0 1322 1080
19577 669 0 1277 1080
19578 629 0 1237 1080
19579 595 0 1203 1080
19580 571 0 1179 1080
19581 556 0 1164 1080
19582 550 0 1158 1080
19583 546 0 1154 1080
19584 539 0 1147 1080
19585 530 0 1138 1080
19586 518 0 1126 1080
19587 501 0 1109 1080
19588 482 0 1090 1080
19589 460 0 1068 1080
19590 454 0 1062 1080
19591 430 0 1038 1080
19592 410 0 1018 1080
19593 393 0 1001 1080
19594 379 0 987 1080
19595 373 0 981 1080
19596 373 0 981 1080
19597 378 0 986 1080
19598 386 0 994 1080
19599 394 0 1002 1080
19600 397 0 1005 1080
19601 383 0 991 1080
19602 356 0 964 1080
19603 329 0 937 1080
19604 306 0 914 1080
19605 283 0 891 1080
19606 262 0 870 1080
19607 246 0 854 1080
19608 234 0 842 1080
19609 228 0 836 1080
19610 228 0 836 1080
19611 234 0 842 1080
19612 240 0 848 1080
19613 244 0 852 1080
19614 246 0 854 1080
19615 245 0 853 1080
19616 242 0 850 1080
19617 254 0 862 1080
19618 279 0 887 1080
19619 311 0 919 1080
19620 347 0 955 1080
19621 381 0 989 1080
19622 408 0 1016 1080
19623 460 0 1068 1080
19624 525 0 1133 1080
19625 587 0 1195 1080
19626 634 0 1242 1080
19627 661 0 1269 1080
19628 680 0 1288 1080
19629 698 0 1306 1080
19630 730 0 1338 1080
19631 776 0 1384 1080
19632 831 0 1439 1080
19633 892 0 1500 1080
19634 952 0 1560 1080
19635 1005 0 1613 1080
19636 1044 0 1652 1080
19637 1065 0 1673 1080
19638 1081 0 1689 1080
19639 1090 0 1698 1080
19640 1092 0 1700 1080
19641 1089 0 1697 1080
19642 1082 0 1690 1080
19643 1074 0 1682 1080
19644 1066 0 1674 1080
19645 1059 0 1667 1080
19646 1054 0 1662 1080
19647 1052 0 1660 1080
19648 1051 0 1659 1080
19649 1050 0 1658 1080
19650 1048 0 1656 1080
19651 1045 0 1653 1080
19652 1040 0 1648 1080
19653 1033 0 1641 1080
19654 1023 0 1631 1080
19655 1010 0 1618 1080
19656 990 0 1598 1080
19657 965 0 1573 1080
19658 936 0 1544 1080
19659 909 0 1517 1080
19660 886 0 1494 1080
19661 867 0 1475 1080
19662 847 0 1455 1080
19663 826 0 1434 1080
19664 803 0 1411 1080
19665 779 0 1387 1080
19666 758 0 1366 1080
19667 741 0 1349 1080
19668 726 0 1334 1080
19669 713 0 1321 1080
19670 703 0 1311 1080
19671 680 0 1288 1080
19672 643 0 1251 1080
19673 609 0 1217 1080
19674 580 0 1188 1080
19675 544 0 1152 1080
19676 506 0 1114 1080
19677 473 0 1081 1080
19678 463 0 1071 1080
19679 460 0 1068 1080
19680 447 0 1055 1080
19681 430 0 1038 1080
19682 409 0 1017 1080
19683 388 0 996 1080
19684 371 0 979 1080
19685 359 0 967 1080
19686 351 0 959 1080
19687 347 0 955 1080
19688 344 0 952 1080
19689 336 0 944 1080
19690 325 0 933 1080
19691 313 0 921 1080
19692 302 0 910 1080
19693 292 0 900 1080
19694 281 0 889 1080
19695 270 0 878 1080
19696 258 0 866 1080
19697 246 0 854 1080
19698 235 0 843 1080
19699 225 0 833 1080
19700 216 0 824 1080
19701 208 0 816 1080
19702 199 0 807 1080
19703 190 0 798 1080
19704 180 0 788 1080
19705 169 0 777 1080
19706 159 0 767 1080
19707 151 0 759 1080
19708 144 0 752 1080
19709 135 0 743 1080
19710 125 0 733 1080
19711 113 0 721 1080
19712 102 0 710 1080
19713 92 0 700 1080
19714 85 0 693 1080
19715 103 0 711 1080
19716 137 0 745 1080
19717 174 0 782 1080
19718 204 0 812 1080
19719 221 0 829 1080
19720 221 0 829 1080
19721 195 0 803 1080
19722 152 0 760 1080
19723 104 0 712 1080
19724 61 0 669 1080
19725 31 0 639 1080
19726 17 0 625 1080
19727 19 0 627 1080
19728 34 0 642 1080
19729 55 0 663 1080
19730 78 0 686 1080
19731 99 0 707 1080
19732 112 0 720 1080
19733 119 0 727 1080
19734 124 0 732 1080
19735 128 0 736 1080
19736 131 0 739 1080
19737 136 0 744 1080
19738 141 0 749 1080
19739 150 0 758 1080
19740 161 0 769 1080
19741 176 0 784 1080
19742 191 0 799 1080
19743 208 0 816 1080
19744 220 0 828 1080
19745 224 0 832 1080
19746 221 0 829 1080
19747 213 0 821 1080
19748 203 0 811 1080
19749 197 0 805 1080
19750 198 0 806 1080
19751 207 0 815 1080
19752 218 0 826 1080
19753 229 0 837 1080
19754 237 0 845 1080
19755 244 0 852 1080
19756 254 0 862 1080
19757 270 0 878 1080
19758 292 0 900 1080
19759 312 0 920 1080
19760 328 0 936 1080
19761 338 0 946 1080
19762 344 0 952 1080
19763 347 0 955 1080
19764 348 0 956 1080
19765 349 0 957 1080
19766 351 0 959 1080
19767 350 0 958 1080
19768 347 0 955 1080
19769 359 0 967 1080
19770 360 0 968 1080
19771 355 0 963 1080
19772 347 0 955 1080
19773 341 0 949 1080
19774 343 0 951 1080
19775 348 0 956 1080
19776 354 0 962 1080
19777 360 0 968 1080
19778 365 0 973 1080
19779 369 0 977 1080
19780 374 0 982 1080
19781 381 0 989 1080
19782 392 0 1000 1080
19783 400 0 1008 1080
19784 404 0 1012 1080
19785 421 0 1029 1080
19786 501 0 1109 1080
19787 541 0 1149 1080
19788 543 0 1151 1080
19789 523 0 1131 1080
19790 523 0 1131 1080
19791 538 0 1146 1080
19792 563 0 1171 1080
19793 594 0 1202 1080
19794 584 0 1192 1080
19795 542 0 1150 1080
19796 483 0 1091 1080
19797 424 0 1032 1080
19798 375 0 983 1080
19799 346 0 954 1080
19800 340 0 948 1080
19801 355 0 963 1080
19802 385 0 993 1080
19803 419 0 1027 1080
19804 452 0 1060 1080
19805 479 0 1087 1080
19806 497 0 1105 1080
19807 506 0 1114 1080
19808 504 0 1112 1080
19809 493 0 1101 1080
19810 475 0 1083 1080
19811 454 0 1062 1080
19812 434 0 1042 1080
19813 423 0 1031 1080
19814 420 0 1028 1080
19815 426 0 1034 1080
19816 438 0 1046 1080
19817 452 0 1060 1080
19818 464 0 1072 1080
19819 472 0 1080 1080
19820 474 0 1082 1080
19821 468 0 1076 1080
19822 456 0 1064 1080
19823 439 0 1047 1080
19824 415 0 1023 1080
19825 387 0 995 1080
19826 356 0 964 1080
19827 290 0 898 1080
19828 210 0 818 1080
19829 136 0 744 1080
19830 85 0 693 1080
19831 67 0 675 1080
19832 79 0 687 1080
19833 112 0 720 1080
19834 109 0 717 1080
19835 78 0 686 1080
19836 33 0 641 1080
19837 0 0 608 1080
19838 0 0 608 1080
19839 0 0 608 1080
19840 0 0 608 1080
19841 45 0 653 1080
19842 125 0 733 1080
19843 204 0 812 1080
19844 263 0 871 1080
19845 298 0 906 1080
19846 314 0 922 1080
19847 315 0 923 1080
19848 310 0 918 1080
19849 305 0 913 1080
19850 304 0 912 1080
19851 308 0 916 1080
19852 315 0 923 1080
19853 348 0 956 1080
19854 394 0 1002 1080
19855 442 0 1050 1080
19856 482 0 1090 1080
19857 509 0 1117 1080
19858 521 0 1129 1080
19859 519 0 1127 1080
19860 506 0 1114 1080
19861 487 0 1095 1080
19862 469 0 1077 1080
19863 485 0 1093 1080
19864 526 0 1134 1080
19865 583 0 1191 1080
19866 641 0 1249 1080
19867 691 0 1299 1080
19868 727 0 1335 1080
19869 747 0 1355 1080
19870 753 0 1361 1080
19871 746 0 1354 1080
19872 732 0 1340 1080
19873 716 0 1324 1080
19874 697 0 1305 1080
19875 683 0 1291 1080
19876 682 0 1290 1080
19877 692 0 1300 1080
19878 713 0 1321 1080
19879 741 0 1349 1080
19880 772 0 1380 1080
19881 802 0 1410 1080
19882 824 0 1432 1080
19883 837 0 1445 1080
19884 841 0 1449 1080
19885 837 0 1445 1080
19886 828 0 1436 1080
19887 818 0 1426 1080
19888 807 0 1415 1080
19889 798 0 1406 1080
19890 795 0 1403 1080
19891 796 0 1404 1080
19892 798 0 1406 1080
19893 798 0 1406 1080
19894 794 0 1402 1080
19895 784 0 1392 1080
19896 769 0 1377 1080
19897 762 0 1370 1080
19898 762 0 1370 1080
19899 767 0 1375 1080
19900 777 0 1385 1080
19901 791 0 1399 1080
19902 807 0 1415 1080
19903 821 0 1429 1080
19904 830 0 1438 1080
19905 835 0 1443 1080
19906 834 0 1442 1080
19907 830 0 1438 1080
19908 823 0 1431 1080
19909 817 0 1425 1080
19910 816 0 1424 1080
19911 816 0 1424 1080
19912 824 0 1432 1080
19913 854 0 1462 1080
19914 880 0 1488 1080
19915 896 0 1504 1080
19916 902 0 1510 1080
19917 910 0 1518 1080
19918 927 0 1535 1080
19919 949 0 1557 1080
19920 962 0 1570 1080
19921 973 0 1581 1080
19922 983 0 1591 1080
19923 991 0 1599 1080
19924 997 0 1605 1080
19925 1003 0 1611 1080
19926 1010 0 1618 1080
19927 1019 0 1627 1080
19928 1032 0 1640 1080
19929 1048 0 1656 1080
19930 1066 0 1674 1080
19931 1085 0 1693 1080
19932 1102 0 1710 1080
19933 1117 0 1725 1080
19934 1127 0 1735 1080
19935 1134 0 1742 1080
19936 1139 0 1747 1080
19937 1142 0 1750 1080
19938 1144 0 1752 1080
19939 1147 0 1755 1080
19940 1151 0 1759 1080
19941 1157 0 1765 1080
19942 1164 0 1772 1080
19943 1174 0 1782 1080
19944 1187 0 1795 1080
19945 1202 0 1810 1080
19946 1218 0 1826 1080
19947 1223 0 1831 1080
19948 1245 0 1853 1080
19949 1263 0 1871 1080
19950 1294 0 1902 1080
19951 1312 0 1920 1080
19952 1312 0 1920 1080
19953 1312 0 1920 1080
19954 1312 0 1920 1080
19955 1312 0 1920 1080
19956 1312 0 1920 1080
19957 1312 0 1920 1080
19958 1312 0 1920 1080
19959 1312 0 1920 1080
19960 1312 0 1920 1080
19961 1312 0 1920 1080
19962 1312 0 1920 1080
19963 1312 0 1920 1080
19964 1312 0 1920 1080
19965 1312 0 1920 1080
19966 1312 0 1920 1080
19967 1312 0 1920 1080
19968 1312 0 1920 1080
19969 1312 0 1920 1080
19970 1312 0 1920 1080
19971 1312 0 1920 1080
19972 1312 0 1920 1080
19973 1312 0 1920 1080
19974 1312 0 1920 1080
19975 1312 0 1920 1080
19976 1312 0 1920 1080
19977 1312 0 1920 1080
19978 1312 0 1920 1080
19979 1312 0 1920 1080
19980 1312 0 1920 1080
19981 1312 0 1920 1080
19982 1312 0 1920 1080
19983 1312 0 1920 1080
19984 1312 0 1920 1080
19985 1312 0 1920 1080
19986 1312 0 1920 1080
19987 1312 0 1920 1080
19988 1312 0 1920 1080
19989 1312 0 1920 1080
19990 1312 0 1920 1080
19991 1312 0 1920 1080
19992 1312 0 1920 1080
19993 1312 0 1920 1080
19994 1312 0 1920 1080
19995 1312 0 1920 1080
19996 1312 0 1920 1080
19997 1312 0 1920 1080
19998 1312 0 1920 1080
19999 1312 0 1920 1080
20000 1312 0 1920 1080
20001 1312 0 1920 1080
20002 1312 0 1920 1080
20003 1312 0 1920 1080
20004 1312 0 1920 1080
20005 1312 0 1920 1080
20006 1312 0 1920 1080
20007 1312 0 1920 1080
20008 1312 0 1920 1080
20009 1312 0 1920 1080
20010 1312 0 1920 1080
20011 1312 0 1920 1080
20012 1307 0 1915 1080
20013 1302 0 1910 1080
20014 1301 0 1909 1080
20015 1303 0 1911 1080
20016 1307 0 1915 1080
20017 1311 0 1919 1080
20018 1312 0 1920 1080
20019 1312 0 1920 1080
20020 1312 0 1920 1080
20021 1312 0 1920 1080
20022 1306 0 1914 1080
20023 1297 0 1905 1080
20024 1288 0 1896 1080
20025 1279 0 1887 1080
20026 1272 0 1880 1080
20027 1268 0 1876 1080
20028 1265 0 1873 1080
20029 1262 0 1870 1080
20030 1259 0 1867 1080
20031 1256 0 1864 1080
20032 1251 0 1859 1080
20033 1247 0 1855 1080
20034 1243 0 1851 1080
20035 1239 0 1847 1080
20036 1237 0 1845 1080
20037 1236 0 1844 1080
20038 1236 0 1844 1080
20039 1237 0 1845 1080
20040 1240 0 1848 1080
20041 1243 0 1851 1080
20042 1247 0 1855 1080
20043 1250 0 1858 1080
20044 1251 0 1859 1080
20045 1250 0 1858 1080
20046 1248 0 1856 1080
20047 1243 0 1851 1080
20048 1238 0 1846 1080
20049 1233 0 1841 1080
20050 1231 0 1839 1080
20051 1232 0 1840 1080
20052 1243 0 1851 1080
20053 1252 0 1860 1080
20054 1259 0 1867 1080
20055 1261 0 1869 1080
20056 1259 0 1867 1080
20057 1254 0 1862 1080
20058 1245 0 1853 1080
20059 1235 0 1843 1080
20060 1217 0 1825 1080
20061 1209 0 1817 1080
20062 1199 0 1807 1080
20063 1193 0 1801 1080
20064 1191 0 1799 1080
20065 1192 0 1800 1080
20066 1193 0 1801 1080
20067 1196 0 1804 1080
20068 1201 0 1809 1080
20069 1208 0 1816 1080
20070 1216 0 1824 1080
20071 1225 0 1833 1080
20072 1234 0 1842 1080
20073 1242 0 1850 1080
20074 1250 0 1858 1080
20075 1256 0 1864 1080
20076 1260 0 1868 1080
20077 1263 0 1871 1080
20078 1265 0 1873 1080
20079 1283 0 1891 1080
20080 1309 0 1917 1080
20081 1312 0 1920 1080
20082 1312 0 1920 1080
20083 1312 0 1920 1080
20084 1312 0 1920 1080
20085 1312 0 1920 1080
20086 1312 0 1920 1080
20087 1312 0 1920 1080
20088 1312 0 1920 1080
20089 1312 0 1920 1080
20090 1312 0 1920 1080
20091 1312 0 1920 1080
20092 1312 0 1920 1080
20093 1312 0 1920 1080
20094 1312 0 1920 1080
20095 1312 0 1920 1080
20096 1312 0 1920 1080
20097 1312 0 1920 1080
20098 1312 0 1920 1080
20099 1307 0 1915 1080
20100 1292 0 1900 1080
20101 1285 0 1893 1080
20102 1285 0 1893 1080
20103 1288 0 1896 1080
20104 1292 0 1900 1080
20105 1298 0 1906 1080
20106 1303 0 1911 1080
20107 1267 0 1875 1080
20108 1202 0 1810 1080
20109 1125 0 1733 1080
20110 1052 0 1660 1080
20111 995 0 1603 1080
20112 970 0 1578 1080
20113 974 0 1582 1080
20114 1000 0 1608 1080
20115 1037 0 1645 1080
20116 1075 0 1683 1080
20117 1105 0 1713 1080
20118 1169 0 1777 1080
20119 1245 0 1853 1080
20120 1269 0 1877 1080
20121 1245 0 1853 1080
20122 1187 0 1795 1080
20123 1113 0 1721 1080
20124 1038 0 1646 1080
20125 978 0 1586 1080
20126 940 0 1548 1080
20127 926 0 1534 1080
20128 926 0 1534 1080
20129 938 0 1546 1080
20130 960 0 1568 1080
20131 993 0 1601 1080
20132 1027 0 1635 1080
20133 1056 0 1664 1080
20134 1073 0 1681 1080
20135 1082 0 1690 1080
20136 1078 0 1686 1080
20137 1073 0 1681 1080
20138 1068 0 1676 1080
20139 1064 0 1672 1080
20140 1062 0 1670 1080
20141 1071 0 1679 1080
20142 1090 0 1698 1080
20143 1115 0 1723 1080
20144 1154 0 1762 1080
20145 1185 0 1793 1080
20146 1204 0 1812 1080
20147 1217 0 1825 1080
20148 1216 0 1824 1080
20149 1204 0 1812 1080
20150 1186 0 1794 1080
20151 1167 0 1775 1080
20152 1150 0 1758 1080
20153 1140 0 1748 1080
20154 1136 0 1744 1080
20155 1139 0 1747 1080
20156 1146 0 1754 1080
20157 1156 0 1764 1080
20158 1155 0 1763 1080
20159 1158 0 1766 1080
20160 1166 0 1774 1080
20161 1177 0 1785 1080
20162 1187 0 1795 1080
20163 1196 0 1804 1080
20164 1204 0 1812 1080
20165 1208 0 1816 1080
20166 1206 0 1814 1080
20167 1195 0 1803 1080
20168 1172 0 1780 1080
20169 1145 0 1753 1080
20170 1118 0 1726 1080
20171 1094 0 1702 1080
20172 1076 0 1684 1080
20173 1063 0 1671 1080
20174 1056 0 1664 1080
20175 1087 0 1695 1080
20176 1107 0 1715 1080
20177 1114 0 1722 1080
20178 1108 0 1716 1080
20179 1037 0 1645 1080
20180 957 0 1565 1080
20181 877 0 1485 1080
20182 797 0 1405 1080
20183 717 0 1325 1080
20184 639 0 1247 1080
20185 574 0 1182 1080
20186 526 0 1134 1080
20187 496 0 1104 1080
20188 482 0 1090 1080
20189 562 0 1170 1080
20190 612 0 1220 1080
20191 623 0 1231 1080
20192 596 0 1204 1080
20193 538 0 1146 1080
20194 461 0 1069 1080
20195 381 0 989 1080
20196 461 0 1069 1080
20197 495 0 1103 1080
20198 481 0 1089 1080
20199 425 0 1033 1080
20200 345 0 953 1080
20201 265 0 873 1080
20202 191 0 799 1080
20203 148 0 756 1080
20204 139 0 747 1080
20205 149 0 757 1080
20206 177 0 785 1080
20207 220 0 828 1080
20208 276 0 884 1080
20209 338 0 946 1080
20210 395 0 1003 1080
20211 468 0 1076 1080
20212 544 0 1152 1080
20213 609 0 1217 1080
20214 653 0 1261 1080
20215 673 0 1281 1080
20216 669 0 1277 1080
20217 652 0 1260 1080
20218 630 0 1238 1080
20219 610 0 1218 1080
20220 599 0 1207 1080
20221 582 0 1190 1080
20222 578 0 1186 1080
20223 599 0 1207 1080
20224 595 0 1203 1080
20225 610 0 1218 1080
20226 636 0 1244 1080
20227 665 0 1273 1080
20228 705 0 1313 1080
20229 748 0 1356 1080
20230 790 0 1398 1080
20231 825 0 1433 1080
20232 852 0 1460 1080
20233 870 0 1478 1080
20234 880 0 1488 1080
20235 883 0 1491 1080
20236 884 0 1492 1080
20237 884 0 1492 1080
20238 882 0 1490 1080
20239 962 0 1570 1080
20240 1014 0 1622 1080
20241 1036 0 1644 1080
20242 1034 0 1642 1080
20243 1014 0 1622 1080
20244 984 0 1592 1080
20245 958 0 1566 1080
20246 943 0 1551 1080
20247 938 0 1546 1080
20248 952 0 1560 1080
20249 977 0 1585 1080
20250 1013 0 1621 1080
20251 1051 0 1659 1080
20252 1104 0 1712 1080
20253 1149 0 1757 1080
20254 1200 0 1808 1080
20255 1249 0 1857 1080
20256 1293 0 1901 1080
20257 1312 0 1920 1080
20258 1312 0 1920 1080
20259 1312 0 1920 1080
20260 1312 0 1920 1080
20261 1312 0 1920 1080
20262 1312 0 1920 1080
20263 1312 0 1920 1080
20264 1312 0 1920 1080
20265 1312 0 1920 1080
20266 1312 0 1920 1080
20267 1312 0 1920 1080
20268 1312 0 1920 1080
20269 1312 0 1920 1080
20270 1312 0 1920 1080
20271 1312 0 1920 1080
20272 1312 0 1920 1080
20273 1309 0 1917 1080
20274 1229 0 1837 1080
20275 1158 0 1766 1080
20276 1115 0 1723 1080
20277 1101 0 1709 1080
20278 1115 0 1723 1080
20279 1144 0 1752 1080
20280 1224 0 1832 1080
20281 1304 0 1912 1080
20282 1312 0 1920 1080
20283 1312 0 1920 1080
20284 1312 0 1920 1080
20285 1312 0 1920 1080
20286 1312 0 1920 1080
20287 1312 0 1920 1080
20288 1312 0 1920 1080
20289 1312 0 1920 1080
20290 1312 0 1920 1080
20291 1312 0 1920 1080
20292 1312 0 1920 1080
20293 1312 0 1920 1080
20294 1312 0 1920 1080
20295 1312 0 1920 1080
20296 1312 0 1920 1080
20297 1312 0 1920 1080
20298 1312 0 1920 1080
20299 1312 0 1920 1080
20300 1312 0 1920 1080
20301 1312 0 1920 1080
20302 1312 0 1920 1080
20303 1312 0 1920 1080
20304 1312 0 1920 1080
20305 1312 0 1920 1080
20306 1312 0 1920 1080
20307 1312 0 1920 1080
20308 1312 0 1920 1080
20309 1312 0 1920 1080
20310 1312 0 1920 1080
20311 1312 0 1920 1080
20312 1291 0 1899 1080
20313 1212 0 1820 1080
20314 1149 0 1757 1080
20315 1112 0 1720 1080
20316 1103 0 1711 1080
20317 1120 0 1728 1080
20318 1156 0 1764 1080
20319 1201 0 1809 1080
20320 1243 0 1851 1080
20321 1275 0 1883 1080
20322 1293 0 1901 1080
20323 1298 0 1906 1080
20324 1291 0 1899 1080
20325 1276 0 1884 1080
20326 1258 0 1866 1080
20327 1241 0 1849 1080
20328 1227 0 1835 1080
20329 1218 0 1826 1080
20330 1216 0 1824 1080
20331 1219 0 1827 1080
20332 1226 0 1834 1080
20333 1234 0 1842 1080
20334 1242 0 1850 1080
20335 1248 0 1856 1080
20336 1251 0 1859 1080
20337 1250 0 1858 1080
20338 1247 0 1855 1080
20339 1241 0 1849 1080
20340 1234 0 1842 1080
20341 1225 0 1833 1080
20342 1218 0 1826 1080
20343 1213 0 1821 1080
20344 1211 0 1819 1080
20345 1268 0 1876 1080
20346 1312 0 1920 1080
20347 1312 0 1920 1080
20348 1312 0 1920 1080
20349 1312 0 1920 1080
20350 1312 0 1920 1080
20351 1312 0 1920 1080
20352 1312 0 1920 1080
20353 1312 0 1920 1080
20354 1312 0 1920 1080
20355 1312 0 1920 1080
20356 1312 0 1920 1080
20357 1312 0 1920 1080
20358 1312 0 1920 1080
20359 1312 0 1920 1080
20360 1312 0 1920 1080
20361 1312 0 1920 1080
20362 1312 0 1920 1080
20363 1312 0 1920 1080
20364 1312 0 1920 1080
20365 1312 0 1920 1080
20366 1312 0 1920 1080
20367 1312 0 1920 1080
20368 1312 0 1920 1080
20369 1312 0 1920 1080
20370 1312 0 1920 1080
20371 1312 0 1920 1080
20372 1312 0 1920 1080
20373 1312 0 1920 1080
20374 1312 0 1920 1080
20375 1312 0 1920 1080
20376 1312 0 1920 1080
20377 1312 0 1920 1080
20378 1312 0 1920 1080
20379 1312 0 1920 1080
20380 1312 0 1920 1080
20381 1312 0 1920 1080
20382 1312 0 1920 1080
20383 1312 0 1920 1080
20384 1312 0 1920 1080
20385 1312 0 1920 1080
20386 1312 0 1920 1080
20387 1312 0 1920 1080
20388 1312 0 1920 1080
20389 1312 0 1920 1080
20390 1312 0 1920 1080
20391 1312 0 1920 1080
20392 1312 0 1920 1080
20393 1312 0 1920 1080
20394 1312 0 1920 1080
20395 1312 0 1920 1080
20396 1312 0 1920 1080
20397 1312 0 1920 1080
20398 1312 0 1920 1080
20399 1312 0 1920 1080
20400 1312 0 1920 1080
20401 1312 0 1920 1080
20402 1312 0 1920 1080
20403 1312 0 1920 1080
20404 1312 0 1920 1080
20405 1312 0 1920 1080
20406 1312 0 1920 1080
20407 1312 0 1920 1080
20408 1312 0 1920 1080
20409 1312 0 1920 1080
20410 1312 0 1920 1080
20411 1312 0 1920 1080
20412 1312 0 1920 1080
20413 1312 0 1920 1080
20414 1312 0 1920 1080
20415 1312 0 1920 1080
20416 1312 0 1920 1080
20417 1312 0 1920 1080
20418 1312 0 1920 1080
20419 1312 0 1920 1080
20420 1312 0 1920 1080
20421 1312 0 1920 1080
20422 1312 0 1920 1080
20423 1312 0 1920 1080
20424 1312 0 1920 1080
20425 1312 0 1920 1080
20426 1312 0 1920 1080
20427 1312 0 1920 1080
20428 1312 0 1920 1080
20429 1312 0 1920 1080
20430 1312 0 1920 1080
20431 1312 0 1920 1080
20432 1312 0 1920 1080
20433 1312 0 1920 1080
20434 1312 0 1920 1080
20435 1312 0 1920 1080
20436 1312 0 1920 1080
20437 1312 0 1920 1080
20438 1312 0 1920 1080
20439 1312 0 1920 1080
20440 1312 0 1920 1080
20441 1312 0 1920 1080
20442 1312 0 1920 1080
20443 1312 0 1920 1080
20444 1312 0 1920 1080
20445 1312 0 1920 1080
20446 1312 0 1920 1080
20447 1312 0 1920 1080
20448 1312 0 1920 1080
20449 1312 0 1920 1080
20450 1312 0 1920 1080
20451 1312 0 1920 1080
20452 1312 0 1920 1080
20453 1312 0 1920 1080
20454 1312 0 1920 1080
20455 1312 0 1920 1080
20456 1312 0 1920 1080
20457 1312 0 1920 1080
20458 1312 0 1920 1080
20459 1312 0 1920 1080
20460 1312 0 1920 1080
20461 1312 0 1920 1080
20462 1312 0 1920 1080
20463 1312 0 1920 1080
20464 1312 0 1920 1080
20465 1312 0 1920 1080
20466 1312 0 1920 1080
20467 1312 0 1920 1080
20468 1312 0 1920 1080
20469 1296 0 1904 1080
20470 1216 0 1824 1080
20471 1136 0 1744 1080
20472 1056 0 1664 1080
20473 1050 0 1658 1080
20474 1130 0 1738 1080
20475 1210 0 1818 1080
20476 1290 0 1898 1080
20477 1312 0 1920 1080
20478 1312 0 1920 1080
20479 1312 0 1920 1080
20480 1312 0 1920 1080
20481 1312 0 1920 1080
20482 1312 0 1920 1080
20483 1312 0 1920 1080
20484 1312 0 1920 1080
20485 1312 0 1920 1080
20486 1312 0 1920 1080
20487 1312 0 1920 1080
20488 1312 0 1920 1080
20489 1312 0 1920 1080
20490 1312 0 1920 1080
20491 1312 0 1920 1080
20492 1312 0 1920 1080
20493 1312 0 1920 1080
20494 1312 0 1920 1080
20495 1312 0 1920 1080
20496 1312 0 1920 1080
20497 1312 0 1920 1080
20498 1312 0 1920 1080
20499 1312 0 1920 1080
20500 1312 0 1920 1080
20501 1312 0 1920 1080
20502 1312 0 1920 1080
20503 1312 0 1920 1080
20504 1312 0 1920 1080
20505 1312 0 1920 1080
20506 1312 0 1920 1080
20507 1312 0 1920 1080
20508 1312 0 1920 1080
20509 1312 0 1920 1080
20510 1312 0 1920 1080
20511 1312 0 1920 1080
20512 1312 0 1920 1080
20513 1312 0 1920 1080
20514 1312 0 1920 1080
20515 1312 0 1920 1080
20516 1312 0 1920 1080
20517 1312 0 1920 1080
20518 1312 0 1920 1080
20519 1312 0 1920 1080
20520 1312 0 1920 1080
20521 1312 0 1920 1080
20522 1312 0 1920 1080
20523 1312 0 1920 1080
20524 1312 0 1920 1080
20525 1312 0 1920 1080
20526 1312 0 1920 1080
20527 1312 0 1920 1080
20528 1312 0 1920 1080
20529 1312 0 1920 1080
20530 1312 0 1920 1080
20531 1312 0 1920 1080
20532 1312 0 1920 1080
20533 1312 0 1920 1080
20534 1312 0 1920 1080
20535 1312 0 1920 1080
20536 1312 0 1920 1080
20537 1312 0 1920 1080
20538 1312 0 1920 1080
20539 1312 0 1920 1080
20540 1312 0 1920 1080
20541 1312 0 1920 1080
20542 1312 0 1920 1080
20543 1312 0 1920 1080
20544 1312 0 1920 1080
20545 1312 0 1920 1080
20546 1312 0 1920 1080
20547 1312 0 1920 1080
20548 1312 0 1920 1080
20549 1312 0 1920 1080
20550 1312 0 1920 1080
20551 1312 0 1920 1080
20552 1312 0 1920 1080
20553 1312 0 1920 1080
20554 1312 0 1920 1080
20555 1312 0 1920 1080
20556 1312 0 1920 1080
20557 1312 0 1920 1080
20558 1312 0 1920 1080
20559 1312 0 1920 1080
20560 1312 0 1920 1080
20561 1312 0 1920 1080
20562 1308 0 1916 1080
20563 1295 0 1903 1080
20564 1284 0 1892 1080
20565 1280 0 1888 1080
20566 1281 0 1889 1080
20567 1288 0 1896 1080
20568 1298 0 1906 1080
20569 1307 0 1915 1080
20570 1312 0 1920 1080
20571 1312 0 1920 1080
20572 1312 0 1920 1080
20573 1312 0 1920 1080
20574 1312 0 1920 1080
20575 1312 0 1920 1080
20576 1312 0 1920 1080
20577 1312 0 1920 1080
20578 1312 0 1920 1080
20579 1312 0 1920 1080
20580 1312 0 1920 1080
20581 1312 0 1920 1080
20582 1312 0 1920 1080
20583 1312 0 1920 1080
20584 1312 0 1920 1080
20585 1312 0 1920 1080
20586 1312 0 1920 1080
20587 1312 0 1920 1080
20588 1312 0 1920 1080
20589 1312 0 1920 1080
20590 1312 0 1920 1080
20591 1312 0 1920 1080
20592 1312 0 1920 1080
20593 1312 0 1920 1080
20594 1312 0 1920 1080
20595 1312 0 1920 1080
20596 1312 0 1920 1080
20597 1312 0 1920 1080
20598 1312 0 1920 1080
20599 1312 0 1920 1080
20600 1312 0 1920 1080
20601 1312 0 1920 1080
20602 1312 0 1920 1080
20603 1312 0 1920 1080
20604 1312 0 1920 1080
20605 1312 0 1920 1080
20606 1312 0 1920 1080
20607 1312 0 1920 1080
20608 1312 0 1920 1080
20609 1312 0 1920 1080
20610 1312 0 1920 1080
20611 1312 0 1920 1080
20612 1312 0 1920 1080
20613 1312 0 1920 1080
20614 1312 0 1920 1080
20615 1312 0 1920 1080
20616 1312 0 1920 1080
20617 1312 0 1920 1080
20618 1312 0 1920 1080
20619 1312 0 1920 1080
20620 1306 0 1914 1080
20621 1296 0 1904 1080
20622 1287 0 1895 1080
20623 1279 0 1887 1080
20624 1271 0 1879 1080
20625 1261 0 1869 1080
20626 1250 0 1858 1080
20627 1235 0 1843 1080
20628 1217 0 1825 1080
20629 1199 0 1807 1080
20630 1184 0 1792 1080
20631 1173 0 1781 1080
20632 1102 0 1710 1080
20633 1022 0 1630 1080
20634 942 0 1550 1080
20635 862 0 1470 1080
20636 799 0 1407 1080
20637 756 0 1364 1080
20638 737 0 1345 1080
20639 740 0 1348 1080
20640 720 0 1328 1080
20641 684 0 1292 1080
20642 643 0 1251 1080
20643 606 0 1214 1080
20644 584 0 1192 1080
20645 578 0 1186 1080
20646 590 0 1198 1080
20647 615 0 1223 1080
20648 648 0 1256 1080
20649 682 0 1290 1080
20650 713 0 1321 1080
20651 736 0 1344 1080
20652 750 0 1358 1080
20653 756 0 1364 1080
20654 755 0 1363 1080
20655 752 0 1360 1080
20656 747 0 1355 1080
20657 746 0 1354 1080
20658 750 0 1358 1080
20659 759 0 1367 1080
20660 773 0 1381 1080
20661 790 0 1398 1080
20662 806 0 1414 1080
20663 821 0 1429 1080
20664 831 0 1439 1080
20665 836 0 1444 1080
20666 837 0 1445 1080
20667 835 0 1443 1080
20668 831 0 1439 1080
20669 814 0 1422 1080
20670 734 0 1342 1080
20671 676 0 1284 1080
20672 648 0 1256 1080
20673 650 0 1258 1080
20674 675 0 1283 1080
20675 716 0 1324 1080
20676 760 0 1368 1080
20677 694 0 1302 1080
20678 659 0 1267 1080
20679 655 0 1263 1080
20680 679 0 1287 1080
20681 720 0 1328 1080
20682 767 0 1375 1080
20683 810 0 1418 1080
20684 735 0 1343 1080
20685 655 0 1263 1080
20686 575 0 1183 1080
20687 495 0 1103 1080
20688 415 0 1023 1080
20689 335 0 943 1080
20690 258 0 866 1080
20691 200 0 808 1080
20692 168 0 776 1080
20693 164 0 772 1080
20694 182 0 790 1080
20695 262 0 870 1080
20696 329 0 937 1080
20697 370 0 978 1080
20698 384 0 992 1080
20699 372 0 980 1080
20700 343 0 951 1080
20701 273 0 881 1080
20702 193 0 801 1080
20703 113 0 721 1080
20704 33 0 641 1080
20705 0 0 608 1080
20706 0 0 608 1080
20707 0 0 608 1080
20708 0 0 608 1080
20709 0 0 608 1080
20710 0 0 608 1080
20711 0 0 608 1080
20712 0 0 608 1080
20713 0 0 608 1080
20714 57 0 665 1080
20715 137 0 745 1080
20716 217 0 825 1080
20717 297 0 905 1080
20718 377 0 985 1080
20719 457 0 1065 1080
20720 537 0 1145 1080
20721 617 0 1225 1080
20722 686 0 1294 1080
20723 727 0 1335 1080
20724 732 0 1340 1080
20725 706 0 1314 1080
20726 654 0 1262 1080
20727 590 0 1198 1080
20728 529 0 1137 1080
20729 475 0 1083 1080
20730 435 0 1043 1080
20731 414 0 1022 1080
20732 408 0 1016 1080
20733 415 0 1023 1080
20734 429 0 1037 1080
20735 446 0 1054 1080
20736 462 0 1070 1080
20737 472 0 1080 1080
20738 475 0 1083 1080
20739 470 0 1078 1080
20740 457 0 1065 1080
20741 438 0 1046 1080
20742 416 0 1024 1080
20743 395 0 1003 1080
20744 377 0 985 1080
20745 365 0 973 1080
20746 362 0 970 1080
20747 364 0 972 1080
20748 372 0 980 1080
20749 381 0 989 1080
20750 388 0 996 1080
20751 387 0 995 1080
20752 377 0 985 1080
20753 354 0 962 1080
20754 322 0 930 1080
20755 286 0 894 1080
20756 242 0 850 1080
20757 191 0 799 1080
20758 160 0 768 1080
20759 151 0 759 1080
20760 160 0 768 1080
20761 180 0 788 1080
20762 202 0 810 1080
20763 210 0 818 1080
20764 204 0 812 1080
20765 188 0 796 1080
20766 168 0 776 1080
20767 147 0 755 1080
20768 129 0 737 1080
20769 115 0 723 1080
20770 105 0 713 1080
20771 99 0 707 1080
20772 96 0 704 1080
20773 93 0 701 1080
20774 92 0 700 1080
20775 90 0 698 1080
20776 85 0 693 1080
20777 80 0 688 1080
20778 76 0 684 1080
20779 72 0 680 1080
20780 68 0 676 1080
20781 64 0 672 1080
20782 85 0 693 1080
20783 122 0 730 1080
20784 165 0 773 1080
20785 205 0 813 1080
20786 241 0 849 1080
20787 266 0 874 1080
20788 277 0 885 1080
20789 275 0 883 1080
20790 258 0 866 1080
20791 232 0 840 1080
20792 205 0 813 1080
20793 180 0 788 1080
20794 161 0 769 1080
20795 164 0 772 1080
20796 184 0 792 1080
20797 214 0 822 1080
20798 247 0 855 1080
20799 275 0 883 1080
20800 294 0 902 1080
20801 303 0 911 1080
20802 303 0 911 1080
20803 297 0 905 1080
20804 288 0 896 1080
20805 280 0 888 1080
20806 274 0 882 1080
20807 273 0 881 1080
20808 275 0 883 1080
20809 281 0 889 1080
20810 271 0 879 1080
20811 265 0 873 1080
20812 205 0 813 1080
20813 159 0 767 1080
20814 135 0 743 1080
20815 149 0 757 1080
20816 192 0 800 1080
20817 254 0 862 1080
20818 321 0 929 1080
20819 381 0 989 1080
20820 428 0 1036 1080
20821 457 0 1065 1080
20822 471 0 1079 1080
20823 475 0 1083 1080
20824 473 0 1081 1080
20825 481 0 1089 1080
20826 561 0 1169 1080
20827 641 0 1249 1080
20828 721 0 1329 1080
20829 801 0 1409 1080
20830 881 0 1489 1080
20831 961 0 1569 1080
20832 1041 0 1649 1080
20833 1121 0 1729 1080
20834 1201 0 1809 1080
20835 1281 0 1889 1080
20836 1312 0 1920 1080
20837 1312 0 1920 1080
20838 1312 0 1920 1080
20839 1281 0 1889 1080
20840 1201 0 1809 1080
20841 1121 0 1729 1080
20842 1041 0 1649 1080
20843 961 0 1569 1080
20844 881 0 1489 1080
20845 872 0 1480 1080
20846 792 0 1400 1080
20847 712 0 1320 1080
20848 632 0 1240 1080
20849 552 0 1160 1080
20850 472 0 1080 1080
20851 392 0 1000 1080
20852 312 0 920 1080
20853 246 0 854 1080
20854 177 0 785 1080
20855 122 0 730 1080
20856 90 0 698 1080
20857 170 0 778 1080
20858 236 0 844 1080
20859 283 0 891 1080
20860 308 0 916 1080
20861 310 0 918 1080
20862 295 0 903 1080
20863 269 0 877 1080
20864 239 0 847 1080
20865 211 0 819 1080
20866 192 0 800 1080
20867 136 0 744 1080
20868 62 0 670 1080
20869 0 0 608 1080
20870 0 0 608 1080
20871 0 0 608 1080
20872 0 0 608 1080
20873 0 0 608 1080
20874 0 0 608 1080
20875 66 0 674 1080
20876 146 0 754 1080
20877 226 0 834 1080
20878 306 0 914 1080
20879 386 0 994 1080
20880 466 0 1074 1080
20881 544 0 1152 1080
20882 613 0 1221 1080
20883 660 0 1268 1080
20884 662 0 1270 1080
20885 644 0 1252 1080
20886 611 0 1219 1080
20887 575 0 1183 1080
20888 495 0 1103 1080
20889 415 0 1023 1080
20890 335 0 943 1080
20891 255 0 863 1080
20892 175 0 783 1080
20893 255 0 863 1080
20894 263 0 871 1080
20895 210 0 818 1080
20896 130 0 738 1080
20897 50 0 658 1080
20898 0 0 608 1080
20899 0 0 608 1080
20900 0 0 608 1080
20901 43 0 651 1080
20902 73 0 681 1080
20903 73 0 681 1080
20904 48 0 656 1080
20905 9 0 617 1080
20906 0 0 608 1080
20907 46 0 654 1080
20908 89 0 697 1080
20909 95 0 703 1080
20910 68 0 676 1080
20911 21 0 629 1080
20912 0 0 608 1080
20913 0 0 608 1080
20914 0 0 608 1080
20915 47 0 655 1080
20916 64 0 672 1080
20917 50 0 658 1080
20918 13 0 621 1080
20919 0 0 608 1080
20920 0 0 608 1080
20921 0 0 608 1080
20922 46 0 654 1080
20923 58 0 666 1080
20924 38 0 646 1080
20925 0 0 608 1080
20926 0 0 608 1080
20927 0 0 608 1080
20928 0 0 608 1080
20929 26 0 634 1080
20930 40 0 648 1080
20931 34 0 642 1080
20932 14 0 622 1080
20933 0 0 608 1080
20934 0 0 608 1080
20935 0 0 608 1080
20936 0 0 608 1080
20937 0 0 608 1080
20938 0 0 608 1080
20939 0 0 608 1080
20940 0 0 608 1080
20941 0 0 608 1080
20942 0 0 608 1080
20943 0 0 608 1080
20944 0 0 608 1080
20945 0 0 608 1080
20946 0 0 608 1080
20947 0 0 608 1080
20948 0 0 608 1080
20949 0 0 608 1080
20950 0 0 608 1080
20951 0 0 608 1080
20952 0 0 608 1080
20953 11 0 619 1080
20954 24 0 632 1080
20955 32 0 640 1080
20956 34 0 642 1080
20957 32 0 640 1080
20958 28 0 636 1080
20959 22 0 630 1080
20960 17 0 625 1080
20961 16 0 624 1080
20962 22 0 630 1080
20963 33 0 641 1080
20964 45 0 653 1080
20965 55 0 663 1080
20966 59 0 667 1080
20967 56 0 664 1080
20968 51 0 659 1080
20969 44 0 652 1080
20970 36 0 644 1080
20971 31 0 639 1080
20972 31 0 639 1080
20973 34 0 642 1080
20974 39 0 647 1080
20975 42 0 650 1080
20976 44 0 652 1080
20977 43 0 651 1080
20978 42 0 650 1080
20979 38 0 646 1080
20980 36 0 644 1080
20981 36 0 644 1080
20982 42 0 650 1080
20983 51 0 659 1080
20984 61 0 669 1080
20985 69 0 677 1080
20986 74 0 682 1080
20987 75 0 683 1080
20988 72 0 680 1080
20989 70 0 678 1080
20990 70 0 678 1080
20991 72 0 680 1080
20992 73 0 681 1080
20993 72 0 680 1080
20994 70 0 678 1080
20995 66 0 674 1080
20996 63 0 671 1080
20997 61 0 669 1080
20998 61 0 669 1080
20999 62 0 670 1080
21000 63 0 671 1080
21001 65 0 673 1080
21002 71 0 679 1080
21003 80 0 688 1080
21004 92 0 700 1080
21005 104 0 712 1080
21006 116 0 724 1080
21007 125 0 733 1080
21008 132 0 740 1080
21009 134 0 742 1080
21010 132 0 740 1080
21011 125 0 733 1080
21012 116 0 724 1080
21013 106 0 714 1080
21014 96 0 704 1080
21015 91 0 699 1080
21016 91 0 699 1080
21017 99 0 707 1080
21018 111 0 719 1080
21019 124 0 732 1080
21020 137 0 745 1080
21021 146 0 754 1080
21022 151 0 759 1080
21023 152 0 760 1080
21024 152 0 760 1080
21025 150 0 758 1080
21026 149 0 757 1080
21027 148 0 756 1080
21028 147 0 755 1080
21029 147 0 755 1080
21030 148 0 756 1080
21031 148 0 756 1080
21032 153 0 761 1080
21033 157 0 765 1080
21034 161 0 769 1080
21035 165 0 773 1080
21036 169 0 777 1080
21037 172 0 780 1080
21038 175 0 783 1080
21039 182 0 790 1080
21040 189 0 797 1080
21041 195 0 803 1080
21042 200 0 808 1080
21043 203 0 811 1080
21044 204 0 812 1080
21045 202 0 810 1080
21046 203 0 811 1080
21047 201 0 809 1080
21048 197 0 805 1080
21049 192 0 800 1080
21050 188 0 796 1080
21051 184 0 792 1080
21052 181 0 789 1080
21053 184 0 792 1080
21054 192 0 800 1080
21055 201 0 809 1080
21056 211 0 819 1080
21057 216 0 824 1080
21058 245 0 853 1080
21059 286 0 894 1080
21060 326 0 934 1080
21061 360 0 968 1080
21062 380 0 988 1080
21063 384 0 992 1080
21064 375 0 983 1080
21065 357 0 965 1080
21066 308 0 916 1080
21067 247 0 855 1080
21068 192 0 800 1080
21069 154 0 762 1080
21070 139 0 747 1080
21071 151 0 759 1080
21072 185 0 793 1080
21073 233 0 841 1080
21074 284 0 892 1080
21075 331 0 939 1080
21076 368 0 976 1080
21077 393 0 1001 1080
21078 405 0 1013 1080
21079 408 0 1016 1080
21080 452 0 1060 1080
21081 525 0 1133 1080
21082 605 0 1213 1080
21083 685 0 1293 1080
21084 758 0 1366 1080
21085 818 0 1426 1080
21086 859 0 1467 1080
21087 884 0 1492 1080
21088 896 0 1504 1080
21089 901 0 1509 1080
21090 906 0 1514 1080
21091 915 0 1523 1080
21092 931 0 1539 1080
21093 955 0 1563 1080
21094 987 0 1595 1080
21095 1024 0 1632 1080
21096 1063 0 1671 1080
21097 1102 0 1710 1080
21098 1137 0 1745 1080
21099 1169 0 1777 1080
21100 1197 0 1805 1080
21101 1222 0 1830 1080
21102 1245 0 1853 1080
21103 1247 0 1855 1080
21104 1229 0 1837 1080
21105 1200 0 1808 1080
21106 1166 0 1774 1080
21107 1134 0 1742 1080
21108 1111 0 1719 1080
21109 1098 0 1706 1080
21110 1086 0 1694 1080
21111 1078 0 1686 1080
21112 1074 0 1682 1080
21113 1071 0 1679 1080
21114 1069 0 1677 1080
21115 1068 0 1676 1080
21116 1068 0 1676 1080
21117 1069 0 1677 1080
21118 1070 0 1678 1080
21119 1071 0 1679 1080
21120 1071 0 1679 1080
21121 1071 0 1679 1080
21122 1070 0 1678 1080
21123 1067 0 1675 1080
21124 1063 0 1671 1080
21125 1059 0 1667 1080
21126 1060 0 1668 1080
21127 1067 0 1675 1080
21128 1074 0 1682 1080
21129 1080 0 1688 1080
21130 1082 0 1690 1080
21131 1081 0 1689 1080
21132 1115 0 1723 1080
21133 1131 0 1739 1080
21134 1129 0 1737 1080
21135 1152 0 1760 1080
21136 1190 0 1798 1080
21137 1232 0 1840 1080
21138 1270 0 1878 1080
21139 1297 0 1905 1080
21140 1310 0 1918 1080
21141 1274 0 1882 1080
21142 1205 0 1813 1080
21143 1156 0 1764 1080
21144 1134 0 1742 1080
21145 1138 0 1746 1080
21146 1163 0 1771 1080
21147 1199 0 1807 1080
21148 1237 0 1845 1080
21149 1269 0 1877 1080
21150 1289 0 1897 1080
21151 1294 0 1902 1080
21152 1286 0 1894 1080
21153 1269 0 1877 1080
21154 1264 0 1872 1080
21155 1270 0 1878 1080
21156 1293 0 1901 1080
21157 1312 0 1920 1080
21158 1312 0 1920 1080
21159 1312 0 1920 1080
21160 1312 0 1920 1080
21161 1312 0 1920 1080
21162 1312 0 1920 1080
21163 1312 0 1920 1080
21164 1287 0 1895 1080
21165 1253 0 1861 1080
21166 1239 0 1847 1080
21167 1236 0 1844 1080
21168 1255 0 1863 1080
21169 1289 0 1897 1080
21170 1312 0 1920 1080
21171 1312 0 1920 1080
21172 1312 0 1920 1080
21173 1312 0 1920 1080
21174 1294 0 1902 1080
21175 1299 0 1907 1080
21176 1312 0 1920 1080
21177 1312 0 1920 1080
21178 1312 0 1920 1080
21179 1312 0 1920 1080
21180 1312 0 1920 1080
21181 1312 0 1920 1080
21182 1312 0 1920 1080
21183 1312 0 1920 1080
21184 1312 0 1920 1080
21185 1287 0 1895 1080
21186 1272 0 1880 1080
21187 1276 0 1884 1080
21188 1293 0 1901 1080
21189 1312 0 1920 1080
21190 1312 0 1920 1080
21191 1312 0 1920 1080
21192 1312 0 1920 1080
21193 1312 0 1920 1080
21194 1312 0 1920 1080
21195 1312 0 1920 1080
21196 1312 0 1920 1080
21197 1312 0 1920 1080
21198 1312 0 1920 1080
21199 1308 0 1916 1080
21200 1278 0 1886 1080
21201 1239 0 1847 1080
21202 1202 0 1810 1080
21203 1202 0 1810 1080
21204 1203 0 1811 1080
21205 1232 0 1840 1080
21206 1262 0 1870 1080
21207 1303 0 1911 1080
21208 1312 0 1920 1080
21209 1312 0 1920 1080
21210 1312 0 1920 1080
21211 1312 0 1920 1080
21212 1291 0 1899 1080
21213 1211 0 1819 1080
21214 1174 0 1782 1080
21215 1186 0 1794 1080
21216 1237 0 1845 1080
21217 1224 0 1832 1080
21218 1253 0 1861 1080
21219 1221 0 1829 1080
21220 1147 0 1755 1080
21221 1067 0 1675 1080
21222 987 0 1595 1080
21223 907 0 1515 1080
21224 827 0 1435 1080
21225 757 0 1365 1080
21226 714 0 1322 1080
21227 702 0 1310 1080
21228 717 0 1325 1080
21229 755 0 1363 1080
21230 802 0 1410 1080
21231 848 0 1456 1080
21232 885 0 1493 1080
21233 910 0 1518 1080
21234 921 0 1529 1080
21235 919 0 1527 1080
21236 906 0 1514 1080
21237 888 0 1496 1080
21238 870 0 1478 1080
21239 852 0 1460 1080
21240 838 0 1446 1080
21241 827 0 1435 1080
21242 821 0 1429 1080
21243 823 0 1431 1080
21244 831 0 1439 1080
21245 841 0 1449 1080
21246 850 0 1458 1080
21247 858 0 1466 1080
21248 861 0 1469 1080
21249 857 0 1465 1080
21250 846 0 1454 1080
21251 828 0 1436 1080
21252 809 0 1417 1080
21253 793 0 1401 1080
21254 784 0 1392 1080
21255 783 0 1391 1080
21256 789 0 1397 1080
21257 799 0 1407 1080
21258 808 0 1416 1080
21259 813 0 1421 1080
21260 812 0 1420 1080
21261 806 0 1414 1080
21262 795 0 1403 1080
21263 785 0 1393 1080
21264 777 0 1385 1080
21265 772 0 1380 1080
21266 774 0 1382 1080
21267 779 0 1387 1080
21268 785 0 1393 1080
21269 788 0 1396 1080
21270 787 0 1395 1080
21271 781 0 1389 1080
21272 771 0 1379 1080
21273 761 0 1369 1080
21274 753 0 1361 1080
21275 750 0 1358 1080
21276 752 0 1360 1080
21277 757 0 1365 1080
21278 764 0 1372 1080
21279 770 0 1378 1080
21280 774 0 1382 1080
21281 773 0 1381 1080
21282 768 0 1376 1080
21283 759 0 1367 1080
21284 749 0 1357 1080
21285 740 0 1348 1080
21286 733 0 1341 1080
21287 730 0 1338 1080
21288 730 0 1338 1080
21289 732 0 1340 1080
21290 738 0 1346 1080
21291 744 0 1352 1080
21292 751 0 1359 1080
21293 756 0 1364 1080
21294 760 0 1368 1080
21295 764 0 1372 1080
21296 766 0 1374 1080
21297 768 0 1376 1080
21298 769 0 1377 1080
21299 766 0 1374 1080
21300 760 0 1368 1080
21301 753 0 1361 1080
21302 747 0 1355 1080
21303 743 0 1351 1080
21304 742 0 1350 1080
21305 743 0 1351 1080
21306 746 0 1354 1080
21307 750 0 1358 1080
21308 752 0 1360 1080
21309 753 0 1361 1080
21310 753 0 1361 1080
21311 753 0 1361 1080
21312 750 0 1358 1080
21313 744 0 1352 1080
21314 734 0 1342 1080
21315 720 0 1328 1080
21316 707 0 1315 1080
21317 696 0 1304 1080
21318 690 0 1298 1080
21319 688 0 1296 1080
21320 689 0 1297 1080
21321 694 0 1302 1080
21322 701 0 1309 1080
21323 708 0 1316 1080
21324 713 0 1321 1080
21325 715 0 1323 1080
21326 715 0 1323 1080
21327 714 0 1322 1080
21328 714 0 1322 1080
21329 714 0 1322 1080
21330 715 0 1323 1080
21331 720 0 1328 1080
21332 727 0 1335 1080
21333 736 0 1344 1080
21334 745 0 1353 1080
21335 753 0 1361 1080
21336 759 0 1367 1080
21337 762 0 1370 1080
21338 762 0 1370 1080
21339 761 0 1369 1080
21340 759 0 1367 1080
21341 759 0 1367 1080
21342 764 0 1372 1080
21343 777 0 1385 1080
21344 819 0 1427 1080
21345 876 0 1484 1080
21346 934 0 1542 1080
21347 983 0 1591 1080
21348 1017 0 1625 1080
21349 1037 0 1645 1080
21350 1082 0 1690 1080
21351 1141 0 1749 1080
21352 1204 0 1812 1080
21353 1259 0 1867 1080
21354 1299 0 1907 1080
21355 1312 0 1920 1080
21356 1312 0 1920 1080
21357 1306 0 1914 1080
21358 1283 0 1891 1080
21359 1258 0 1866 1080
21360 1237 0 1845 1080
21361 1223 0 1831 1080
21362 1218 0 1826 1080
21363 1222 0 1830 1080
21364 1232 0 1840 1080
21365 1245 0 1853 1080
21366 1258 0 1866 1080
21367 1269 0 1877 1080
21368 1277 0 1885 1080
21369 1280 0 1888 1080
21370 1280 0 1888 1080
21371 1277 0 1885 1080
21372 1273 0 1881 1080
21373 1270 0 1878 1080
21374 1267 0 1875 1080
21375 1265 0 1873 1080
21376 1264 0 1872 1080
21377 1265 0 1873 1080
21378 1267 0 1875 1080
21379 1270 0 1878 1080
21380 1272 0 1880 1080
21381 1274 0 1882 1080
21382 1275 0 1883 1080
21383 1276 0 1884 1080
21384 1277 0 1885 1080
21385 1276 0 1884 1080
21386 1275 0 1883 1080
21387 1273 0 1881 1080
21388 1272 0 1880 1080
21389 1272 0 1880 1080
21390 1272 0 1880 1080
21391 1273 0 1881 1080
21392 1274 0 1882 1080
21393 1275 0 1883 1080
21394 1277 0 1885 1080
21395 1278 0 1886 1080
21396 1279 0 1887 1080
21397 1279 0 1887 1080
21398 1280 0 1888 1080
21399 1280 0 1888 1080
21400 1277 0 1885 1080
21401 1273 0 1881 1080
21402 1269 0 1877 1080
21403 1263 0 1871 1080
21404 1256 0 1864 1080
21405 1251 0 1859 1080
21406 1246 0 1854 1080
21407 1242 0 1850 1080
21408 1240 0 1848 1080
21409 1238 0 1846 1080
21410 1237 0 1845 1080
21411 1237 0 1845 1080
21412 1235 0 1843 1080
21413 1233 0 1841 1080
21414 1230 0 1838 1080
21415 1226 0 1834 1080
21416 1221 0 1829 1080
21417 1215 0 1823 1080
21418 1208 0 1816 1080
21419 1201 0 1809 1080
21420 1194 0 1802 1080
21421 1189 0 1797 1080
21422 1186 0 1794 1080
21423 1183 0 1791 1080
21424 1183 0 1791 1080
21425 1184 0 1792 1080
21426 1186 0 1794 1080
21427 1189 0 1797 1080
21428 1191 0 1799 1080
21429 1192 0 1800 1080
21430 1186 0 1794 1080
21431 1181 0 1789 1080
21432 1178 0 1786 1080
21433 1177 0 1785 1080
21434 1178 0 1786 1080
21435 1196 0 1804 1080
21436 1222 0 1830 1080
21437 1202 0 1810 1080
21438 1198 0 1806 1080
21439 1209 0 1817 1080
21440 1229 0 1837 1080
21441 1253 0 1861 1080
21442 1276 0 1884 1080
21443 1293 0 1901 1080
21444 1213 0 1821 1080
21445 1161 0 1769 1080
21446 1143 0 1751 1080
21447 1155 0 1763 1080
21448 1190 0 1798 1080
21449 1236 0 1844 1080
21450 1281 0 1889 1080
21451 1201 0 1809 1080
21452 1154 0 1762 1080
21453 1143 0 1751 1080
21454 1163 0 1771 1080
21455 1204 0 1812 1080
21456 1254 0 1862 1080
21457 1302 0 1910 1080
21458 1222 0 1830 1080
21459 1173 0 1781 1080
21460 1158 0 1766 1080
21461 1174 0 1782 1080
21462 1212 0 1820 1080
21463 1261 0 1869 1080
21464 1308 0 1916 1080
21465 1228 0 1836 1080
21466 1179 0 1787 1080
21467 1166 0 1774 1080
21468 1184 0 1792 1080
21469 1224 0 1832 1080
21470 1273 0 1881 1080
21471 1312 0 1920 1080
21472 1240 0 1848 1080
21473 1191 0 1799 1080
21474 1177 0 1785 1080
21475 1195 0 1803 1080
21476 1169 0 1777 1080
21477 1114 0 1722 1080
21478 1049 0 1657 1080
21479 989 0 1597 1080
21480 947 0 1555 1080
21481 928 0 1536 1080
21482 933 0 1541 1080
21483 957 0 1565 1080
21484 992 0 1600 1080
21485 1033 0 1641 1080
21486 1069 0 1677 1080
21487 1095 0 1703 1080
21488 1107 0 1715 1080
21489 1105 0 1713 1080
21490 1094 0 1702 1080
21491 1079 0 1687 1080
21492 1064 0 1672 1080
21493 1051 0 1659 1080
21494 1045 0 1653 1080
21495 1045 0 1653 1080
21496 1052 0 1660 1080
21497 1064 0 1672 1080
21498 1078 0 1686 1080
21499 1092 0 1700 1080
21500 1103 0 1711 1080
21501 1108 0 1716 1080
21502 1108 0 1716 1080
21503 1102 0 1710 1080
21504 1095 0 1703 1080
21505 1087 0 1695 1080
21506 1081 0 1689 1080
21507 1076 0 1684 1080
21508 1074 0 1682 1080
21509 1074 0 1682 1080
21510 1075 0 1683 1080
21511 1076 0 1684 1080
21512 1072 0 1680 1080
21513 1064 0 1672 1080
21514 1041 0 1649 1080
21515 1019 0 1627 1080
21516 998 0 1606 1080
21517 963 0 1571 1080
21518 920 0 1528 1080
21519 873 0 1481 1080
21520 828 0 1436 1080
21521 789 0 1397 1080
21522 757 0 1365 1080
21523 733 0 1341 1080
21524 715 0 1323 1080
21525 701 0 1309 1080
21526 687 0 1295 1080
21527 672 0 1280 1080
21528 653 0 1261 1080
21529 630 0 1238 1080
21530 605 0 1213 1080
21531 576 0 1184 1080
21532 546 0 1154 1080
21533 516 0 1124 1080
21534 488 0 1096 1080
21535 460 0 1068 1080
21536 435 0 1043 1080
21537 410 0 1018 1080
21538 387 0 995 1080
21539 364 0 972 1080
21540 341 0 949 1080
21541 318 0 926 1080
21542 294 0 902 1080
21543 269 0 877 1080
21544 210 0 818 1080
21545 134 0 742 1080
21546 59 0 667 1080
21547 37 0 645 1080
21548 65 0 673 1080
21549 130 0 738 1080
21550 210 0 818 1080
21551 290 0 898 1080
21552 361 0 969 1080
21553 414 0 1022 1080
21554 387 0 995 1080
21555 364 0 972 1080
21556 350 0 958 1080
21557 350 0 958 1080
21558 364 0 972 1080
21559 389 0 997 1080
21560 422 0 1030 1080
21561 457 0 1065 1080
21562 498 0 1106 1080
21563 538 0 1146 1080
21564 570 0 1178 1080
21565 591 0 1199 1080
21566 593 0 1201 1080
21567 588 0 1196 1080
21568 577 0 1185 1080
21569 564 0 1172 1080
21570 555 0 1163 1080
21571 551 0 1159 1080
21572 553 0 1161 1080
21573 559 0 1167 1080
21574 569 0 1177 1080
21575 579 0 1187 1080
21576 588 0 1196 1080
21577 595 0 1203 1080
21578 597 0 1205 1080
21579 597 0 1205 1080
21580 592 0 1200 1080
21581 583 0 1191 1080
21582 576 0 1184 1080
21583 574 0 1182 1080
21584 574 0 1182 1080
21585 574 0 1182 1080
21586 567 0 1175 1080
21587 549 0 1157 1080
21588 533 0 1141 1080
21589 521 0 1129 1080
21590 515 0 1123 1080
21591 516 0 1124 1080
21592 509 0 1117 1080
21593 498 0 1106 1080
21594 487 0 1095 1080
21595 480 0 1088 1080
21596 478 0 1086 1080
21597 481 0 1089 1080
21598 492 0 1100 1080
21599 509 0 1117 1080
21600 530 0 1138 1080
21601 553 0 1161 1080
21602 574 0 1182 1080
21603 589 0 1197 1080
21604 597 0 1205 1080
21605 597 0 1205 1080
21606 592 0 1200 1080
21607 586 0 1194 1080
21608 581 0 1189 1080
21609 555 0 1163 1080
21610 517 0 1125 1080
21611 479 0 1087 1080
21612 449 0 1057 1080
21613 429 0 1037 1080
21614 451 0 1059 1080
21615 500 0 1108 1080
21616 561 0 1169 1080
21617 596 0 1204 1080
21618 606 0 1214 1080
21619 592 0 1200 1080
21620 559 0 1167 1080
21621 517 0 1125 1080
21622 491 0 1099 1080
21623 490 0 1098 1080
21624 566 0 1174 1080
21625 646 0 1254 1080
21626 726 0 1334 1080
21627 806 0 1414 1080
21628 880 0 1488 1080
21629 931 0 1539 1080
21630 951 0 1559 1080
21631 947 0 1555 1080
21632 916 0 1524 1080
21633 866 0 1474 1080
21634 807 0 1415 1080
21635 750 0 1358 1080
21636 703 0 1311 1080
21637 673 0 1281 1080
21638 664 0 1272 1080
21639 673 0 1281 1080
21640 696 0 1304 1080
21641 720 0 1328 1080
21642 737 0 1345 1080
21643 747 0 1355 1080
21644 748 0 1356 1080
21645 742 0 1350 1080
21646 732 0 1340 1080
21647 735 0 1343 1080
21648 746 0 1354 1080
21649 761 0 1369 1080
21650 774 0 1382 1080
21651 783 0 1391 1080
21652 787 0 1395 1080
21653 785 0 1393 1080
21654 778 0 1386 1080
21655 767 0 1375 1080
21656 755 0 1363 1080
21657 742 0 1350 1080
21658 730 0 1338 1080
21659 720 0 1328 1080
21660 715 0 1323 1080
21661 710 0 1318 1080
21662 705 0 1313 1080
21663 700 0 1308 1080
21664 695 0 1303 1080
21665 690 0 1298 1080
21666 685 0 1293 1080
21667 681 0 1289 1080
21668 677 0 1285 1080
21669 675 0 1283 1080
21670 670 0 1278 1080
21671 665 0 1273 1080
21672 641 0 1249 1080
21673 608 0 1216 1080
21674 576 0 1184 1080
21675 551 0 1159 1080
21676 538 0 1146 1080
21677 543 0 1151 1080
21678 561 0 1169 1080
21679 563 0 1171 1080
21680 554 0 1162 1080
21681 545 0 1153 1080
21682 542 0 1150 1080
21683 543 0 1151 1080
21684 538 0 1146 1080
21685 522 0 1130 1080
21686 505 0 1113 1080
21687 495 0 1103 1080
21688 497 0 1105 1080
21689 510 0 1118 1080
21690 551 0 1159 1080
21691 588 0 1196 1080
21692 633 0 1241 1080
21693 676 0 1284 1080
21694 709 0 1317 1080
21695 727 0 1335 1080
21696 727 0 1335 1080
21697 725 0 1333 1080
21698 706 0 1314 1080
21699 691 0 1299 1080
21700 684 0 1292 1080
21701 684 0 1292 1080
21702 690 0 1298 1080
21703 692 0 1300 1080
21704 686 0 1294 1080
21705 766 0 1374 1080
21706 808 0 1416 1080
21707 812 0 1420 1080
21708 784 0 1392 1080
21709 749 0 1357 1080
21710 705 0 1313 1080
21711 663 0 1271 1080
21712 633 0 1241 1080
21713 619 0 1227 1080
21714 625 0 1233 1080
21715 646 0 1254 1080
21716 676 0 1284 1080
21717 710 0 1318 1080
21718 742 0 1350 1080
21719 767 0 1375 1080
21720 784 0 1392 1080
21721 791 0 1399 1080
21722 791 0 1399 1080
21723 786 0 1394 1080
21724 813 0 1421 1080
21725 865 0 1473 1080
21726 929 0 1537 1080
21727 995 0 1603 1080
21728 1052 0 1660 1080
21729 1095 0 1703 1080
21730 1122 0 1730 1080
21731 1133 0 1741 1080
21732 1132 0 1740 1080
21733 1124 0 1732 1080
21734 1113 0 1721 1080
21735 1099 0 1707 1080
21736 1086 0 1694 1080
21737 1073 0 1681 1080
21738 1062 0 1670 1080
21739 1054 0 1662 1080
21740 1047 0 1655 1080
21741 1041 0 1649 1080
21742 1036 0 1644 1080
21743 1031 0 1639 1080
21744 1027 0 1635 1080
21745 1027 0 1635 1080
21746 1030 0 1638 1080
21747 1039 0 1647 1080
21748 1047 0 1655 1080
21749 1054 0 1662 1080
21750 1059 0 1667 1080
21751 1060 0 1668 1080
21752 1072 0 1680 1080
21753 1096 0 1704 1080
21754 1126 0 1734 1080
21755 1158 0 1766 1080
21756 1186 0 1794 1080
21757 1206 0 1814 1080
21758 1216 0 1824 1080
21759 1217 0 1825 1080
21760 1209 0 1817 1080
21761 1197 0 1805 1080
21762 1186 0 1794 1080
21763 1178 0 1786 1080
21764 1175 0 1783 1080
21765 1181 0 1789 1080
21766 1193 0 1801 1080
21767 1209 0 1817 1080
21768 1225 0 1833 1080
21769 1239 0 1847 1080
21770 1249 0 1857 1080
21771 1255 0 1863 1080
21772 1258 0 1866 1080
21773 1258 0 1866 1080
21774 1257 0 1865 1080
21775 1255 0 1863 1080
21776 1235 0 1843 1080
21777 1201 0 1809 1080
21778 1163 0 1771 1080
21779 1126 0 1734 1080
21780 1098 0 1706 1080
21781 1080 0 1688 1080
21782 1060 0 1668 1080
21783 1039 0 1647 1080
21784 1021 0 1629 1080
21785 1011 0 1619 1080
21786 1007 0 1615 1080
21787 1010 0 1618 1080
21788 1018 0 1626 1080
21789 1031 0 1639 1080
21790 1045 0 1653 1080
21791 1056 0 1664 1080
21792 1062 0 1670 1080
21793 1062 0 1670 1080
21794 1057 0 1665 1080
21795 1048 0 1656 1080
21796 1037 0 1645 1080
21797 1025 0 1633 1080
21798 1012 0 1620 1080
21799 1003 0 1611 1080
21800 992 0 1600 1080
21801 983 0 1591 1080
21802 977 0 1585 1080
21803 973 0 1581 1080
21804 971 0 1579 1080
21805 972 0 1580 1080
21806 974 0 1582 1080
21807 975 0 1583 1080
21808 974 0 1582 1080
21809 1033 0 1641 1080
21810 1057 0 1665 1080
21811 1050 0 1658 1080
21812 1020 0 1628 1080
21813 979 0 1587 1080
21814 939 0 1547 1080
21815 867 0 1475 1080
21816 787 0 1395 1080
21817 714 0 1322 1080
21818 682 0 1290 1080
21819 689 0 1297 1080
21820 728 0 1336 1080
21821 785 0 1393 1080
21822 843 0 1451 1080
21823 889 0 1497 1080
21824 916 0 1524 1080
21825 922 0 1530 1080
21826 906 0 1514 1080
21827 879 0 1487 1080
21828 846 0 1454 1080
21829 816 0 1424 1080
21830 795 0 1403 1080
21831 786 0 1394 1080
21832 789 0 1397 1080
21833 801 0 1409 1080
21834 815 0 1423 1080
21835 829 0 1437 1080
21836 841 0 1449 1080
21837 849 0 1457 1080
21838 853 0 1461 1080
21839 854 0 1462 1080
21840 851 0 1459 1080
21841 846 0 1454 1080
21842 841 0 1449 1080
21843 838 0 1446 1080
21844 841 0 1449 1080
21845 849 0 1457 1080
21846 860 0 1468 1080
21847 871 0 1479 1080
21848 882 0 1490 1080
21849 891 0 1499 1080
21850 900 0 1508 1080
21851 909 0 1517 1080
21852 919 0 1527 1080
21853 932 0 1540 1080
21854 946 0 1554 1080
21855 962 0 1570 1080
21856 977 0 1585 1080
21857 990 0 1598 1080
21858 999 0 1607 1080
21859 1005 0 1613 1080
21860 1010 0 1618 1080
21861 1017 0 1625 1080
21862 1026 0 1634 1080
21863 1036 0 1644 1080
21864 1046 0 1654 1080
21865 1055 0 1663 1080
21866 1062 0 1670 1080
21867 1065 0 1673 1080
21868 1061 0 1669 1080
21869 1051 0 1659 1080
21870 1038 0 1646 1080
21871 1026 0 1634 1080
21872 1019 0 1627 1080
21873 1020 0 1628 1080
21874 1027 0 1635 1080
21875 1038 0 1646 1080
21876 1051 0 1659 1080
21877 1062 0 1670 1080
21878 1066 0 1674 1080
21879 1064 0 1672 1080
21880 1057 0 1665 1080
21881 1048 0 1656 1080
21882 1040 0 1648 1080
21883 1032 0 1640 1080
21884 1026 0 1634 1080
21885 1022 0 1630 1080
21886 1021 0 1629 1080
21887 1017 0 1625 1080
21888 1011 0 1619 1080
21889 1001 0 1609 1080
21890 991 0 1599 1080
21891 982 0 1590 1080
21892 977 0 1585 1080
21893 977 0 1585 1080
21894 980 0 1588 1080
21895 984 0 1592 1080
21896 989 0 1597 1080
21897 992 0 1600 1080
21898 991 0 1599 1080
21899 988 0 1596 1080
21900 985 0 1593 1080
21901 983 0 1591 1080
21902 982 0 1590 1080
21903 982 0 1590 1080
21904 983 0 1591 1080
21905 983 0 1591 1080
21906 981 0 1589 1080
21907 976 0 1584 1080
21908 969 0 1577 1080
21909 960 0 1568 1080
21910 952 0 1560 1080
21911 947 0 1555 1080
21912 945 0 1553 1080
21913 946 0 1554 1080
21914 949 0 1557 1080
21915 952 0 1560 1080
21916 953 0 1561 1080
21917 948 0 1556 1080
21918 938 0 1546 1080
21919 923 0 1531 1080
21920 907 0 1515 1080
21921 896 0 1504 1080
21922 891 0 1499 1080
21923 895 0 1503 1080
21924 905 0 1513 1080
21925 920 0 1528 1080
21926 937 0 1545 1080
21927 951 0 1559 1080
21928 960 0 1568 1080
21929 965 0 1573 1080
21930 966 0 1574 1080
21931 966 0 1574 1080
21932 965 0 1573 1080
21933 966 0 1574 1080
21934 969 0 1577 1080
21935 973 0 1581 1080
21936 979 0 1587 1080
21937 985 0 1593 1080
21938 991 0 1599 1080
21939 997 0 1605 1080
21940 1003 0 1611 1080
21941 1009 0 1617 1080
21942 1014 0 1622 1080
21943 1020 0 1628 1080
21944 1026 0 1634 1080
21945 1031 0 1639 1080
21946 1036 0 1644 1080
21947 1040 0 1648 1080
21948 1043 0 1651 1080
21949 1044 0 1652 1080
21950 1044 0 1652 1080
21951 1044 0 1652 1080
21952 1044 0 1652 1080
21953 1045 0 1653 1080
21954 1045 0 1653 1080
21955 1047 0 1655 1080
21956 1050 0 1658 1080
21957 1053 0 1661 1080
21958 1054 0 1662 1080
21959 1054 0 1662 1080
21960 1051 0 1659 1080
21961 1048 0 1656 1080
21962 1043 0 1651 1080
21963 1038 0 1646 1080
21964 1032 0 1640 1080
21965 1025 0 1633 1080
21966 1015 0 1623 1080
21967 1003 0 1611 1080
21968 984 0 1592 1080
21969 957 0 1565 1080
21970 926 0 1534 1080
21971 896 0 1504 1080
21972 872 0 1480 1080
21973 857 0 1465 1080
21974 827 0 1435 1080
21975 802 0 1410 1080
21976 782 0 1390 1080
21977 768 0 1376 1080
21978 758 0 1366 1080
21979 751 0 1359 1080
21980 736 0 1344 1080
21981 714 0 1322 1080
21982 669 0 1277 1080
21983 629 0 1237 1080
21984 595 0 1203 1080
21985 571 0 1179 1080
21986 556 0 1164 1080
21987 550 0 1158 1080
21988 546 0 1154 1080
21989 539 0 1147 1080
21990 530 0 1138 1080
21991 518 0 1126 1080
21992 501 0 1109 1080
21993 482 0 1090 1080
21994 460 0 1068 1080
21995 454 0 1062 1080
21996 430 0 1038 1080
21997 410 0 1018 1080
21998 393 0 1001 1080
21999 379 0 987 1080
22000 373 0 981 1080
22001 373 0 981 1080
22002 378 0 986 1080
22003 386 0 994 1080
22004 394 0 1002 1080
22005 397 0 1005 1080
22006 383 0 991 1080
22007 356 0 964 1080
22008 329 0 937 1080
22009 306 0 914 1080
22010 283 0 891 1080
22011 262 0 870 1080
22012 246 0 854 1080
22013 234 0 842 1080
22014 228 0 836 1080
22015 228 0 836 1080
22016 234 0 842 1080
22017 240 0 848 1080
22018 244 0 852 1080
22019 246 0 854 1080
22020 245 0 853 1080
22021 242 0 850 1080
22022 254 0 862 1080
22023 279 0 887 1080
22024 311 0 919 1080
22025 347 0 955 1080
22026 381 0 989 1080
22027 408 0 1016 1080
22028 460 0 1068 1080
22029 525 0 1133 1080
22030 587 0 1195 1080
22031 634 0 1242 1080
22032 661 0 1269 1080
22033 680 0 1288 1080
22034 698 0 1306 1080
22035 730 0 1338 1080
22036 776 0 1384 1080
22037 831 0 1439 1080
22038 892 0 1500 1080
22039 952 0 1560 1080
22040 1005 0 1613 1080
22041 1044 0 1652 1080
22042 1065 0 1673 1080
22043 1081 0 1689 1080
22044 1090 0 1698 1080
22045 1092 0 1700 1080
22046 1089 0 1697 1080
22047 1082 0 1690 1080
22048 1074 0 1682 1080
22049 1066 0 1674 1080
22050 1059 0 1667 1080
22051 1054 0 1662 1080
22052 1052 0 1660 1080
22053 1051 0 1659 1080
22054 1050 0 1658 1080
22055 1048 0 1656 1080
22056 1045 0 1653 1080
22057 1040 0 1648 1080
22058 1033 0 1641 1080
22059 1023 0 1631 1080
22060 1010 0 1618 1080
22061 990 0 1598 1080
22062 965 0 1573 1080
22063 936 0 1544 1080
22064 909 0 1517 1080
22065 886 0 1494 1080
22066 867 0 1475 1080
22067 847 0 1455 1080
22068 826 0 1434 1080
22069 803 0 1411 1080
22070 779 0 1387 1080
22071 758 0 1366 1080
22072 741 0 1349 1080
22073 726 0 1334 1080
22074 713 0 1321 1080
22075 703 0 1311 1080
22076 680 0 1288 1080
22077 643 0 1251 1080
22078 609 0 1217 1080
22079 580 0 1188 1080
22080 544 0 1152 1080
22081 506 0 1114 1080
22082 473 0 1081 1080
22083 463 0 1071 1080
22084 460 0 1068 1080
22085 447 0 1055 1080
22086 430 0 1038 1080
22087 409 0 1017 1080
22088 388 0 996 1080
22089 371 0 979 1080
22090 359 0 967 1080
22091 351 0 959 1080
22092 347 0 955 1080
22093 344 0 952 1080
22094 336 0 944 1080
22095 325 0 933 1080
22096 313 0 921 1080
22097 302 0 910 1080
22098 292 0 900 1080
22099 281 0 889 1080
22100 270 0 878 1080
22101 258 0 866 1080
22102 246 0 854 1080
22103 235 0 843 1080
22104 225 0 833 1080
22105 216 0 824 1080
22106 208 0 816 1080
22107 199 0 807 1080
22108 190 0 798 1080
22109 180 0 788 1080
22110 169 0 777 1080
22111 159 0 767 1080
22112 151 0 759 1080
22113 144 0 752 1080
22114 135 0 743 1080
22115 125 0 733 1080
22116 113 0 721 1080
22117 102 0 710 1080
22118 92 0 700 1080
22119 85 0 693 1080
22120 103 0 711 1080
22121 137 0 745 1080
22122 174 0 782 1080
22123 204 0 812 1080
22124 221 0 829 1080
22125 221 0 829 1080
22126 195 0 803 1080
22127 152 0 760 1080
22128 104 0 712 1080
22129 61 0 669 1080
22130 31 0 639 1080
22131 17 0 625 1080
22132 19 0 627 1080
22133 34 0 642 1080
22134 55 0 663 1080
22135 78 0 686 1080
22136 99 0 707 1080
22137 112 0 720 1080
22138 119 0 727 1080
22139 124 0 732 1080
22140 128 0 736 1080
22141 131 0 739 1080
22142 136 0 744 1080
22143 141 0 749 1080
22144 150 0 758 1080
22145 161 0 769 1080
22146 176 0 784 1080
22147 191 0 799 1080
22148 208 0 816 1080
22149 220 0 828 1080
22150 224 0 832 1080
22151 221 0 829 1080
22152 213 0 821 1080
22153 203 0 811 1080
22154 197 0 805 1080
22155 198 0 806 1080
22156 207 0 815 1080
22157 218 0 826 1080
22158 229 0 837 1080
22159 237 0 845 1080
22160 244 0 852 1080
22161 254 0 862 1080
22162 270 0 878 1080
22163 292 0 900 1080
22164 312 0 920 1080
22165 328 0 936 1080
22166 338 0 946 1080
22167 344 0 952 1080
22168 347 0 955 1080
22169 348 0 956 1080
22170 349 0 957 1080
22171 351 0 959 1080
22172 350 0 958 1080
22173 347 0 955 1080
22174 359 0 967 1080
22175 360 0 968 1080
22176 355 0 963 1080
22177 347 0 955 1080
22178 341 0 949 1080
22179 343 0 951 1080
22180 348 0 956 1080
22181 354 0 962 1080
22182 360 0 968 1080
22183 365 0 973 1080
22184 369 0 977 1080
22185 374 0 982 1080
22186 381 0 989 1080
22187 392 0 1000 1080
22188 400 0 1008 1080
22189 404 0 1012 1080
22190 421 0 1029 1080
22191 501 0 1109 1080
22192 541 0 1149 1080
22193 543 0 1151 1080
22194 523 0 1131 1080
22195 523 0 1131 1080
22196 538 0 1146 1080
22197 563 0 1171 1080
22198 594 0 1202 1080
22199 584 0 1192 1080
22200 542 0 1150 1080
22201 483 0 1091 1080
22202 424 0 1032 1080
22203 375 0 983 1080
22204 346 0 954 1080
22205 340 0 948 1080
22206 355 0 963 1080
22207 385 0 993 1080
22208 419 0 1027 1080
22209 452 0 1060 1080
22210 479 0 1087 1080
22211 497 0 1105 1080
22212 506 0 1114 1080
22213 504 0 1112 1080
22214 493 0 1101 1080
22215 475 0 1083 1080
22216 454 0 1062 1080
22217 434 0 1042 1080
22218 423 0 1031 1080
22219 420 0 1028 1080
22220 426 0 1034 1080
22221 438 0 1046 1080
22222 452 0 1060 1080
22223 464 0 1072 1080
22224 472 0 1080 1080
22225 474 0 1082 1080
22226 468 0 1076 1080
22227 456 0 1064 1080
22228 439 0 1047 1080
22229 415 0 1023 1080
22230 387 0 995 1080
22231 356 0 964 1080
22232 290 0 898 1080
22233 210 0 818 1080
22234 136 0 744 1080
22235 85 0 693 1080
22236 67 0 675 1080
22237 79 0 687 1080
22238 112 0 720 1080
22239 109 0 717 1080
22240 78 0 686 1080
22241 33 0 641 1080
22242 0 0 608 1080
22243 0 0 608 1080
22244 0 0 608 1080
22245 0 0 608 1080
22246 45 0 653 1080
22247 125 0 733 1080
22248 204 0 812 1080
22249 263 0 871 1080
22250 298 0 906 1080
22251 314 0 922 1080
22252 315 0 923 1080
22253 310 0 918 1080
22254 305 0 913 1080
22255 304 0 912 1080
22256 308 0 916 1080
22257 315 0 923 1080
22258 348 0 956 1080
22259 394 0 1002 1080
22260 442 0 1050 1080
22261 482 0 1090 1080
22262 509 0 1117 1080
22263 521 0 1129 1080
22264 519 0 1127 1080
22265 506 0 1114 1080
22266 487 0 1095 1080
22267 469 0 1077 1080
22268 485 0 1093 1080
22269 526 0 1134 1080
22270 583 0 1191 1080
22271 641 0 1249 1080
22272 691 0 1299 1080
22273 727 0 1335 1080
22274 747 0 1355 1080
22275 753 0 1361 1080
22276 746 0 1354 1080
22277 732 0 1340 1080
22278 716 0 1324 1080
22279 697 0 1305 1080
22280 683 0 1291 1080
22281 682 0 1290 1080
22282 692 0 1300 1080
22283 713 0 1321 1080
22284 741 0 1349 1080
22285 772 0 1380 1080
22286 802 0 1410 1080
22287 824 0 1432 1080
22288 837 0 1445 1080
22289 841 0 1449 1080
22290 837 0 1445 1080
22291 828 0 1436 1080
22292 818 0 1426 1080
22293 807 0 1415 1080
22294 798 0 1406 1080
22295 795 0 1403 1080
22296 796 0 1404 1080
22297 798 0 1406 1080
22298 798 0 1406 1080
22299 794 0 1402 1080
22300 784 0 1392 1080
22301 769 0 1377 1080
22302 762 0 1370 1080
22303 762 0 1370 1080
22304 767 0 1375 1080
22305 777 0 1385 1080
22306 791 0 1399 1080
22307 807 0 1415 1080
22308 821 0 1429 1080
22309 830 0 1438 1080
22310 835 0 1443 1080
22311 834 0 1442 1080
22312 830 0 1438 1080
22313 823 0 1431 1080
22314 817 0 1425 1080
22315 816 0 1424 1080
22316 816 0 1424 1080
22317 824 0 1432 1080
22318 854 0 1462 1080
22319 880 0 1488 1080
22320 896 0 1504 1080
22321 902 0 1510 1080
22322 910 0 1518 1080
22323 927 0 1535 1080
22324 949 0 1557 1080
22325 962 0 1570 1080
22326 973 0 1581 1080
22327 983 0 1591 1080
22328 991 0 1599 1080
22329 997 0 1605 1080
22330 1003 0 1611 1080
22331 1010 0 1618 1080
22332 1019 0 1627 1080
22333 1032 0 1640 1080
22334 1048 0 1656 1080
22335 1066 0 1674 1080
22336 1085 0 1693 1080
22337 1102 0 1710 1080
22338 1117 0 1725 1080
22339 1127 0 1735 1080
22340 1134 0 1742 1080
22341 1139 0 1747 1080
22342 1142 0 1750 1080
22343 1144 0 1752 1080
22344 1147 0 1755 1080
22345 1151 0 1759 1080
22346 1157 0 1765 1080
22347 1164 0 1772 1080
22348 1174 0 1782 1080
22349 1187 0 1795 1080
22350 1202 0 1810 1080
22351 1218 0 1826 1080
22352 1223 0 1831 1080
22353 1245 0 1853 1080
22354 1263 0 1871 1080
22355 1294 0 1902 1080
22356 1312 0 1920 1080
22357 1312 0 1920 1080
22358 1312 0 1920 1080
22359 1312 0 1920 1080
22360 1312 0 1920 1080
22361 1312 0 1920 1080
22362 1312 0 1920 1080
22363 1312 0 1920 1080
22364 1312 0 1920 1080
22365 1312 0 1920 1080
22366 1312 0 1920 1080
22367 1312 0 1920 1080
22368 1312 0 1920 1080
22369 1312 0 1920 1080
22370 1312 0 1920 1080
22371 1312 0 1920 1080
22372 1312 0 1920 1080
22373 1312 0 1920 1080
22374 1312 0 1920 1080
22375 1312 0 1920 1080
22376 1312 0 1920 1080
22377 1312 0 1920 1080
22378 1312 0 1920 1080
22379 1312 0 1920 1080
22380 1312 0 1920 1080
22381 1312 0 1920 1080
22382 1312 0 1920 1080
22383 1312 0 1920 1080
22384 1312 0 1920 1080
22385 1312 0 1920 1080
22386 1312 0 1920 1080
22387 1312 0 1920 1080
22388 1312 0 1920 1080
22389 1312 0 1920 1080
22390 1312 0 1920 1080
22391 1312 0 1920 1080
22392 1312 0 1920 1080
22393 1312 0 1920 1080
22394 1312 0 1920 1080
22395 1312 0 1920 1080
22396 1312 0 1920 1080
22397 1312 0 1920 1080
22398 1312 0 1920 1080
22399 1312 0 1920 1080
22400 1312 0 1920 1080
22401 1312 0 1920 1080
22402 1312 0 1920 1080
22403 1312 0 1920 1080
22404 1312 0 1920 1080
22405 1312 0 1920 1080
22406 1312 0 1920 1080
22407 1312 0 1920 1080
22408 1312 0 1920 1080
22409 1312 0 1920 1080
22410 1312 0 1920 1080
22411 1312 0 1920 1080
22412 1312 0 1920 1080
22413 1312 0 1920 1080
22414 1312 0 1920 1080
22415 1312 0 1920 1080
22416 1312 0 1920 1080
22417 1307 0 1915 1080
22418 1302 0 1910 1080
22419 1301 0 1909 1080
22420 1303 0 1911 1080
22421 1307 0 1915 1080
22422 1311 0 1919 1080
22423 1312 0 1920 1080
22424 1312 0 1920 1080
22425 1312 0 1920 1080
22426 1312 0 1920 1080
22427 1306 0 1914 1080
22428 1297 0 1905 1080
22429 1288 0 1896 1080
22430 1279 0 1887 1080
22431 1272 0 1880 1080
22432 1268 0 1876 1080
22433 1265 0 1873 1080
22434 1262 0 1870 1080
22435 1259 0 1867 1080
22436 1256 0 1864 1080
22437 1251 0 1859 1080
22438 1247 0 1855 1080
22439 1243 0 1851 1080
22440 1239 0 1847 1080
22441 1237 0 1845 1080
22442 1236 0 1844 1080
22443 1236 0 1844 1080
22444 1237 0 1845 1080
22445 1240 0 1848 1080
22446 1243 0 1851 1080
22447 1247 0 1855 1080
22448 1250 0 1858 1080
22449 1251 0 1859 1080
22450 1250 0 1858 1080
22451 1248 0 1856 1080
22452 1243 0 1851 1080
22453 1238 0 1846 1080
22454 1233 0 1841 1080
22455 1231 0 1839 1080
22456 1232 0 1840 1080
22457 1243 0 1851 1080
22458 1252 0 1860 1080
22459 1259 0 1867 1080
22460 1261 0 1869 1080
22461 1259 0 1867 1080
22462 1254 0 1862 1080
22463 1245 0 1853 1080
22464 1235 0 1843 1080
22465 1217 0 1825 1080
22466 1209 0 1817 1080
22467 1199 0 1807 1080
22468 1193 0 1801 1080
22469 1191 0 1799 1080
22470 1192 0 1800 1080
22471 1193 0 1801 1080
22472 1196 0 1804 1080
22473 1201 0 1809 1080
22474 1208 0 1816 1080
22475 1216 0 1824 1080
22476 1225 0 1833 1080
22477 1234 0 1842 1080
22478 1242 0 1850 1080
22479 1250 0 1858 1080
22480 1256 0 1864 1080
22481 1260 0 1868 1080
22482 1263 0 1871 1080
22483 1265 0 1873 1080
22484 1283 0 1891 1080
22485 1309 0 1917 1080
22486 1312 0 1920 1080
22487 1312 0 1920 1080
22488 1312 0 1920 1080
22489 1312 0 1920 1080
22490 1312 0 1920 1080
22491 1312 0 1920 1080
22492 1312 0 1920 1080
22493 1312 0 1920 1080
22494 1312 0 1920 1080
22495 1312 0 1920 1080
22496 1312 0 1920 1080
22497 1312 0 1920 1080
22498 1312 0 1920 1080
22499 1312 0 1920 1080
22500 1312 0 1920 1080
22501 1312 0 1920 1080
22502 1312 0 1920 1080
22503 1312 0 1920 1080
22504 1307 0 1915 1080
22505 1292 0 1900 1080
22506 1285 0 1893 1080
22507 1285 0 1893 1080
22508 1288 0 1896 1080
22509 1292 0 1900 1080
22510 1298 0 1906 1080
22511 1303 0 1911 1080
22512 1267 0 1875 1080
22513 1202 0 1810 1080
22514 1125 0 1733 1080
22515 1052 0 1660 1080
22516 995 0 1603 1080
22517 970 0 1578 1080
22518 974 0 1582 1080
22519 1000 0 1608 1080
22520 1037 0 1645 1080
22521 1075 0 1683 1080
22522 1105 0 1713 1080
22523 1169 0 1777 1080
22524 1245 0 1853 1080
22525 1269 0 1877 1080
22526 1245 0 1853 1080
22527 1187 0 1795 1080
22528 1113 0 1721 1080
22529 1038 0 1646 1080
22530 978 0 1586 1080
22531 940 0 1548 1080
22532 926 0 1534 1080
22533 926 0 1534 1080
22534 938 0 1546 1080
22535 960 0 1568 1080
22536 993 0 1601 1080
22537 1027 0 1635 1080
22538 1056 0 1664 1080
22539 1073 0 1681 1080
22540 1082 0 1690 1080
22541 1078 0 1686 1080
22542 1073 0 1681 1080
22543 1068 0 1676 1080
22544 1064 0 1672 1080
22545 1062 0 1670 1080
22546 1071 0 1679 1080
22547 1090 0 1698 1080
22548 1115 0 1723 1080
22549 1154 0 1762 1080
22550 1185 0 1793 1080
22551 1204 0 1812 1080
22552 1217 0 1825 1080
22553 1216 0 1824 1080
22554 1204 0 1812 1080
22555 1186 0 1794 1080
22556 1167 0 1775 1080
22557 1150 0 1758 1080
22558 1140 0 1748 1080
22559 1136 0 1744 1080
22560 1139 0 1747 1080
22561 1146 0 1754 1080
22562 1156 0 1764 1080
22563 1155 0 1763 1080
22564 1158 0 1766 1080
22565 1166 0 1774 1080
22566 1177 0 1785 1080
22567 1187 0 1795 1080
22568 1196 0 1804 1080
22569 1204 0 1812 1080
22570 1208 0 1816 1080
22571 1206 0 1814 1080
22572 1195 0 1803 1080
22573 1172 0 1780 1080
22574 1145 0 1753 1080
22575 1118 0 1726 1080
22576 1094 0 1702 1080
22577 1076 0 1684 1080
22578 1063 0 1671 1080
22579 1056 0 1664 1080
22580 1087 0 1695 1080
22581 1107 0 1715 1080
22582 1114 0 1722 1080
22583 1108 0 1716 1080
22584 1037 0 1645 1080
22585 957 0 1565 1080
22586 877 0 1485 1080
22587 797 0 1405 1080
22588 717 0 1325 1080
22589 639 0 1247 1080
22590 574 0 1182 1080
22591 526 0 1134 1080
22592 496 0 1104 1080
22593 482 0 1090 1080
22594 562 0 1170 1080
22595 612 0 1220 1080
22596 623 0 1231 1080
22597 596 0 1204 1080
22598 538 0 1146 1080
22599 461 0 1069 1080
22600 381 0 989 1080
22601 461 0 1069 1080
22602 495 0 1103 1080
22603 481 0 1089 1080
22604 425 0 1033 1080
22605 345 0 953 1080
22606 265 0 873 1080
22607 191 0 799 1080
22608 148 0 756 1080
22609 139 0 747 1080
22610 149 0 757 1080
22611 177 0 785 1080
22612 220 0 828 1080
22613 276 0 884 1080
22614 338 0 946 1080
22615 395 0 1003 1080
22616 468 0 1076 1080
22617 544 0 1152 1080
22618 609 0 1217 1080
22619 653 0 1261 1080
22620 673 0 1281 1080
22621 669 0 1277 1080
22622 652 0 1260 1080
22623 630 0 1238 1080
22624 610 0 1218 1080
22625 599 0 1207 1080
22626 582 0 1190 1080
22627 578 0 1186 1080
22628 599 0 1207 1080
22629 595 0 1203 1080
22630 610 0 1218 1080
22631 636 0 1244 1080
22632 665 0 1273 1080
22633 705 0 1313 1080
22634 748 0 1356 1080
22635 790 0 1398 1080
22636 825 0 1433 1080
22637 852 0 1460 1080
22638 870 0 1478 1080
22639 880 0 1488 1080
22640 883 0 1491 1080
22641 884 0 1492 1080
22642 884 0 1492 1080
22643 882 0 1490 1080
22644 962 0 1570 1080
22645 1014 0 1622 1080
22646 1036 0 1644 1080
22647 1034 0 1642 1080
22648 1014 0 1622 1080
22649 984 0 1592 1080
22650 958 0 1566 1080
22651 943 0 1551 1080
22652 938 0 1546 1080
22653 952 0 1560 1080
22654 977 0 1585 1080
22655 1013 0 1621 1080
22656 1051 0 1659 1080
22657 1104 0 1712 1080
22658 1149 0 1757 1080
22659 1200 0 1808 1080
22660 1249 0 1857 1080
22661 1293 0 1901 1080
22662 1312 0 1920 1080
22663 1312 0 1920 1080
22664 1312 0 1920 1080
22665 1312 0 1920 1080
22666 1312 0 1920 1080
22667 1312 0 1920 1080
22668 1312 0 1920 1080
22669 1312 0 1920 1080
22670 1312 0 1920 1080
22671 1312 0 1920 1080
22672 1312 0 1920 1080
22673 1312 0 1920 1080
22674 1312 0 1920 1080
22675 1312 0 1920 1080
22676 1312 0 1920 1080
22677 1312 0 1920 1080
22678 1309 0 1917 1080
22679 1229 0 1837 1080
22680 1158 0 1766 1080
22681 1115 0 1723 1080
22682 1101 0 1709 1080
22683 1115 0 1723 1080
22684 1144 0 1752 1080
22685 1224 0 1832 1080
22686 1304 0 1912 1080
22687 1312 0 1920 1080
22688 1312 0 1920 1080
22689 1312 0 1920 1080
22690 1312 0 1920 1080
22691 1312 0 1920 1080
22692 1312 0 1920 1080
22693 1312 0 1920 1080
22694 1312 0 1920 1080
22695 1312 0 1920 1080
22696 1312 0 1920 1080
22697 1312 0 1920 1080
22698 1312 0 1920 1080
22699 1312 0 1920 1080
22700 1312 0 1920 1080
22701 1312 0 1920 1080
22702 1312 0 1920 1080
22703 1312 0 1920 1080
22704 1312 0 1920 1080
22705 1312 0 1920 1080
22706 1312 0 1920 1080
22707 1312 0 1920 1080
22708 1312 0 1920 1080
22709 1312 0 1920 1080
22710 1312 0 1920 1080
22711 1312 0 1920 1080
22712 1312 0 1920 1080
22713 1312 0 1920 1080
22714 1312 0 1920 1080
22715 1312 0 1920 1080
22716 1312 0 1920 1080
22717 1291 0 1899 1080
22718 1212 0 1820 1080
22719 1149 0 1757 1080
22720 1112 0 1720 1080
22721 1103 0 1711 1080
22722 1120 0 1728 1080
22723 1156 0 1764 1080
22724 1201 0 1809 1080
22725 1243 0 1851 1080
22726 1275 0 1883 1080
22727 1293 0 1901 1080
22728 1298 0 1906 1080
22729 1291 0 1899 1080
22730 1276 0 1884 1080
22731 1258 0 1866 1080
22732 1241 0 1849 1080
22733 1227 0 1835 1080
22734 1218 0 1826 1080
22735 1216 0 1824 1080
22736 1219 0 1827 1080
22737 1226 0 1834 1080
22738 1234 0 1842 1080
22739 1242 0 1850 1080
22740 1248 0 1856 1080
22741 1251 0 1859 1080
22742 1250 0 1858 1080
22743 1247 0 1855 1080
22744 1241 0 1849 1080
22745 1234 0 1842 1080
22746 1225 0 1833 1080
22747 1218 0 1826 1080
22748 1213 0 1821 1080
22749 1211 0 1819 1080
22750 1268 0 1876 1080
22751 1312 0 1920 1080
22752 1312 0 1920 1080
22753 1312 0 1920 1080
22754 1312 0 1920 1080
22755 1312 0 1920 1080
22756 1312 0 1920 1080
22757 1312 0 1920 1080
22758 1312 0 1920 1080
22759 1312 0 1920 1080
22760 1312 0 1920 1080
22761 1312 0 1920 1080
22762 1312 0 1920 1080
22763 1312 0 1920 1080
22764 1312 0 1920 1080
22765 1312 0 1920 1080
22766 1312 0 1920 1080
22767 1312 0 1920 1080
22768 1312 0 1920 1080
22769 1312 0 1920 1080
22770 1312 0 1920 1080
22771 1312 0 1920 1080
22772 1312 0 1920 1080
22773 1312 0 1920 1080
22774 1312 0 1920 1080
22775 1312 0 1920 1080
22776 1312 0 1920 1080
22777 1312 0 1920 1080
22778 1312 0 1920 1080
22779 1312 0 1920 1080
22780 1312 0 1920 1080
22781 1312 0 1920 1080
22782 1312 0 1920 1080
22783 1312 0 1920 1080
22784 1312 0 1920 1080
22785 1312 0 1920 1080
22786 1312 0 1920 1080
22787 1312 0 1920 1080
22788 1312 0 1920 1080
22789 1312 0 1920 1080
22790 1312 0 1920 1080
22791 1312 0 1920 1080
22792 1312 0 1920 1080
22793 1312 0 1920 1080
22794 1312 0 1920 1080
22795 1312 0 1920 1080
22796 1312 0 1920 1080
22797 1312 0 1920 1080
22798 1312 0 1920 1080
22799 1312 0 1920 1080
22800 1312 0 1920 1080
22801 1312 0 1920 1080
22802 1312 0 1920 1080
22803 1312 0 1920 1080
22804 1312 0 1920 1080
22805 1312 0 1920 1080
22806 1312 0 1920 1080
22807 1312 0 1920 1080
22808 1312 0 1920 1080
22809 1312 0 1920 1080
22810 1312 0 1920 1080
22811 1312 0 1920 1080
22812 1312 0 1920 1080
22813 1312 0 1920 1080
22814 1312 0 1920 1080
22815 1312 0 1920 1080
22816 1312 0 1920 1080
22817 1312 0 1920 1080
22818 1312 0 1920 1080
22819 1312 0 1920 1080
22820 1312 0 1920 1080
22821 1312 0 1920 1080
22822 1312 0 1920 1080
22823 1312 0 1920 1080
22824 1312 0 1920 1080
22825 1312 0 1920 1080
22826 1312 0 1920 1080
22827 1312 0 1920 1080
22828 1312 0 1920 1080
22829 1312 0 1920 1080
22830 1312 0 1920 1080
22831 1312 0 1920 1080
22832 1312 0 1920 1080
22833 1312 0 1920 1080
22834 1312 0 1920 1080
22835 1312 0 1920 1080
22836 1312 0 1920 1080
22837 1312 0 1920 1080
22838 1312 0 1920 1080
22839 1312 0 1920 1080
22840 1312 0 1920 1080
22841 1312 0 1920 1080
22842 1312 0 1920 1080
22843 1312 0 1920 1080
22844 1312 0 1920 1080
22845 1312 0 1920 1080
22846 1312 0 1920 1080
22847 1312 0 1920 1080
22848 1312 0 1920 1080
22849 1312 0 1920 1080
22850 1312 0 1920 1080
22851 1312 0 1920 1080
22852 1312 0 1920 1080
22853 1312 0 1920 1080
22854 1312 0 1920 1080
22855 1312 0 1920 1080
22856 1312 0 1920 1080
22857 1312 0 1920 1080
22858 1312 0 1920 1080
22859 1312 0 1920 1080
22860 1312 0 1920 1080
22861 1312 0 1920 1080
22862 1312 0 1920 1080
22863 1312 0 1920 1080
22864 1312 0 1920 1080
22865 1312 0 1920 1080
22866 1312 0 1920 1080
22867 1312 0 1920 1080
22868 1312 0 1920 1080
22869 1312 0 1920 1080
22870 1312 0 1920 1080
22871 1312 0 1920 1080
22872 1312 0 1920 1080
22873 1312 0 1920 1080
22874 1296 0 1904 1080
22875 1216 0 1824 1080
22876 1136 0 1744 1080
22877 1056 0 1664 1080
22878 1050 0 1658 1080
22879 1130 0 1738 1080
22880 1210 0 1818 1080
22881 1290 0 1898 1080
22882 1312 0 1920 1080
22883 1312 0 1920 1080
22884 1312 0 1920 1080
22885 1312 0 1920 1080
22886 1312 0 1920 1080
22887 1312 0 1920 1080
22888 1312 0 1920 1080
22889 1312 0 1920 1080
22890 1312 0 1920 1080
22891 1312 0 1920 1080
22892 1312 0 1920 1080
22893 1312 0 1920 1080
22894 1312 0 1920 1080
22895 1312 0 1920 1080
22896 1312 0 1920 1080
22897 1312 0 1920 1080
22898 1312 0 1920 1080
22899 1312 0 1920 1080
22900 1312 0 1920 1080
22901 1312 0 1920 1080
22902 1312 0 1920 1080
22903 1312 0 1920 1080
22904 1312 0 1920 1080
22905 1312 0 1920 1080
22906 1312 0 1920 1080
22907 1312 0 1920 1080
22908 1312 0 1920 1080
22909 1312 0 1920 1080
22910 1312 0 1920 1080
22911 1312 0 1920 1080
22912 1312 0 1920 1080
22913 1312 0 1920 1080
22914 1312 0 1920 1080
22915 1312 0 1920 1080
22916 1312 0 1920 1080
22917 1312 0 1920 1080
22918 1312 0 1920 1080
22919 1312 0 1920 1080
22920 1312 0 1920 1080
22921 1312 0 1920 1080
22922 1312 0 1920 1080
22923 1312 0 1920 1080
22924 1312 0 1920 1080
22925 1312 0 1920 1080
22926 1312 0 1920 1080
22927 1312 0 1920 1080
22928 1312 0 1920 1080
22929 1312 0 1920 1080
22930 1312 0 1920 1080
22931 1312 0 1920 1080
22932 1312 0 1920 1080
22933 1312 0 1920 1080
22934 1312 0 1920 1080
22935 1312 0 1920 1080
22936 1312 0 1920 1080
22937 1312 0 1920 1080
22938 1312 0 1920 1080
22939 1312 0 1920 1080
22940 1312 0 1920 1080
22941 1312 0 1920 1080
22942 1312 0 1920 1080
22943 1312 0 1920 1080
22944 1312 0 1920 1080
22945 1312 0 1920 1080
22946 1312 0 1920 1080
22947 1312 0 1920 1080
22948 1312 0 1920 1080
22949 1312 0 1920 1080
22950 1312 0 1920 1080
22951 1312 0 1920 1080
22952 1312 0 1920 1080
22953 1312 0 1920 1080
22954 1312 0 1920 1080
22955 1312 0 1920 1080
22956 1312 0 1920 1080
22957 1312 0 1920 1080
22958 1312 0 1920 1080
22959 1312 0 1920 1080
22960 1312 0 1920 1080
22961 1312 0 1920 1080
22962 1312 0 1920 1080
22963 1312 0 1920 1080
22964 1312 0 1920 1080
22965 1312 0 1920 1080
22966 1312 0 1920 1080
22967 1308 0 1916 1080
22968 1295 0 1903 1080
22969 1284 0 1892 1080
22970 1280 0 1888 1080
22971 1281 0 1889 1080
22972 1288 0 1896 1080
22973 1298 0 1906 1080
22974 1307 0 1915 1080
22975 1312 0 1920 1080
22976 1312 0 1920 1080
22977 1312 0 1920 1080
22978 1312 0 1920 1080
22979 1312 0 1920 1080
22980 1312 0 1920 1080
22981 1312 0 1920 1080
22982 1312 0 1920 1080
22983 1312 0 1920 1080
22984 1312 0 1920 1080
22985 1312 0 1920 1080
22986 1312 0 1920 1080
22987 1312 0 1920 1080
22988 1312 0 1920 1080
22989 1312 0 1920 1080
22990 1312 0 1920 1080
22991 1312 0 1920 1080
22992 1312 0 1920 1080
22993 1312 0 1920 1080
22994 1312 0 1920 1080
22995 1312 0 1920 1080
22996 1312 0 1920 1080
22997 1312 0 1920 1080
22998 1312 0 1920 1080
22999 1312 0 1920 1080
23000 1312 0 1920 1080
23001 1312 0 1920 1080
23002 1312 0 1920 1080
23003 1312 0 1920 1080
23004 1312 0 1920 1080
23005 1312 0 1920 1080
23006 1312 0 1920 1080
23007 1312 0 1920 1080
23008 1312 0 1920 1080
23009 1312 0 1920 1080
23010 1312 0 1920 1080
23011 1312 0 1920 1080
23012 1312 0 1920 1080
23013 1312 0 1920 1080
23014 1312 0 1920 1080
23015 1312 0 1920 1080
23016 1312 0 1920 1080
23017 1312 0 1920 1080
23018 1312 0 1920 1080
23019 1312 0 1920 1080
23020 1312 0 1920 1080
23021 1312 0 1920 1080
23022 1312 0 1920 1080
23023 1312 0 1920 1080
23024 1312 0 1920 1080
23025 1306 0 1914 1080
23026 1296 0 1904 1080
23027 1287 0 1895 1080
23028 1279 0 1887 1080
23029 1271 0 1879 1080
23030 1261 0 1869 1080
23031 1250 0 1858 1080
23032 1235 0 1843 1080
23033 1217 0 1825 1080
23034 1199 0 1807 1080
23035 1184 0 1792 1080
23036 1173 0 1781 1080
23037 1102 0 1710 1080
23038 1022 0 1630 1080
23039 942 0 1550 1080
23040 862 0 1470 1080
23041 799 0 1407 1080
23042 756 0 1364 1080
23043 737 0 1345 1080
23044 740 0 1348 1080
23045 720 0 1328 1080
23046 684 0 1292 1080
23047 643 0 1251 1080
23048 606 0 1214 1080
23049 584 0 1192 1080
23050 578 0 1186 1080
23051 590 0 1198 1080
23052 615 0 1223 1080
23053 648 0 1256 1080
23054 682 0 1290 1080
23055 713 0 1321 1080
23056 736 0 1344 1080
23057 750 0 1358 1080
23058 756 0 1364 1080
23059 755 0 1363 1080
23060 752 0 1360 1080
23061 747 0 1355 1080
23062 746 0 1354 1080
23063 750 0 1358 1080
23064 759 0 1367 1080
23065 773 0 1381 1080
23066 790 0 1398 1080
23067 806 0 1414 1080
23068 821 0 1429 1080
23069 831 0 1439 1080
23070 836 0 1444 1080
23071 837 0 1445 1080
23072 835 0 1443 1080
23073 831 0 1439 1080
23074 814 0 1422 1080
23075 734 0 1342 1080
23076 676 0 1284 1080
23077 648 0 1256 1080
23078 650 0 1258 1080
23079 675 0 1283 1080
23080 716 0 1324 1080
23081 760 0 1368 1080
23082 694 0 1302 1080
23083 659 0 1267 1080
23084 655 0 1263 1080
23085 679 0 1287 1080
23086 720 0 1328 1080
23087 767 0 1375 1080
23088 810 0 1418 1080
23089 735 0 1343 1080
23090 655 0 1263 1080
23091 575 0 1183 1080
23092 495 0 1103 1080
23093 415 0 1023 1080
23094 335 0 943 1080
23095 258 0 866 1080
23096 200 0 808 1080
23097 168 0 776 1080
23098 164 0 772 1080
23099 182 0 790 1080
23100 262 0 870 1080
23101 329 0 937 1080
23102 370 0 978 1080
23103 384 0 992 1080
23104 372 0 980 1080
23105 343 0 951 1080
23106 273 0 881 1080
23107 193 0 801 1080
23108 113 0 721 1080
23109 33 0 641 1080
23110 0 0 608 1080
23111 0 0 608 1080
23112 0 0 608 1080
23113 0 0 608 1080
23114 0 0 608 1080
23115 0 0 608 1080
23116 0 0 608 1080
23117 0 0 608 1080
23118 0 0 608 1080
23119 57 0 665 1080
23120 137 0 745 1080
23121 217 0 825 1080
23122 297 0 905 1080
23123 377 0 985 1080
23124 457 0 1065 1080
23125 537 0 1145 1080
23126 617 0 1225 1080
23127 686 0 1294 1080
23128 727 0 1335 1080
23129 732 0 1340 1080
23130 706 0 1314 1080
23131 654 0 1262 1080
23132 590 0 1198 1080
23133 529 0 1137 1080
23134 475 0 1083 1080
23135 435 0 1043 1080
23136 414 0 1022 1080
23137 408 0 1016 1080
23138 415 0 1023 1080
23139 429 0 1037 1080
23140 446 0 1054 1080
23141 462 0 1070 1080
23142 472 0 1080 1080
23143 475 0 1083 1080
23144 470 0 1078 1080
23145 457 0 1065 1080
23146 438 0 1046 1080
23147 416 0 1024 1080
23148 395 0 1003 1080
23149 377 0 985 1080
23150 365 0 973 1080
23151 362 0 970 1080
23152 364 0 972 1080
23153 372 0 980 1080
23154 381 0 989 1080
23155 388 0 996 1080
23156 387 0 995 1080
23157 377 0 985 1080
23158 354 0 962 1080
23159 322 0 930 1080
23160 286 0 894 1080
23161 242 0 850 1080
23162 191 0 799 1080
23163 160 0 768 1080
23164 151 0 759 1080
23165 160 0 768 1080
23166 180 0 788 1080
23167 202 0 810 1080
23168 210 0 818 1080
23169 204 0 812 1080
23170 188 0 796 1080
23171 168 0 776 1080
23172 147 0 755 1080
23173 129 0 737 1080
23174 115 0 723 1080
23175 105 0 713 1080
23176 99 0 707 1080
23177 96 0 704 1080
23178 93 0 701 1080
23179 92 0 700 1080
23180 90 0 698 1080
23181 85 0 693 1080
23182 80 0 688 1080
23183 76 0 684 1080
23184 72 0 680 1080
23185 68 0 676 1080
23186 64 0 672 1080
23187 85 0 693 1080
23188 122 0 730 1080
23189 165 0 773 1080
23190 205 0 813 1080
23191 241 0 849 1080
23192 266 0 874 1080
23193 277 0 885 1080
23194 275 0 883 1080
23195 258 0 866 1080
23196 232 0 840 1080
23197 205 0 813 1080
23198 180 0 788 1080
23199 161 0 769 1080
23200 164 0 772 1080
23201 184 0 792 1080
23202 214 0 822 1080
23203 247 0 855 1080
23204 275 0 883 1080
23205 294 0 902 1080
23206 303 0 911 1080
23207 303 0 911 1080
23208 297 0 905 1080
23209 288 0 896 1080
23210 280 0 888 1080
23211 274 0 882 1080
23212 273 0 881 1080
23213 275 0 883 1080
23214 281 0 889 1080
23215 271 0 879 1080
23216 265 0 873 1080
23217 205 0 813 1080
23218 159 0 767 1080
23219 135 0 743 1080
23220 149 0 757 1080
23221 192 0 800 1080
23222 254 0 862 1080
23223 321 0 929 1080
23224 381 0 989 1080
23225 428 0 1036 1080
23226 457 0 1065 1080
23227 471 0 1079 1080
23228 475 0 1083 1080
23229 473 0 1081 1080
23230 481 0 1089 1080
23231 561 0 1169 1080
23232 641 0 1249 1080
23233 721 0 1329 1080
23234 801 0 1409 1080
23235 881 0 1489 1080
23236 961 0 1569 1080
23237 1041 0 1649 1080
23238 1121 0 1729 1080
23239 1201 0 1809 1080
23240 1281 0 1889 1080
23241 1312 0 1920 1080
23242 1312 0 1920 1080
23243 1312 0 1920 1080
23244 1281 0 1889 1080
23245 1201 0 1809 1080
23246 1121 0 1729 1080
23247 1041 0 1649 1080
23248 961 0 1569 1080
23249 881 0 1489 1080
23250 872 0 1480 1080
23251 792 0 1400 1080
23252 712 0 1320 1080
23253 632 0 1240 1080
23254 552 0 1160 1080
23255 472 0 1080 1080
23256 392 0 1000 1080
23257 312 0 920 1080
23258 246 0 854 1080
23259 177 0 785 1080
23260 122 0 730 1080
23261 90 0 698 1080
23262 170 0 778 1080
23263 236 0 844 1080
23264 283 0 891 1080
23265 308 0 916 1080
23266 310 0 918 1080
23267 295 0 903 1080
23268 269 0 877 1080
23269 239 0 847 1080
23270 211 0 819 1080
23271 192 0 800 1080
23272 136 0 744 1080
23273 62 0 670 1080
23274 0 0 608 1080
23275 0 0 608 1080
23276 0 0 608 1080
23277 0 0 608 1080
23278 0 0 608 1080
23279 0 0 608 1080
23280 66 0 674 1080
23281 146 0 754 1080
23282 226 0 834 1080
23283 306 0 914 1080
23284 386 0 994 1080
23285 466 0 1074 1080
23286 544 0 1152 1080
23287 613 0 1221 1080
23288 660 0 1268 1080
23289 662 0 1270 1080
23290 644 0 1252 1080
23291 611 0 1219 1080
23292 575 0 1183 1080
23293 495 0 1103 1080
23294 415 0 1023 1080
23295 335 0 943 1080
23296 255 0 863 1080
23297 175 0 783 1080
23298 255 0 863 1080
23299 263 0 871 1080
23300 210 0 818 1080
23301 130 0 738 1080
23302 50 0 658 1080
23303 0 0 608 1080
23304 0 0 608 1080
23305 0 0 608 1080
23306 43 0 651 1080
23307 73 0 681 1080
23308 73 0 681 1080
23309 48 0 656 1080
23310 9 0 617 1080
23311 0 0 608 1080
23312 46 0 654 1080
23313 89 0 697 1080
23314 95 0 703 1080
23315 68 0 676 1080
23316 21 0 629 1080
23317 0 0 608 1080
23318 0 0 608 1080
23319 0 0 608 1080
23320 47 0 655 1080
23321 64 0 672 1080
23322 50 0 658 1080
23323 13 0 621 1080
23324 0 0 608 1080
23325 0 0 608 1080
23326 0 0 608 1080
23327 46 0 654 1080
23328 58 0 666 1080
23329 38 0 646 1080
23330 0 0 608 1080
23331 0 0 608 1080
23332 0 0 608 1080
23333 0 0 608 1080
23334 26 0 634 1080
23335 40 0 648 1080
23336 34 0 642 1080
23337 14 0 622 1080
23338 0 0 608 1080
23339 0 0 608 1080
23340 0 0 608 1080
23341 0 0 608 1080
23342 0 0 608 1080
23343 0 0 608 1080
23344 0 0 608 1080
23345 0 0 608 1080
23346 0 0 608 1080
23347 0 0 608 1080
23348 0 0 608 1080
23349 0 0 608 1080
23350 0 0 608 1080
23351 0 0 608 1080
23352 0 0 608 1080
23353 0 0 608 1080
23354 0 0 608 1080
23355 0 0 608 1080
23356 0 0 608 1080
23357 0 0 608 1080
23358 11 0 619 1080
23359 24 0 632 1080
23360 32 0 640 1080
23361 34 0 642 1080
23362 32 0 640 1080
23363 28 0 636 1080
23364 22 0 630 1080
23365 17 0 625 1080
23366 16 0 624 1080
23367 22 0 630 1080
23368 33 0 641 1080
23369 45 0 653 1080
23370 55 0 663 1080
23371 59 0 667 1080
23372 56 0 664 1080
23373 51 0 659 1080
23374 44 0 652 1080
23375 36 0 644 1080
23376 31 0 639 1080
23377 31 0 639 1080
23378 34 0 642 1080
23379 39 0 647 1080
23380 42 0 650 1080
23381 44 0 652 1080
23382 43 0 651 1080
23383 42 0 650 1080
23384 38 0 646 1080
23385 36 0 644 1080
23386 36 0 644 1080
23387 42 0 650 1080
23388 51 0 659 1080
23389 61 0 669 1080
23390 69 0 677 1080
23391 74 0 682 1080
23392 75 0 683 1080
23393 72 0 680 1080
23394 70 0 678 1080
23395 70 0 678 1080
23396 72 0 680 1080
23397 73 0 681 1080
23398 72 0 680 1080
23399 70 0 678 1080
23400 66 0 674 1080
23401 63 0 671 1080
23402 61 0 669 1080
23403 61 0 669 1080
23404 62 0 670 1080
23405 63 0 671 1080
23406 65 0 673 1080
23407 71 0 679 1080
23408 80 0 688 1080
23409 92 0 700 1080
23410 104 0 712 1080
23411 116 0 724 1080
23412 125 0 733 1080
23413 132 0 740 1080
23414 134 0 742 1080
23415 132 0 740 1080
23416 125 0 733 1080
23417 116 0 724 1080
23418 106 0 714 1080
23419 96 0 704 1080
23420 91 0 699 1080
23421 91 0 699 1080
23422 99 0 707 1080
23423 111 0 719 1080
23424 124 0 732 1080
23425 137 0 745 1080
23426 146 0 754 1080
23427 151 0 759 1080
23428 152 0 760 1080
23429 152 0 760 1080
23430 150 0 758 1080
23431 149 0 757 1080
23432 148 0 756 1080
23433 147 0 755 1080
23434 147 0 755 1080
23435 148 0 756 1080
23436 148 0 756 1080
23437 153 0 761 1080
23438 157 0 765 1080
23439 161 0 769 1080
23440 165 0 773 1080
23441 169 0 777 1080
23442 172 0 780 1080
23443 175 0 783 1080
23444 182 0 790 1080
23445 189 0 797 1080
23446 195 0 803 1080
23447 200 0 808 1080
23448 203 0 811 1080
23449 204 0 812 1080
23450 202 0 810 1080
23451 203 0 811 1080
23452 201 0 809 1080
23453 197 0 805 1080
23454 192 0 800 1080
23455 188 0 796 1080
23456 184 0 792 1080
23457 181 0 789 1080
23458 184 0 792 1080
23459 192 0 800 1080
23460 201 0 809 1080
23461 211 0 819 1080
23462 216 0 824 1080
23463 245 0 853 1080
23464 286 0 894 1080
23465 326 0 934 1080
23466 360 0 968 1080
23467 380 0 988 1080
23468 384 0 992 1080
23469 375 0 983 1080
23470 357 0 965 1080
23471 308 0 916 1080
23472 247 0 855 1080
23473 192 0 800 1080
23474 154 0 762 1080
23475 139 0 747 1080
23476 151 0 759 1080
23477 185 0 793 1080
23478 233 0 841 1080
23479 284 0 892 1080
23480 331 0 939 1080
23481 368 0 976 1080
23482 393 0 1001 1080
23483 405 0 1013 1080
23484 408 0 1016 1080
23485 452 0 1060 1080
23486 525 0 1133 1080
23487 605 0 1213 1080
23488 685 0 1293 1080
23489 758 0 1366 1080
23490 818 0 1426 1080
23491 859 0 1467 1080
23492 884 0 1492 1080
23493 896 0 1504 1080
23494 901 0 1509 1080
23495 906 0 1514 1080
23496 915 0 1523 1080
23497 931 0 1539 1080
23498 955 0 1563 1080
23499 987 0 1595 1080
23500 1024 0 1632 1080
23501 1063 0 1671 1080
23502 1102 0 1710 1080
23503 1137 0 1745 1080
23504 1169 0 1777 1080
23505 1197 0 1805 1080
23506 1222 0 1830 1080
23507 1245 0 1853 1080
23508 1247 0 1855 1080
23509 1229 0 1837 1080
23510 1200 0 1808 1080
23511 1166 0 1774 1080
23512 1134 0 1742 1080
23513 1111 0 1719 1080
23514 1098 0 1706 1080
23515 1086 0 1694 1080
23516 1078 0 1686 1080
23517 1074 0 1682 1080
23518 1071 0 1679 1080
23519 1069 0 1677 1080
23520 1068 0 1676 1080
23521 1068 0 1676 1080
23522 1069 0 1677 1080
23523 1070 0 1678 1080
23524 1071 0 1679 1080
23525 1071 0 1679 1080
23526 1071 0 1679 1080
23527 1070 0 1678 1080
23528 1067 0 1675 1080
23529 1063 0 1671 1080
23530 1059 0 1667 1080
23531 1060 0 1668 1080
23532 1067 0 1675 1080
23533 1074 0 1682 1080
23534 1080 0 1688 1080
23535 1082 0 1690 1080
23536 1081 0 1689 1080
23537 1115 0 1723 1080
23538 1131 0 1739 1080
23539 1129 0 1737 1080
23540 1152 0 1760 1080
23541 1190 0 1798 1080
23542 1232 0 1840 1080
23543 1270 0 1878 1080
23544 1297 0 1905 1080
23545 1310 0 1918 1080
23546 1274 0 1882 1080
23547 1205 0 1813 1080
23548 1156 0 1764 1080
23549 1134 0 1742 1080
23550 1138 0 1746 1080
23551 1163 0 1771 1080
23552 1199 0 1807 1080
23553 1237 0 1845 1080
23554 1269 0 1877 1080
23555 1289 0 1897 1080
23556 1294 0 1902 1080
23557 1286 0 1894 1080
23558 1269 0 1877 1080
23559 1264 0 1872 1080
23560 1270 0 1878 1080
23561 1293 0 1901 1080
23562 1312 0 1920 1080
23563 1312 0 1920 1080
23564 1312 0 1920 1080
23565 1312 0 1920 1080
23566 1312 0 1920 1080
23567 1312 0 1920 1080
23568 1312 0 1920 1080
23569 1287 0 1895 1080
23570 1253 0 1861 1080
23571 1239 0 1847 1080
23572 1236 0 1844 1080
23573 1255 0 1863 1080
23574 1289 0 1897 1080
23575 1312 0 1920 1080
23576 1312 0 1920 1080
23577 1312 0 1920 1080
23578 1312 0 1920 1080
23579 1294 0 1902 1080
23580 1299 0 1907 1080
23581 1312 0 1920 1080
23582 1312 0 1920 1080
23583 1312 0 1920 1080
23584 1312 0 1920 1080
23585 1312 0 1920 1080
23586 1312 0 1920 1080
23587 1312 0 1920 1080
23588 1312 0 1920 1080
23589 1312 0 1920 1080
23590 1287 0 1895 1080
23591 1272 0 1880 1080
23592 1276 0 1884 1080
23593 1293 0 1901 1080
23594 1312 0 1920 1080
23595 1312 0 1920 1080
23596 1312 0 1920 1080
23597 1312 0 1920 1080
23598 1312 0 1920 1080
23599 1312 0 1920 1080
23600 1312 0 1920 1080
23601 1312 0 1920 1080
23602 1312 0 1920 1080
23603 1312 0 1920 1080
23604 1308 0 1916 1080
23605 1278 0 1886 1080
23606 1239 0 1847 1080
23607 1202 0 1810 1080
23608 1202 0 1810 1080
23609 1203 0 1811 1080
23610 1232 0 1840 1080
23611 1262 0 1870 1080
23612 1303 0 1911 1080
23613 1312 0 1920 1080
23614 1312 0 1920 1080
23615 1312 0 1920 1080
23616 1312 0 1920 1080
23617 1291 0 1899 1080
23618 1211 0 1819 1080
23619 1174 0 1782 1080
23620 1186 0 1794 1080
23621 1237 0 1845 1080
23622 1224 0 1832 1080
23623 1253 0 1861 1080
23624 1221 0 1829 1080
23625 1147 0 1755 1080
23626 1067 0 1675 1080
23627 987 0 1595 1080
23628 907 0 1515 1080
23629 827 0 1435 1080
23630 757 0 1365 1080
23631 714 0 1322 1080
23632 702 0 1310 1080
23633 717 0 1325 1080
23634 755 0 1363 1080
23635 802 0 1410 1080
23636 848 0 1456 1080
23637 885 0 1493 1080
23638 910 0 1518 1080
23639 921 0 1529 1080
23640 919 0 1527 1080
23641 906 0 1514 1080
23642 888 0 1496 1080
23643 870 0 1478 1080
23644 852 0 1460 1080
23645 838 0 1446 1080
23646 827 0 1435 1080
23647 821 0 1429 1080
23648 823 0 1431 1080
23649 831 0 1439 1080
23650 841 0 1449 1080
23651 850 0 1458 1080
23652 858 0 1466 1080
23653 861 0 1469 1080
23654 857 0 1465 1080
23655 846 0 1454 1080
23656 828 0 1436 1080
23657 809 0 1417 1080
23658 793 0 1401 1080
23659 784 0 1392 1080
23660 783 0 1391 1080
23661 789 0 1397 1080
23662 799 0 1407 1080
23663 808 0 1416 1080
23664 813 0 1421 1080
23665 812 0 1420 1080
23666 806 0 1414 1080
23667 795 0 1403 1080
23668 785 0 1393 1080
23669 777 0 1385 1080
23670 772 0 1380 1080
23671 774 0 1382 1080
23672 779 0 1387 1080
23673 785 0 1393 1080
23674 788 0 1396 1080
23675 787 0 1395 1080
23676 781 0 1389 1080
23677 771 0 1379 1080
23678 761 0 1369 1080
23679 753 0 1361 1080
23680 750 0 1358 1080
23681 752 0 1360 1080
23682 757 0 1365 1080
23683 764 0 1372 1080
23684 770 0 1378 1080
23685 774 0 1382 1080
23686 773 0 1381 1080
23687 768 0 1376 1080
23688 759 0 1367 1080
23689 749 0 1357 1080
23690 740 0 1348 1080
23691 733 0 1341 1080
23692 730 0 1338 1080
23693 730 0 1338 1080
23694 732 0 1340 1080
23695 738 0 1346 1080
23696 744 0 1352 1080
23697 751 0 1359 1080
23698 756 0 1364 1080
23699 760 0 1368 1080
23700 764 0 1372 1080
23701 766 0 1374 1080
23702 768 0 1376 1080
23703 769 0 1377 1080
23704 766 0 1374 1080
23705 760 0 1368 1080
23706 753 0 1361 1080
23707 747 0 1355 1080
23708 743 0 1351 1080
23709 742 0 1350 1080
23710 743 0 1351 1080
23711 746 0 1354 1080
23712 750 0 1358 1080
23713 752 0 1360 1080
23714 753 0 1361 1080
23715 753 0 1361 1080
23716 753 0 1361 1080
23717 750 0 1358 1080
23718 744 0 1352 1080
23719 734 0 1342 1080
23720 720 0 1328 1080
23721 707 0 1315 1080
23722 696 0 1304 1080
23723 690 0 1298 1080
23724 688 0 1296 1080
23725 689 0 1297 1080
23726 694 0 1302 1080
23727 701 0 1309 1080
23728 708 0 1316 1080
23729 713 0 1321 1080
23730 715 0 1323 1080
23731 715 0 1323 1080
23732 714 0 1322 1080
23733 714 0 1322 1080
23734 714 0 1322 1080
23735 715 0 1323 1080
23736 720 0 1328 1080
23737 727 0 1335 1080
23738 736 0 1344 1080
23739 745 0 1353 1080
23740 753 0 1361 1080
23741 759 0 1367 1080
23742 762 0 1370 1080
23743 762 0 1370 1080
23744 761 0 1369 1080
23745 759 0 1367 1080
23746 759 0 1367 1080
23747 764 0 1372 1080
23748 777 0 1385 1080
23749 819 0 1427 1080
23750 876 0 1484 1080
23751 934 0 1542 1080
23752 983 0 1591 1080
23753 1017 0 1625 1080
23754 1037 0 1645 1080
23755 1082 0 1690 1080
23756 1141 0 1749 1080
23757 1204 0 1812 1080
23758 1259 0 1867 1080
23759 1299 0 1907 1080
23760 1312 0 1920 1080
23761 1312 0 1920 1080
23762 1306 0 1914 1080
23763 1283 0 1891 1080
23764 1258 0 1866 1080
23765 1237 0 1845 1080
23766 1223 0 1831 1080
23767 1218 0 1826 1080
23768 1222 0 1830 1080
23769 1232 0 1840 1080
23770 1245 0 1853 1080
23771 1258 0 1866 1080
23772 1269 0 1877 1080
23773 1277 0 1885 1080
23774 1280 0 1888 1080
23775 1280 0 1888 1080
23776 1277 0 1885 1080
23777 1273 0 1881 1080
23778 1270 0 1878 1080
23779 1267 0 1875 1080
23780 1265 0 1873 1080
23781 1264 0 1872 1080
23782 1265 0 1873 1080
23783 1267 0 1875 1080
23784 1270 0 1878 1080
23785 1272 0 1880 1080
23786 1274 0 1882 1080
23787 1275 0 1883 1080
23788 1276 0 1884 1080
23789 1277 0 1885 1080
23790 1276 0 1884 1080
23791 1275 0 1883 1080
23792 1273 0 1881 1080
23793 1272 0 1880 1080
23794 1272 0 1880 1080
23795 1272 0 1880 1080
23796 1273 0 1881 1080
23797 1274 0 1882 1080
23798 1275 0 1883 1080
23799 1277 0 1885 1080
23800 1278 0 1886 1080
23801 1279 0 1887 1080
23802 1279 0 1887 1080
23803 1280 0 1888 1080
23804 1280 0 1888 1080
23805 1277 0 1885 1080
23806 1273 0 1881 1080
23807 1269 0 1877 1080
23808 1263 0 1871 1080
23809 1256 0 1864 1080
23810 1251 0 1859 1080
23811 1246 0 1854 1080
23812 1242 0 1850 1080
23813 1240 0 1848 1080
23814 1238 0 1846 1080
23815 1237 0 1845 1080
23816 1237 0 1845 1080
23817 1235 0 1843 1080
23818 1233 0 1841 1080
23819 1230 0 1838 1080
23820 1226 0 1834 1080
23821 1221 0 1829 1080
23822 1215 0 1823 1080
23823 1208 0 1816 1080
23824 1201 0 1809 1080
23825 1194 0 1802 1080
23826 1189 0 1797 1080
23827 1186 0 1794 1080
23828 1183 0 1791 1080
23829 1183 0 1791 1080
23830 1184 0 1792 1080
23831 1186 0 1794 1080
23832 1189 0 1797 1080
23833 1191 0 1799 1080
23834 1192 0 1800 1080
23835 1186 0 1794 1080
23836 1181 0 1789 1080
23837 1178 0 1786 1080
23838 1177 0 1785 1080
23839 1178 0 1786 1080
23840 1196 0 1804 1080
23841 1222 0 1830 1080
23842 1202 0 1810 1080
23843 1198 0 1806 1080
23844 1209 0 1817 1080
23845 1229 0 1837 1080
23846 1253 0 1861 1080
23847 1276 0 1884 1080
23848 1293 0 1901 1080
23849 1213 0 1821 1080
23850 1161 0 1769 1080
23851 1143 0 1751 1080
23852 1155 0 1763 1080
23853 1190 0 1798 1080
23854 1236 0 1844 1080
23855 1281 0 1889 1080
23856 1201 0 1809 1080
23857 1154 0 1762 1080
23858 1143 0 1751 1080
23859 1163 0 1771 1080
23860 1204 0 1812 1080
23861 1254 0 1862 1080
23862 1302 0 1910 1080
23863 1222 0 1830 1080
23864 1173 0 1781 1080
23865 1158 0 1766 1080
23866 1174 0 1782 1080
23867 1212 0 1820 1080
23868 1261 0 1869 1080
23869 1308 0 1916 1080
23870 1228 0 1836 1080
23871 1179 0 1787 1080
23872 1166 0 1774 1080
23873 1184 0 1792 1080
23874 1224 0 1832 1080
23875 1273 0 1881 1080
23876 1312 0 1920 1080
23877 1240 0 1848 1080
23878 1191 0 1799 1080
23879 1177 0 1785 1080
23880 1195 0 1803 1080
23881 1169 0 1777 1080
23882 1114 0 1722 1080
23883 1049 0 1657 1080
23884 989 0 1597 1080
23885 947 0 1555 1080
23886 928 0 1536 1080
23887 933 0 1541 1080
23888 957 0 1565 1080
23889 992 0 1600 1080
23890 1033 0 1641 1080
23891 1069 0 1677 1080
23892 1095 0 1703 1080
23893 1107 0 1715 1080
23894 1105 0 1713 1080
23895 1094 0 1702 1080
23896 1079 0 1687 1080
23897 1064 0 1672 1080
23898 1051 0 1659 1080
23899 1045 0 1653 1080
23900 1045 0 1653 1080
23901 1052 0 1660 1080
23902 1064 0 1672 1080
23903 1078 0 1686 1080
23904 1092 0 1700 1080
23905 1103 0 1711 1080
23906 1108 0 1716 1080
23907 1108 0 1716 1080
23908 1102 0 1710 1080
23909 1095 0 1703 1080
23910 1087 0 1695 1080
23911 1081 0 1689 1080
23912 1076 0 1684 1080
23913 1074 0 1682 1080
23914 1074 0 1682 1080
23915 1075 0 1683 1080
23916 1076 0 1684 1080
23917 1072 0 1680 1080
23918 1064 0 1672 1080
23919 1041 0 1649 1080
23920 1019 0 1627 1080
23921 998 0 1606 1080
23922 963 0 1571 1080
23923 920 0 1528 1080
23924 873 0 1481 1080
23925 828 0 1436 1080
23926 789 0 1397 1080
23927 757 0 1365 1080
23928 733 0 1341 1080
23929 715 0 1323 1080
23930 701 0 1309 1080
23931 687 0 1295 1080
23932 672 0 1280 1080
23933 653 0 1261 1080
23934 630 0 1238 1080
23935 605 0 1213 1080
23936 576 0 1184 1080
23937 546 0 1154 1080
23938 516 0 1124 1080
23939 488 0 1096 1080
23940 460 0 1068 1080
23941 435 0 1043 1080
23942 410 0 1018 1080
23943 387 0 995 1080
23944 364 0 972 1080
23945 341 0 949 1080
23946 318 0 926 1080
23947 294 0 902 1080
23948 269 0 877 1080
23949 210 0 818 1080
23950 134 0 742 1080
23951 59 0 667 1080
23952 37 0 645 1080
23953 65 0 673 1080
23954 130 0 738 1080
23955 210 0 818 1080
23956 290 0 898 1080
23957 361 0 969 1080
23958 414 0 1022 1080
23959 387 0 995 1080
23960 364 0 972 1080
23961 350 0 958 1080
23962 350 0 958 1080
23963 364 0 972 1080
23964 389 0 997 1080
23965 422 0 1030 1080
23966 457 0 1065 1080
23967 498 0 1106 1080
23968 538 0 1146 1080
23969 570 0 1178 1080
23970 591 0 1199 1080
23971 593 0 1201 1080
23972 588 0 1196 1080
23973 577 0 1185 1080
23974 564 0 1172 1080
23975 555 0 1163 1080
23976 551 0 1159 1080
23977 553 0 1161 1080
23978 559 0 1167 1080
23979 569 0 1177 1080
23980 579 0 1187 1080
23981 588 0 1196 1080
23982 595 0 1203 1080
23983 597 0 1205 1080
23984 597 0 1205 1080
23985 592 0 1200 1080
23986 583 0 1191 1080
23987 576 0 1184 1080
23988 574 0 1182 1080
23989 574 0 1182 1080
23990 574 0 1182 1080
23991 567 0 1175 1080
23992 549 0 1157 1080
23993 533 0 1141 1080
23994 521 0 1129 1080
23995 515 0 1123 1080
23996 516 0 1124 1080
23997 509 0 1117 1080
23998 498 0 1106 1080
23999 487 0 1095 1080
24000 480 0 1088 1080
24001 478 0 1086 1080
24002 481 0 1089 1080
24003 492 0 1100 1080
24004 509 0 1117 1080
24005 530 0 1138 1080
24006 553 0 1161 1080
24007 574 0 1182 1080
24008 589 0 1197 1080
24009 597 0 1205 1080
24010 597 0 1205 1080
24011 592 0 1200 1080
24012 586 0 1194 1080
24013 581 0 1189 1080
24014 555 0 1163 1080
24015 517 0 1125 1080
24016 479 0 1087 1080
24017 449 0 1057 1080
24018 429 0 1037 1080
24019 451 0 1059 1080
24020 500 0 1108 1080
24021 561 0 1169 1080
24022 596 0 1204 1080
24023 606 0 1214 1080
24024 592 0 1200 1080
24025 559 0 1167 1080
24026 517 0 1125 1080
24027 491 0 1099 1080
24028 490 0 1098 1080
24029 566 0 1174 1080
24030 646 0 1254 1080
24031 726 0 1334 1080
24032 806 0 1414 1080
24033 880 0 1488 1080
24034 931 0 1539 1080
24035 951 0 1559 1080
24036 947 0 1555 1080
24037 916 0 1524 1080
24038 866 0 1474 1080
24039 807 0 1415 1080
24040 750 0 1358 1080
24041 703 0 1311 1080
24042 673 0 1281 1080
24043 664 0 1272 1080
24044 673 0 1281 1080
24045 696 0 1304 1080
24046 720 0 1328 1080
24047 737 0 1345 1080
24048 747 0 1355 1080
24049 748 0 1356 1080
24050 742 0 1350 1080
24051 732 0 1340 1080
24052 735 0 1343 1080
24053 746 0 1354 1080
24054 761 0 1369 1080
24055 774 0 1382 1080
24056 783 0 1391 1080
24057 787 0 1395 1080
24058 785 0 1393 1080
24059 778 0 1386 1080
24060 767 0 1375 1080
24061 755 0 1363 1080
24062 742 0 1350 1080
24063 730 0 1338 1080
24064 720 0 1328 1080
24065 715 0 1323 1080
24066 710 0 1318 1080
24067 705 0 1313 1080
24068 700 0 1308 1080
24069 695 0 1303 1080
24070 690 0 1298 1080
24071 685 0 1293 1080
24072 681 0 1289 1080
24073 677 0 1285 1080
24074 675 0 1283 1080
24075 670 0 1278 1080
24076 665 0 1273 1080
24077 641 0 1249 1080
24078 608 0 1216 1080
24079 576 0 1184 1080
24080 551 0 1159 1080
24081 538 0 1146 1080
24082 543 0 1151 1080
24083 561 0 1169 1080
24084 563 0 1171 1080
24085 554 0 1162 1080
24086 545 0 1153 1080
24087 542 0 1150 1080
24088 543 0 1151 1080
24089 538 0 1146 1080
24090 522 0 1130 1080
24091 505 0 1113 1080
24092 495 0 1103 1080
24093 497 0 1105 1080
24094 510 0 1118 1080
24095 551 0 1159 1080
24096 588 0 1196 1080
24097 633 0 1241 1080
24098 676 0 1284 1080
24099 709 0 1317 1080
24100 727 0 1335 1080
24101 727 0 1335 1080
24102 725 0 1333 1080
24103 706 0 1314 1080
24104 691 0 1299 1080
24105 684 0 1292 1080
24106 684 0 1292 1080
24107 690 0 1298 1080
24108 692 0 1300 1080
24109 686 0 1294 1080
24110 766 0 1374 1080
24111 808 0 1416 1080
24112 812 0 1420 1080
24113 784 0 1392 1080
24114 749 0 1357 1080
24115 705 0 1313 1080
24116 663 0 1271 1080
24117 633 0 1241 1080
24118 619 0 1227 1080
24119 625 0 1233 1080
24120 646 0 1254 1080
24121 676 0 1284 1080
24122 710 0 1318 1080
24123 742 0 1350 1080
24124 767 0 1375 1080
24125 784 0 1392 1080
24126 791 0 1399 1080
24127 791 0 1399 1080
24128 786 0 1394 1080
24129 813 0 1421 1080
24130 865 0 1473 1080
24131 929 0 1537 1080
24132 995 0 1603 1080
24133 1052 0 1660 1080
24134 1095 0 1703 1080
24135 1122 0 1730 1080
24136 1133 0 1741 1080
24137 1132 0 1740 1080
24138 1124 0 1732 1080
24139 1113 0 1721 1080
24140 1099 0 1707 1080
24141 1086 0 1694 1080
24142 1073 0 1681 1080
24143 1062 0 1670 1080
24144 1054 0 1662 1080
24145 1047 0 1655 1080
24146 1041 0 1649 1080
24147 1036 0 1644 1080
24148 1031 0 1639 1080
24149 1027 0 1635 1080
24150 1027 0 1635 1080
24151 1030 0 1638 1080
24152 1039 0 1647 1080
24153 1047 0 1655 1080
24154 1054 0 1662 1080
24155 1059 0 1667 1080
24156 1060 0 1668 1080
24157 1072 0 1680 1080
24158 1096 0 1704 1080
24159 1126 0 1734 1080
24160 1158 0 1766 1080
24161 1186 0 1794 1080
24162 1206 0 1814 1080
24163 1216 0 1824 1080
24164 1217 0 1825 1080
24165 1209 0 1817 1080
24166 1197 0 1805 1080
24167 1186 0 1794 1080
24168 1178 0 1786 1080
24169 1175 0 1783 1080
24170 1181 0 1789 1080
24171 1193 0 1801 1080
24172 1209 0 1817 1080
24173 1225 0 1833 1080
24174 1239 0 1847 1080
24175 1249 0 1857 1080
24176 1255 0 1863 1080
24177 1258 0 1866 1080
24178 1258 0 1866 1080
24179 1257 0 1865 1080
24180 1255 0 1863 1080
24181 1235 0 1843 1080
24182 1201 0 1809 1080
24183 1163 0 1771 1080
24184 1126 0 1734 1080
24185 1098 0 1706 1080
24186 1080 0 1688 1080
24187 1060 0 1668 1080
24188 1039 0 1647 1080
24189 1021 0 1629 1080
24190 1011 0 1619 1080
24191 1007 0 1615 1080
24192 1010 0 1618 1080
24193 1018 0 1626 1080
24194 1031 0 1639 1080
24195 1045 0 1653 1080
24196 1056 0 1664 1080
24197 1062 0 1670 1080
24198 1062 0 1670 1080
24199 1057 0 1665 1080
24200 1048 0 1656 1080
24201 1037 0 1645 1080
24202 1025 0 1633 1080
24203 1012 0 1620 1080
24204 1003 0 1611 1080
24205 992 0 1600 1080
24206 983 0 1591 1080
24207 977 0 1585 1080
24208 973 0 1581 1080
24209 971 0 1579 1080
24210 972 0 1580 1080
24211 974 0 1582 1080
24212 975 0 1583 1080
24213 974 0 1582 1080
24214 1033 0 1641 1080
24215 1057 0 1665 1080
24216 1050 0 1658 1080
24217 1020 0 1628 1080
24218 979 0 1587 1080
24219 939 0 1547 1080
24220 867 0 1475 1080
24221 787 0 1395 1080
24222 714 0 1322 1080
24223 682 0 1290 1080
24224 689 0 1297 1080
24225 728 0 1336 1080
24226 785 0 1393 1080
24227 843 0 1451 1080
24228 889 0 1497 1080
24229 916 0 1524 1080
24230 922 0 1530 1080
24231 906 0 1514 1080
24232 879 0 1487 1080
24233 846 0 1454 1080
24234 816 0 1424 1080
24235 795 0 1403 1080
24236 786 0 1394 1080
24237 789 0 1397 1080
24238 801 0 1409 1080
24239 815 0 1423 1080
24240 829 0 1437 1080
24241 841 0 1449 1080
24242 849 0 1457 1080
24243 853 0 1461 1080
24244 854 0 1462 1080
24245 851 0 1459 1080
24246 846 0 1454 1080
24247 841 0 1449 1080
24248 838 0 1446 1080
24249 841 0 1449 1080
24250 849 0 1457 1080
24251 860 0 1468 1080
24252 871 0 1479 1080
24253 882 0 1490 1080
24254 891 0 1499 1080
24255 900 0 1508 1080
24256 909 0 1517 1080
24257 919 0 1527 1080
24258 932 0 1540 1080
24259 946 0 1554 1080
24260 962 0 1570 1080
24261 977 0 1585 1080
24262 990 0 1598 1080
24263 999 0 1607 1080
24264 1005 0 1613 1080
24265 1010 0 1618 1080
24266 1017 0 1625 1080
24267 1026 0 1634 1080
24268 1036 0 1644 1080
24269 1046 0 1654 1080
24270 1055 0 1663 1080
24271 1062 0 1670 1080
24272 1065 0 1673 1080
24273 1061 0 1669 1080
24274 1051 0 1659 1080
24275 1038 0 1646 1080
24276 1026 0 1634 1080
24277 1019 0 1627 1080
24278 1020 0 1628 1080
24279 1027 0 1635 1080
24280 1038 0 1646 1080
24281 1051 0 1659 1080
24282 1062 0 1670 1080
24283 1066 0 1674 1080
24284 1064 0 1672 1080
24285 1057 0 1665 1080
24286 1048 0 1656 1080
24287 1040 0 1648 1080
24288 1032 0 1640 1080
24289 1026 0 1634 1080
24290 1022 0 1630 1080
24291 1021 0 1629 1080
24292 1017 0 1625 1080
24293 1011 0 1619 1080
24294 1001 0 1609 1080
24295 991 0 1599 1080
24296 982 0 1590 1080
24297 977 0 1585 1080
24298 977 0 1585 1080
24299 980 0 1588 1080
24300 984 0 1592 1080
24301 989 0 1597 1080
24302 992 0 1600 1080
24303 991 0 1599 1080
24304 988 0 1596 1080
24305 985 0 1593 1080
24306 983 0 1591 1080
24307 982 0 1590 1080
24308 982 0 1590 1080
24309 983 0 1591 1080
24310 983 0 1591 1080
24311 981 0 1589 1080
24312 976 0 1584 1080
24313 969 0 1577 1080
24314 960 0 1568 1080
24315 952 0 1560 1080
24316 947 0 1555 1080
24317 945 0 1553 1080
24318 946 0 1554 1080
24319 949 0 1557 1080
24320 952 0 1560 1080
24321 953 0 1561 1080
24322 948 0 1556 1080
24323 938 0 1546 1080
24324 923 0 1531 1080
24325 907 0 1515 1080
24326 896 0 1504 1080
24327 891 0 1499 1080
24328 895 0 1503 1080
24329 905 0 1513 1080
24330 920 0 1528 1080
24331 937 0 1545 1080
24332 951 0 1559 1080
24333 960 0 1568 1080
24334 965 0 1573 1080
24335 966 0 1574 1080
24336 966 0 1574 1080
24337 965 0 1573 1080
24338 966 0 1574 1080
24339 969 0 1577 1080
24340 973 0 1581 1080
24341 979 0 1587 1080
24342 985 0 1593 1080
24343 991 0 1599 1080
24344 997 0 1605 1080
24345 1003 0 1611 1080
24346 1009 0 1617 1080
24347 1014 0 1622 1080
24348 1020 0 1628 1080
24349 1026 0 1634 1080
24350 1031 0 1639 1080
24351 1036 0 1644 1080
24352 1040 0 1648 1080
24353 1043 0 1651 1080
24354 1044 0 1652 1080
24355 1044 0 1652 1080
24356 1044 0 1652 1080
24357 1044 0 1652 1080
24358 1045 0 1653 1080
24359 1045 0 1653 1080
24360 1047 0 1655 1080
24361 1050 0 1658 1080
24362 1053 0 1661 1080
24363 1054 0 1662 1080
24364 1054 0 1662 1080
24365 1051 0 1659 1080
24366 1048 0 1656 1080
24367 1043 0 1651 1080
24368 1038 0 1646 1080
24369 1032 0 1640 1080
24370 1025 0 1633 1080
24371 1015 0 1623 1080
24372 1003 0 1611 1080
24373 984 0 1592 1080
24374 957 0 1565 1080
24375 926 0 1534 1080
24376 896 0 1504 1080
24377 872 0 1480 1080
24378 857 0 1465 1080
24379 827 0 1435 1080
24380 802 0 1410 1080
24381 782 0 1390 1080
24382 768 0 1376 1080
24383 758 0 1366 1080
24384 751 0 1359 1080
24385 736 0 1344 1080
24386 714 0 1322 1080
24387 669 0 1277 1080
24388 629 0 1237 1080
24389 595 0 1203 1080
24390 571 0 1179 1080
24391 556 0 1164 1080
24392 550 0 1158 1080
24393 546 0 1154 1080
24394 539 0 1147 1080
24395 530 0 1138 1080
24396 518 0 1126 1080
24397 501 0 1109 1080
24398 482 0 1090 1080
24399 460 0 1068 1080
24400 454 0 1062 1080
24401 430 0 1038 1080
24402 410 0 1018 1080
24403 393 0 1001 1080
24404 379 0 987 1080
24405 373 0 981 1080
24406 373 0 981 1080
24407 378 0 986 1080
24408 386 0 994 1080
24409 394 0 1002 1080
24410 397 0 1005 1080
24411 383 0 991 1080
24412 356 0 964 1080
24413 329 0 937 1080
24414 306 0 914 1080
24415 283 0 891 1080
24416 262 0 870 1080
24417 246 0 854 1080
24418 234 0 842 1080
24419 228 0 836 1080
24420 228 0 836 1080
24421 234 0 842 1080
24422 240 0 848 1080
24423 244 0 852 1080
24424 246 0 854 1080
24425 245 0 853 1080
24426 242 0 850 1080
24427 254 0 862 1080
24428 279 0 887 1080
24429 311 0 919 1080
24430 347 0 955 1080
24431 381 0 989 1080
24432 408 0 1016 1080
24433 460 0 1068 1080
24434 525 0 1133 1080
24435 587 0 1195 1080
24436 634 0 1242 1080
24437 661 0 1269 1080
24438 680 0 1288 1080
24439 698 0 1306 1080
24440 730 0 1338 1080
24441 776 0 1384 1080
24442 831 0 1439 1080
24443 892 0 1500 1080
24444 952 0 1560 1080
24445 1005 0 1613 1080
24446 1044 0 1652 1080
24447 1065 0 1673 1080
24448 1081 0 1689 1080
24449 1090 0 1698 1080
24450 1092 0 1700 1080
24451 1089 0 1697 1080
24452 1082 0 1690 1080
24453 1074 0 1682 1080
24454 1066 0 1674 1080
24455 1059 0 1667 1080
24456 1054 0 1662 1080
24457 1052 0 1660 1080
24458 1051 0 1659 1080
24459 1050 0 1658 1080
24460 1048 0 1656 1080
24461 1045 0 1653 1080
24462 1040 0 1648 1080
24463 1033 0 1641 1080
24464 1023 0 1631 1080
24465 1010 0 1618 1080
24466 990 0 1598 1080
24467 965 0 1573 1080
24468 936 0 1544 1080
24469 909 0 1517 1080
24470 886 0 1494 1080
24471 867 0 1475 1080
24472 847 0 1455 1080
24473 826 0 1434 1080
24474 803 0 1411 1080
24475 779 0 1387 1080
24476 758 0 1366 1080
24477 741 0 1349 1080
24478 726 0 1334 1080
24479 713 0 1321 1080
24480 703 0 1311 1080
24481 680 0 1288 1080
24482 643 0 1251 1080
24483 609 0 1217 1080
24484 580 0 1188 1080
24485 544 0 1152 1080
24486 506 0 1114 1080
24487 473 0 1081 1080
24488 463 0 1071 1080
24489 460 0 1068 1080
24490 447 0 1055 1080
24491 430 0 1038 1080
24492 409 0 1017 1080
24493 388 0 996 1080
24494 371 0 979 1080
24495 359 0 967 1080
24496 351 0 959 1080
24497 347 0 955 1080
24498 344 0 952 1080
24499 336 0 944 1080
24500 325 0 933 1080
24501 313 0 921 1080
24502 302 0 910 1080
24503 292 0 900 1080
24504 281 0 889 1080
24505 270 0 878 1080
24506 258 0 866 1080
24507 246 0 854 1080
24508 235 0 843 1080
24509 225 0 833 1080
24510 216 0 824 1080
24511 208 0 816 1080
24512 199 0 807 1080
24513 190 0 798 1080
24514 180 0 788 1080
24515 169 0 777 1080
24516 159 0 767 1080
24517 151 0 759 1080
24518 144 0 752 1080
24519 135 0 743 1080
24520 125 0 733 1080
24521 113 0 721 1080
24522 102 0 710 1080
24523 92 0 700 1080
24524 85 0 693 1080
24525 103 0 711 1080
24526 137 0 745 1080
24527 174 0 782 1080
24528 204 0 812 1080
24529 221 0 829 1080
24530 221 0 829 1080
24531 195 0 803 1080
24532 152 0 760 1080
24533 104 0 712 1080
24534 61 0 669 1080
24535 31 0 639 1080
24536 17 0 625 1080
24537 19 0 627 1080
24538 34 0 642 1080
24539 55 0 663 1080
24540 78 0 686 1080
24541 99 0 707 1080
24542 112 0 720 1080
24543 119 0 727 1080
24544 124 0 732 1080
24545 128 0 736 1080
24546 131 0 739 1080
24547 136 0 744 1080
24548 141 0 749 1080
24549 150 0 758 1080
24550 161 0 769 1080
24551 176 0 784 1080
24552 191 0 799 1080
24553 208 0 816 1080
24554 220 0 828 1080
24555 224 0 832 1080
24556 221 0 829 1080
24557 213 0 821 1080
24558 203 0 811 1080
24559 197 0 805 1080
24560 198 0 806 1080
24561 207 0 815 1080
24562 218 0 826 1080
24563 229 0 837 1080
24564 237 0 845 1080
24565 244 0 852 1080
24566 254 0 862 1080
24567 270 0 878 1080
24568 292 0 900 1080
24569 312 0 920 1080
24570 328 0 936 1080
24571 338 0 946 1080
24572 344 0 952 1080
24573 347 0 955 1080
24574 348 0 956 1080
24575 349 0 957 1080
24576 351 0 959 1080
24577 350 0 958 1080
24578 347 0 955 1080
24579 359 0 967 1080
24580 360 0 968 1080
24581 355 0 963 1080
24582 347 0 955 1080
24583 341 0 949 1080
24584 343 0 951 1080
24585 348 0 956 1080
24586 354 0 962 1080
24587 360 0 968 1080
24588 365 0 973 1080
24589 369 0 977 1080
24590 374 0 982 1080
24591 381 0 989 1080
24592 392 0 1000 1080
24593 400 0 1008 1080
24594 404 0 1012 1080
24595 421 0 1029 1080
24596 501 0 1109 1080
24597 541 0 1149 1080
24598 543 0 1151 1080
24599 523 0 1131 1080
24600 523 0 1131 1080
24601 538 0 1146 1080
24602 563 0 1171 1080
24603 594 0 1202 1080
24604 584 0 1192 1080
24605 542 0 1150 1080
24606 483 0 1091 1080
24607 424 0 1032 1080
24608 375 0 983 1080
24609 346 0 954 1080
24610 340 0 948 1080
24611 355 0 963 1080
24612 385 0 993 1080
24613 419 0 1027 1080
24614 452 0 1060 1080
24615 479 0 1087 1080
24616 497 0 1105 1080
24617 506 0 1114 1080
24618 504 0 1112 1080
24619 493 0 1101 1080
24620 475 0 1083 1080
24621 454 0 1062 1080
24622 434 0 1042 1080
24623 423 0 1031 1080
24624 420 0 1028 1080
24625 426 0 1034 1080
24626 438 0 1046 1080
24627 452 0 1060 1080
24628 464 0 1072 1080
24629 472 0 1080 1080
24630 474 0 1082 1080
24631 468 0 1076 1080
24632 456 0 1064 1080
24633 439 0 1047 1080
24634 415 0 1023 1080
24635 387 0 995 1080
24636 356 0 964 1080
24637 290 0 898 1080
24638 210 0 818 1080
24639 136 0 744 1080
24640 85 0 693 1080
24641 67 0 675 1080
24642 79 0 687 1080
24643 112 0 720 1080
24644 109 0 717 1080
24645 78 0 686 1080
24646 33 0 641 1080
24647 0 0 608 1080
24648 0 0 608 1080
24649 0 0 608 1080
24650 0 0 608 1080
24651 45 0 653 1080
24652 125 0 733 1080
24653 204 0 812 1080
24654 263 0 871 1080
24655 298 0 906 1080
24656 314 0 922 1080
24657 315 0 923 1080
24658 310 0 918 1080
24659 305 0 913 1080
24660 304 0 912 1080
24661 308 0 916 1080
24662 315 0 923 1080
24663 348 0 956 1080
24664 394 0 1002 1080
24665 442 0 1050 1080
24666 482 0 1090 1080
24667 509 0 1117 1080
24668 521 0 1129 1080
24669 519 0 1127 1080
24670 506 0 1114 1080
24671 487 0 1095 1080
24672 469 0 1077 1080
24673 485 0 1093 1080
24674 526 0 1134 1080
24675 583 0 1191 1080
24676 641 0 1249 1080
24677 691 0 1299 1080
24678 727 0 1335 1080
24679 747 0 1355 1080
24680 753 0 1361 1080
24681 746 0 1354 1080
24682 732 0 1340 1080
24683 716 0 1324 1080
24684 697 0 1305 1080
24685 683 0 1291 1080
24686 682 0 1290 1080
24687 692 0 1300 1080
24688 713 0 1321 1080
24689 741 0 1349 1080
24690 772 0 1380 1080
24691 802 0 1410 1080
24692 824 0 1432 1080
24693 837 0 1445 1080
24694 841 0 1449 1080
24695 837 0 1445 1080
24696 828 0 1436 1080
24697 818 0 1426 1080
24698 807 0 1415 1080
24699 798 0 1406 1080
24700 795 0 1403 1080
24701 796 0 1404 1080
24702 798 0 1406 1080
24703 798 0 1406 1080
24704 794 0 1402 1080
24705 784 0 1392 1080
24706 769 0 1377 1080
24707 762 0 1370 1080
24708 762 0 1370 1080
24709 767 0 1375 1080
24710 777 0 1385 1080
24711 791 0 1399 1080
24712 807 0 1415 1080
24713 821 0 1429 1080
24714 830 0 1438 1080
24715 835 0 1443 1080
24716 834 0 1442 1080
24717 830 0 1438 1080
24718 823 0 1431 1080
24719 817 0 1425 1080
24720 816 0 1424 1080
24721 816 0 1424 1080
24722 824 0 1432 1080
24723 854 0 1462 1080
24724 880 0 1488 1080
24725 896 0 1504 1080
24726 902 0 1510 1080
24727 910 0 1518 1080
24728 927 0 1535 1080
24729 949 0 1557 1080
24730 962 0 1570 1080
24731 973 0 1581 1080
24732 983 0 1591 1080
24733 991 0 1599 1080
24734 997 0 1605 1080
24735 1003 0 1611 1080
24736 1010 0 1618 1080
24737 1019 0 1627 1080
24738 1032 0 1640 1080
24739 1048 0 1656 1080
24740 1066 0 1674 1080
24741 1085 0 1693 1080
24742 1102 0 1710 1080
24743 1117 0 1725 1080
24744 1127 0 1735 1080
24745 1134 0 1742 1080
24746 1139 0 1747 1080
24747 1142 0 1750 1080
24748 1144 0 1752 1080
24749 1147 0 1755 1080
24750 1151 0 1759 1080
24751 1157 0 1765 1080
24752 1164 0 1772 1080
24753 1174 0 1782 1080
24754 1187 0 1795 1080
24755 1202 0 1810 1080
24756 1218 0 1826 1080
24757 1223 0 1831 1080
24758 1245 0 1853 1080
24759 1263 0 1871 1080
24760 1294 0 1902 1080
24761 1312 0 1920 1080
24762 1312 0 1920 1080
24763 1312 0 1920 1080
24764 1312 0 1920 1080
24765 1312 0 1920 1080
24766 1312 0 1920 1080
24767 1312 0 1920 1080
24768 1312 0 1920 1080
24769 1312 0 1920 1080
24770 1312 0 1920 1080
24771 1312 0 1920 1080
24772 1312 0 1920 1080
24773 1312 0 1920 1080
24774 1312 0 1920 1080
24775 1312 0 1920 1080
24776 1312 0 1920 1080
24777 1312 0 1920 1080
24778 1312 0 1920 1080
24779 1312 0 1920 1080
24780 1312 0 1920 1080
24781 1312 0 1920 1080
24782 1312 0 1920 1080
24783 1312 0 1920 1080
24784 1312 0 1920 1080
24785 1312 0 1920 1080
24786 1312 0 1920 1080
24787 1312 0 1920 1080
24788 1312 0 1920 1080
24789 1312 0 1920 1080
24790 1312 0 1920 1080
24791 1312 0 1920 1080
24792 1312 0 1920 1080
24793 1312 0 1920 1080
24794 1312 0 1920 1080
24795 1312 0 1920 1080
24796 1312 0 1920 1080
24797 1312 0 1920 1080
24798 1312 0 1920 1080
24799 1312 0 1920 1080
24800 1312 0 1920 1080
24801 1312 0 1920 1080
24802 1312 0 1920 1080
24803 1312 0 1920 1080
24804 1312 0 1920 1080
24805 1312 0 1920 1080
24806 1312 0 1920 1080
24807 1312 0 1920 1080
24808 1312 0 1920 1080
24809 1312 0 1920 1080
24810 1312 0 1920 1080
24811 1312 0 1920 1080
24812 1312 0 1920 1080
24813 1312 0 1920 1080
24814 1312 0 1920 1080
24815 1312 0 1920 1080
24816 1312 0 1920 1080
24817 1312 0 1920 1080
24818 1312 0 1920 1080
24819 1312 0 1920 1080
24820 1312 0 1920 1080
24821 1312 0 1920 1080
24822 1307 0 1915 1080
24823 1302 0 1910 1080
24824 1301 0 1909 1080
24825 1303 0 1911 1080
24826 1307 0 1915 1080
24827 1311 0 1919 1080
24828 1312 0 1920 1080
24829 1312 0 1920 1080
24830 1312 0 1920 1080
24831 1312 0 1920 1080
24832 1306 0 1914 1080
24833 1297 0 1905 1080
24834 1288 0 1896 1080
24835 1279 0 1887 1080
24836 1272 0 1880 1080
24837 1268 0 1876 1080
24838 1265 0 1873 1080
24839 1262 0 1870 1080
24840 1259 0 1867 1080
24841 1256 0 1864 1080
24842 1251 0 1859 1080
24843 1247 0 1855 1080
24844 1243 0 1851 1080
24845 1239 0 1847 1080
24846 1237 0 1845 1080
24847 1236 0 1844 1080
24848 1236 0 1844 1080
24849 1237 0 1845 1080
24850 1240 0 1848 1080
24851 1243 0 1851 1080
24852 1247 0 1855 1080
24853 1250 0 1858 1080
24854 1251 0 1859 1080
24855 1250 0 1858 1080
24856 1248 0 1856 1080
24857 1243 0 1851 1080
24858 1238 0 1846 1080
24859 1233 0 1841 1080
24860 1231 0 1839 1080
24861 1232 0 1840 1080
24862 1243 0 1851 1080
24863 1252 0 1860 1080
24864 1259 0 1867 1080
24865 1261 0 1869 1080
24866 1259 0 1867 1080
24867 1254 0 1862 1080
24868 1245 0 1853 1080
24869 1235 0 1843 1080
24870 1217 0 1825 1080
24871 1209 0 1817 1080
24872 1199 0 1807 1080
24873 1193 0 1801 1080
24874 1191 0 1799 1080
24875 1192 0 1800 1080
24876 1193 0 1801 1080
24877 1196 0 1804 1080
24878 1201 0 1809 1080
24879 1208 0 1816 1080
24880 1216 0 1824 1080
24881 1225 0 1833 1080
24882 1234 0 1842 1080
24883 1242 0 1850 1080
24884 1250 0 1858 1080
24885 1256 0 1864 1080
24886 1260 0 1868 1080
24887 1263 0 1871 1080
24888 1265 0 1873 1080
24889 1283 0 1891 1080
24890 1309 0 1917 1080
24891 1312 0 1920 1080
24892 1312 0 1920 1080
24893 1312 0 1920 1080
24894 1312 0 1920 1080
24895 1312 0 1920 1080
24896 1312 0 1920 1080
24897 1312 0 1920 1080
24898 1312 0 1920 1080
24899 1312 0 1920 1080
24900 1312 0 1920 1080
24901 1312 0 1920 1080
24902 1312 0 1920 1080
24903 1312 0 1920 1080
24904 1312 0 1920 1080
24905 1312 0 1920 1080
24906 1312 0 1920 1080
24907 1312 0 1920 1080
24908 1312 0 1920 1080
24909 1307 0 1915 1080
24910 1292 0 1900 1080
24911 1285 0 1893 1080
24912 1285 0 1893 1080
24913 1288 0 1896 1080
24914 1292 0 1900 1080
24915 1298 0 1906 1080
24916 1303 0 1911 1080
24917 1267 0 1875 1080
24918 1202 0 1810 1080
24919 1125 0 1733 1080
24920 1052 0 1660 1080
24921 995 0 1603 1080
24922 970 0 1578 1080
24923 974 0 1582 1080
24924 1000 0 1608 1080
24925 1037 0 1645 1080
24926 1075 0 1683 1080
24927 1105 0 1713 1080
24928 1169 0 1777 1080
24929 1245 0 1853 1080
24930 1269 0 1877 1080
24931 1245 0 1853 1080
24932 1187 0 1795 1080
24933 1113 0 1721 1080
24934 1038 0 1646 1080
24935 978 0 1586 1080
24936 940 0 1548 1080
24937 926 0 1534 1080
24938 926 0 1534 1080
24939 938 0 1546 1080
24940 960 0 1568 1080
24941 993 0 1601 1080
24942 1027 0 1635 1080
24943 1056 0 1664 1080
24944 1073 0 1681 1080
24945 1082 0 1690 1080
24946 1078 0 1686 1080
24947 1073 0 1681 1080
24948 1068 0 1676 1080
24949 1064 0 1672 1080
24950 1062 0 1670 1080
24951 1071 0 1679 1080
24952 1090 0 1698 1080
24953 1115 0 1723 1080
24954 1154 0 1762 1080
24955 1185 0 1793 1080
24956 1204 0 1812 1080
24957 1217 0 1825 1080
24958 1216 0 1824 1080
24959 1204 0 1812 1080
24960 1186 0 1794 1080
24961 1167 0 1775 1080
24962 1150 0 1758 1080
24963 1140 0 1748 1080
24964 1136 0 1744 1080
24965 1139 0 1747 1080
24966 1146 0 1754 1080
24967 1156 0 1764 1080
24968 1155 0 1763 1080
24969 1158 0 1766 1080
24970 1166 0 1774 1080
24971 1177 0 1785 1080
24972 1187 0 1795 1080
24973 1196 0 1804 1080
24974 1204 0 1812 1080
24975 1208 0 1816 1080
24976 1206 0 1814 1080
24977 1195 0 1803 1080
24978 1172 0 1780 1080
24979 1145 0 1753 1080
24980 1118 0 1726 1080
24981 1094 0 1702 1080
24982 1076 0 1684 1080
24983 1063 0 1671 1080
24984 1056 0 1664 1080
24985 1087 0 1695 1080
24986 1107 0 1715 1080
24987 1114 0 1722 1080
24988 1108 0 1716 1080
24989 1037 0 1645 1080
24990 957 0 1565 1080
24991 877 0 1485 1080
24992 797 0 1405 1080
24993 717 0 1325 1080
24994 639 0 1247 1080
24995 574 0 1182 1080
24996 526 0 1134 1080
24997 496 0 1104 1080
24998 482 0 1090 1080
24999 562 0 1170 1080
25000 612 0 1220 1080
25001 623 0 1231 1080
25002 596 0 1204 1080
25003 538 0 1146 1080
25004 461 0 1069 1080
25005 381 0 989 1080
25006 461 0 1069 1080
25007 495 0 1103 1080
25008 481 0 1089 1080
25009 425 0 1033 1080
25010 345 0 953 1080
25011 265 0 873 1080
25012 191 0 799 1080
25013 148 0 756 1080
25014 139 0 747 1080
25015 149 0 757 1080
25016 177 0 785 1080
25017 220 0 828 1080
25018 276 0 884 1080
25019 338 0 946 1080
25020 395 0 1003 1080
25021 468 0 1076 1080
25022 544 0 1152 1080
25023 609 0 1217 1080
25024 653 0 1261 1080
25025 673 0 1281 1080
25026 669 0 1277 1080
25027 652 0 1260 1080
25028 630 0 1238 1080
25029 610 0 1218 1080
25030 599 0 1207 1080
25031 582 0 1190 1080
25032 578 0 1186 1080
25033 599 0 1207 1080
25034 595 0 1203 1080
25035 610 0 1218 1080
25036 636 0 1244 1080
25037 665 0 1273 1080
25038 705 0 1313 1080
25039 748 0 1356 1080
25040 790 0 1398 1080
25041 825 0 1433 1080
25042 852 0 1460 1080
25043 870 0 1478 1080
25044 880 0 1488 1080
25045 883 0 1491 1080
25046 884 0 1492 1080
25047 884 0 1492 1080
25048 882 0 1490 1080
25049 962 0 1570 1080
25050 1014 0 1622 1080
25051 1036 0 1644 1080
25052 1034 0 1642 1080
25053 1014 0 1622 1080
25054 984 0 1592 1080
25055 958 0 1566 1080
25056 943 0 1551 1080
25057 938 0 1546 1080
25058 952 0 1560 1080
25059 977 0 1585 1080
25060 1013 0 1621 1080
25061 1051 0 1659 1080
25062 1104 0 1712 1080
25063 1149 0 1757 1080
25064 1200 0 1808 1080
25065 1249 0 1857 1080
25066 1293 0 1901 1080
25067 1312 0 1920 1080
25068 1312 0 1920 1080
25069 1312 0 1920 1080
25070 1312 0 1920 1080
25071 1312 0 1920 1080
25072 1312 0 1920 1080
25073 1312 0 1920 1080
25074 1312 0 1920 1080
25075 1312 0 1920 1080
25076 1312 0 1920 1080
25077 1312 0 1920 1080
25078 1312 0 1920 1080
25079 1312 0 1920 1080
25080 1312 0 1920 1080
25081 1312 0 1920 1080
25082 1312 0 1920 1080
25083 1309 0 1917 1080
25084 1229 0 1837 1080
25085 1158 0 1766 1080
25086 1115 0 1723 1080
25087 1101 0 1709 1080
25088 1115 0 1723 1080
25089 1144 0 1752 1080
25090 1224 0 1832 1080
25091 1304 0 1912 1080
25092 1312 0 1920 1080
25093 1312 0 1920 1080
25094 1312 0 1920 1080
25095 1312 0 1920 1080
25096 1312 0 1920 1080
25097 1312 0 1920 1080
25098 1312 0 1920 1080
25099 1312 0 1920 1080
25100 1312 0 1920 1080
25101 1312 0 1920 1080
25102 1312 0 1920 1080
25103 1312 0 1920 1080
25104 1312 0 1920 1080
25105 1312 0 1920 1080
25106 1312 0 1920 1080
25107 1312 0 1920 1080
25108 1312 0 1920 1080
25109 1312 0 1920 1080
25110 1312 0 1920 1080
25111 1312 0 1920 1080
25112 1312 0 1920 1080
25113 1312 0 1920 1080
25114 1312 0 1920 1080
25115 1312 0 1920 1080
25116 1312 0 1920 1080
25117 1312 0 1920 1080
25118 1312 0 1920 1080
25119 1312 0 1920 1080
25120 1312 0 1920 1080
25121 1312 0 1920 1080
25122 1291 0 1899 1080
25123 1212 0 1820 1080
25124 1149 0 1757 1080
25125 1112 0 1720 1080
25126 1103 0 1711 1080
25127 1120 0 1728 1080
25128 1156 0 1764 1080
25129 1201 0 1809 1080
25130 1243 0 1851 1080
25131 1275 0 1883 1080
25132 1293 0 1901 1080
25133 1298 0 1906 1080
25134 1291 0 1899 1080
25135 1276 0 1884 1080
25136 1258 0 1866 1080
25137 1241 0 1849 1080
25138 1227 0 1835 1080
25139 1218 0 1826 1080
25140 1216 0 1824 1080
25141 1219 0 1827 1080
25142 1226 0 1834 1080
25143 1234 0 1842 1080
25144 1242 0 1850 1080
25145 1248 0 1856 1080
25146 1251 0 1859 1080
25147 1250 0 1858 1080
25148 1247 0 1855 1080
25149 1241 0 1849 1080
25150 1234 0 1842 1080
25151 1225 0 1833 1080
25152 1218 0 1826 1080
25153 1213 0 1821 1080
25154 1211 0 1819 1080
25155 1268 0 1876 1080
25156 1312 0 1920 1080
25157 1312 0 1920 1080
25158 1312 0 1920 1080
25159 1312 0 1920 1080
25160 1312 0 1920 1080
25161 1312 0 1920 1080
25162 1312 0 1920 1080
25163 1312 0 1920 1080
25164 1312 0 1920 1080
25165 1312 0 1920 1080
25166 1312 0 1920 1080
25167 1312 0 1920 1080
25168 1312 0 1920 1080
25169 1312 0 1920 1080
25170 1312 0 1920 1080
25171 1312 0 1920 1080
25172 1312 0 1920 1080
25173 1312 0 1920 1080
25174 1312 0 1920 1080
25175 1312 0 1920 1080
25176 1312 0 1920 1080
25177 1312 0 1920 1080
25178 1312 0 1920 1080
25179 1312 0 1920 1080
25180 1312 0 1920 1080
25181 1312 0 1920 1080
25182 1312 0 1920 1080
25183 1312 0 1920 1080
25184 1312 0 1920 1080
25185 1312 0 1920 1080
25186 1312 0 1920 1080
25187 1312 0 1920 1080
25188 1312 0 1920 1080
25189 1312 0 1920 1080
25190 1312 0 1920 1080
25191 1312 0 1920 1080
25192 1312 0 1920 1080
25193 1312 0 1920 1080
25194 1312 0 1920 1080
25195 1312 0 1920 1080
25196 1312 0 1920 1080
25197 1312 0 1920 1080
25198 1312 0 1920 1080
25199 1312 0 1920 1080
25200 1312 0 1920 1080
25201 1312 0 1920 1080
25202 1312 0 1920 1080
25203 1312 0 1920 1080
25204 1312 0 1920 1080
25205 1312 0 1920 1080
25206 1312 0 1920 1080
25207 1312 0 1920 1080
25208 1312 0 1920 1080
25209 1312 0 1920 1080
25210 1312 0 1920 1080
25211 1312 0 1920 1080
25212 1312 0 1920 1080
25213 1312 0 1920 1080
25214 1312 0 1920 1080
25215 1312 0 1920 1080
25216 1312 0 1920 1080
25217 1312 0 1920 1080
25218 1312 0 1920 1080
25219 1312 0 1920 1080
25220 1312 0 1920 1080
25221 1312 0 1920 1080
25222 1312 0 1920 1080
25223 1312 0 1920 1080
25224 1312 0 1920 1080
25225 1312 0 1920 1080
25226 1312 0 1920 1080
25227 1312 0 1920 1080
25228 1312 0 1920 1080
25229 1312 0 1920 1080
25230 1312 0 1920 1080
25231 1312 0 1920 1080
25232 1312 0 1920 1080
25233 1312 0 1920 1080
25234 1312 0 1920 1080
25235 1312 0 1920 1080
25236 1312 0 1920 1080
25237 1312 0 1920 1080
25238 1312 0 1920 1080
25239 1312 0 1920 1080
25240 1312 0 1920 1080
25241 1312 0 1920 1080
25242 1312 0 1920 1080
25243 1312 0 1920 1080
25244 1312 0 1920 1080
25245 1312 0 1920 1080
25246 1312 0 1920 1080
25247 1312 0 1920 1080
25248 1312 0 1920 1080
25249 1312 0 1920 1080
25250 1312 0 1920 1080
25251 1312 0 1920 1080
25252 1312 0 1920 1080
25253 1312 0 1920 1080
25254 1312 0 1920 1080
25255 1312 0 1920 1080
25256 1312 0 1920 1080
25257 1312 0 1920 1080
25258 1312 0 1920 1080
25259 1312 0 1920 1080
25260 1312 0 1920 1080
25261 1312 0 1920 1080
25262 1312 0 1920 1080
25263 1312 0 1920 1080
25264 1312 0 1920 1080
25265 1312 0 1920 1080
25266 1312 0 1920 1080
25267 1312 0 1920 1080
25268 1312 0 1920 1080
25269 1312 0 1920 1080
25270 1312 0 1920 1080
25271 1312 0 1920 1080
25272 1312 0 1920 1080
25273 1312 0 1920 1080
25274 1312 0 1920 1080
25275 1312 0 1920 1080
25276 1312 0 1920 1080
25277 1312 0 1920 1080
25278 1312 0 1920 1080
25279 1296 0 1904 1080
25280 1216 0 1824 1080
25281 1136 0 1744 1080
25282 1056 0 1664 1080
25283 1050 0 1658 1080
25284 1130 0 1738 1080
25285 1210 0 1818 1080
25286 1290 0 1898 1080
25287 1312 0 1920 1080
25288 1312 0 1920 1080
25289 1312 0 1920 1080
25290 1312 0 1920 1080
25291 1312 0 1920 1080
25292 1312 0 1920 1080
25293 1312 0 1920 1080
25294 1312 0 1920 1080
25295 1312 0 1920 1080
25296 1312 0 1920 1080
25297 1312 0 1920 1080
25298 1312 0 1920 1080
25299 1312 0 1920 1080
25300 1312 0 1920 1080
25301 1312 0 1920 1080
25302 1312 0 1920 1080
25303 1312 0 1920 1080
25304 1312 0 1920 1080
25305 1312 0 1920 1080
25306 1312 0 1920 1080
25307 1312 0 1920 1080
25308 1312 0 1920 1080
25309 1312 0 1920 1080
25310 1312 0 1920 1080
25311 1312 0 1920 1080
25312 1312 0 1920 1080
25313 1312 0 1920 1080
25314 1312 0 1920 1080
25315 1312 0 1920 1080
25316 1312 0 1920 1080
25317 1312 0 1920 1080
25318 1312 0 1920 1080
25319 1312 0 1920 1080
25320 1312 0 1920 1080
25321 1312 0 1920 1080
25322 1312 0 1920 1080
25323 1312 0 1920 1080
25324 1312 0 1920 1080
25325 1312 0 1920 1080
25326 1312 0 1920 1080
25327 1312 0 1920 1080
25328 1312 0 1920 1080
25329 1312 0 1920 1080
25330 1312 0 1920 1080
25331 1312 0 1920 1080
25332 1312 0 1920 1080
25333 1312 0 1920 1080
25334 1312 0 1920 1080
25335 1312 0 1920 1080
25336 1312 0 1920 1080
25337 1312 0 1920 1080
25338 1312 0 1920 1080
25339 1312 0 1920 1080
25340 1312 0 1920 1080
25341 1312 0 1920 1080
25342 1312 0 1920 1080
25343 1312 0 1920 1080
25344 1312 0 1920 1080
25345 1312 0 1920 1080
25346 1312 0 1920 1080
25347 1312 0 1920 1080
25348 1312 0 1920 1080
25349 1312 0 1920 1080
25350 1312 0 1920 1080
25351 1312 0 1920 1080
25352 1312 0 1920 1080
25353 1312 0 1920 1080
25354 1312 0 1920 1080
25355 1312 0 1920 1080
25356 1312 0 1920 1080
25357 1312 0 1920 1080
25358 1312 0 1920 1080
25359 1312 0 1920 1080
25360 1312 0 1920 1080
25361 1312 0 1920 1080
25362 1312 0 1920 1080
25363 1312 0 1920 1080
25364 1312 0 1920 1080
25365 1312 0 1920 1080
25366 1312 0 1920 1080
25367 1312 0 1920 1080
25368 1312 0 1920 1080
25369 1312 0 1920 1080
25370 1312 0 1920 1080
25371 1312 0 1920 1080
25372 1308 0 1916 1080
25373 1295 0 1903 1080
25374 1284 0 1892 1080
25375 1280 0 1888 1080
25376 1281 0 1889 1080
25377 1288 0 1896 1080
25378 1298 0 1906 1080
25379 1307 0 1915 1080
25380 1312 0 1920 1080
25381 1312 0 1920 1080
25382 1312 0 1920 1080
25383 1312 0 1920 1080
25384 1312 0 1920 1080
25385 1312 0 1920 1080
25386 1312 0 1920 1080
25387 1312 0 1920 1080
25388 1312 0 1920 1080
25389 1312 0 1920 1080
25390 1312 0 1920 1080
25391 1312 0 1920 1080
25392 1312 0 1920 1080
25393 1312 0 1920 1080
25394 1312 0 1920 1080
25395 1312 0 1920 1080
25396 1312 0 1920 1080
25397 1312 0 1920 1080
25398 1312 0 1920 1080
25399 1312 0 1920 1080
25400 1312 0 1920 1080
25401 1312 0 1920 1080
25402 1312 0 1920 1080
25403 1312 0 1920 1080
25404 1312 0 1920 1080
25405 1312 0 1920 1080
25406 1312 0 1920 1080
25407 1312 0 1920 1080
25408 1312 0 1920 1080
25409 1312 0 1920 1080
25410 1312 0 1920 1080
25411 1312 0 1920 1080
25412 1312 0 1920 1080
25413 1312 0 1920 1080
25414 1312 0 1920 1080
25415 1312 0 1920 1080
25416 1312 0 1920 1080
25417 1312 0 1920 1080
25418 1312 0 1920 1080
25419 1312 0 1920 1080
25420 1312 0 1920 1080
25421 1312 0 1920 1080
25422 1312 0 1920 1080
25423 1312 0 1920 1080
25424 1312 0 1920 1080
25425 1312 0 1920 1080
25426 1312 0 1920 1080
25427 1312 0 1920 1080
25428 1312 0 1920 1080
25429 1312 0 1920 1080
25430 1306 0 1914 1080
25431 1296 0 1904 1080
25432 1287 0 1895 1080
25433 1279 0 1887 1080
25434 1271 0 1879 1080
25435 1261 0 1869 1080
25436 1250 0 1858 1080
25437 1235 0 1843 1080
25438 1217 0 1825 1080
25439 1199 0 1807 1080
25440 1184 0 1792 1080
25441 1173 0 1781 1080
25442 1102 0 1710 1080
25443 1022 0 1630 1080
25444 942 0 1550 1080
25445 862 0 1470 1080
25446 799 0 1407 1080
25447 756 0 1364 1080
25448 737 0 1345 1080
25449 740 0 1348 1080
25450 720 0 1328 1080
25451 684 0 1292 1080
25452 643 0 1251 1080
25453 606 0 1214 1080
25454 584 0 1192 1080
25455 578 0 1186 1080
25456 590 0 1198 1080
25457 615 0 1223 1080
25458 648 0 1256 1080
25459 682 0 1290 1080
25460 713 0 1321 1080
25461 736 0 1344 1080
25462 750 0 1358 1080
25463 756 0 1364 1080
25464 755 0 1363 1080
25465 752 0 1360 1080
25466 747 0 1355 1080
25467 746 0 1354 1080
25468 750 0 1358 1080
25469 759 0 1367 1080
25470 773 0 1381 1080
25471 790 0 1398 1080
25472 806 0 1414 1080
25473 821 0 1429 1080
25474 831 0 1439 1080
25475 836 0 1444 1080
25476 837 0 1445 1080
25477 835 0 1443 1080
25478 831 0 1439 1080
25479 814 0 1422 1080
25480 734 0 1342 1080
25481 676 0 1284 1080
25482 648 0 1256 1080
25483 650 0 1258 1080
25484 675 0 1283 1080
25485 716 0 1324 1080
25486 760 0 1368 1080
25487 694 0 1302 1080
25488 659 0 1267 1080
25489 655 0 1263 1080
25490 679 0 1287 1080
25491 720 0 1328 1080
25492 767 0 1375 1080
25493 810 0 1418 1080
25494 735 0 1343 1080
25495 655 0 1263 1080
25496 575 0 1183 1080
25497 495 0 1103 1080
25498 415 0 1023 1080
25499 335 0 943 1080
25500 258 0 866 1080
25501 200 0 808 1080
25502 168 0 776 1080
25503 164 0 772 1080
25504 182 0 790 1080
25505 262 0 870 1080
25506 329 0 937 1080
25507 370 0 978 1080
25508 384 0 992 1080
25509 372 0 980 1080
25510 343 0 951 1080
25511 273 0 881 1080
25512 193 0 801 1080
25513 113 0 721 1080
25514 33 0 641 1080
25515 0 0 608 1080
25516 0 0 608 1080
25517 0 0 608 1080
25518 0 0 608 1080
25519 0 0 608 1080
25520 0 0 608 1080
25521 0 0 608 1080
25522 0 0 608 1080
25523 0 0 608 1080
25524 57 0 665 1080
25525 137 0 745 1080
25526 217 0 825 1080
25527 297 0 905 1080
25528 377 0 985 1080
25529 457 0 1065 1080
25530 537 0 1145 1080
25531 617 0 1225 1080
25532 686 0 1294 1080
25533 727 0 1335 1080
25534 732 0 1340 1080
25535 706 0 1314 1080
25536 654 0 1262 1080
25537 590 0 1198 1080
25538 529 0 1137 1080
25539 475 0 1083 1080
25540 435 0 1043 1080
25541 414 0 1022 1080
25542 408 0 1016 1080
25543 415 0 1023 1080
25544 429 0 1037 1080
25545 446 0 1054 1080
25546 462 0 1070 1080
25547 472 0 1080 1080
25548 475 0 1083 1080
25549 470 0 1078 1080
25550 457 0 1065 1080
25551 438 0 1046 1080
25552 416 0 1024 1080
25553 395 0 1003 1080
25554 377 0 985 1080
25555 365 0 973 1080
25556 362 0 970 1080
25557 364 0 972 1080
25558 372 0 980 1080
25559 381 0 989 1080
25560 388 0 996 1080
25561 387 0 995 1080
25562 377 0 985 1080
25563 354 0 962 1080
25564 322 0 930 1080
25565 286 0 894 1080
25566 242 0 850 1080
25567 191 0 799 1080
25568 160 0 768 1080
25569 151 0 759 1080
25570 160 0 768 1080
25571 180 0 788 1080
25572 202 0 810 1080
25573 210 0 818 1080
25574 204 0 812 1080
25575 188 0 796 1080
25576 168 0 776 1080
25577 147 0 755 1080
25578 129 0 737 1080
25579 115 0 723 1080
25580 105 0 713 1080
25581 99 0 707 1080
25582 96 0 704 1080
25583 93 0 701 1080
25584 92 0 700 1080
25585 90 0 698 1080
25586 85 0 693 1080
25587 80 0 688 1080
25588 76 0 684 1080
25589 72 0 680 1080
25590 68 0 676 1080
25591 64 0 672 1080
25592 85 0 693 1080
25593 122 0 730 1080
25594 165 0 773 1080
25595 205 0 813 1080
25596 241 0 849 1080
25597 266 0 874 1080
25598 277 0 885 1080
25599 275 0 883 1080
25600 258 0 866 1080
25601 232 0 840 1080
25602 205 0 813 1080
25603 180 0 788 1080
25604 161 0 769 1080
25605 164 0 772 1080
25606 184 0 792 1080
25607 214 0 822 1080
25608 247 0 855 1080
25609 275 0 883 1080
25610 294 0 902 1080
25611 303 0 911 1080
25612 303 0 911 1080
25613 297 0 905 1080
25614 288 0 896 1080
25615 280 0 888 1080
25616 274 0 882 1080
25617 273 0 881 1080
25618 275 0 883 1080
25619 281 0 889 1080
25620 271 0 879 1080
25621 265 0 873 1080
25622 205 0 813 1080
25623 159 0 767 1080
25624 135 0 743 1080
25625 149 0 757 1080
25626 192 0 800 1080
25627 254 0 862 1080
25628 321 0 929 1080
25629 381 0 989 1080
25630 428 0 1036 1080
25631 457 0 1065 1080
25632 471 0 1079 1080
25633 475 0 1083 1080
25634 473 0 1081 1080
25635 481 0 1089 1080
25636 561 0 1169 1080
25637 641 0 1249 1080
25638 721 0 1329 1080
25639 801 0 1409 1080
25640 881 0 1489 1080
25641 961 0 1569 1080
25642 1041 0 1649 1080
25643 1121 0 1729 1080
25644 1201 0 1809 1080
25645 1281 0 1889 1080
25646 1312 0 1920 1080
25647 1312 0 1920 1080
25648 1312 0 1920 1080
25649 1281 0 1889 1080
25650 1201 0 1809 1080
25651 1121 0 1729 1080
25652 1041 0 1649 1080
25653 961 0 1569 1080
25654 881 0 1489 1080
25655 872 0 1480 1080
25656 792 0 1400 1080
25657 712 0 1320 1080
25658 632 0 1240 1080
25659 552 0 1160 1080
25660 472 0 1080 1080
25661 392 0 1000 1080
25662 312 0 920 1080
25663 246 0 854 1080
25664 177 0 785 1080
25665 122 0 730 1080
25666 90 0 698 1080
25667 170 0 778 1080
25668 236 0 844 1080
25669 283 0 891 1080
25670 308 0 916 1080
25671 310 0 918 1080
25672 295 0 903 1080
25673 269 0 877 1080
25674 239 0 847 1080
25675 211 0 819 1080
25676 192 0 800 1080
25677 136 0 744 1080
25678 62 0 670 1080
25679 0 0 608 1080
25680 0 0 608 1080
25681 0 0 608 1080
25682 0 0 608 1080
25683 0 0 608 1080
25684 0 0 608 1080
25685 66 0 674 1080
25686 146 0 754 1080
25687 226 0 834 1080
25688 306 0 914 1080
25689 386 0 994 1080
25690 466 0 1074 1080
25691 544 0 1152 1080
25692 613 0 1221 1080
25693 660 0 1268 1080
25694 662 0 1270 1080
25695 644 0 1252 1080
25696 611 0 1219 1080
25697 575 0 1183 1080
25698 495 0 1103 1080
25699 415 0 1023 1080
25700 335 0 943 1080
25701 255 0 863 1080
25702 175 0 783 1080
25703 255 0 863 1080
25704 263 0 871 1080
25705 210 0 818 1080
25706 130 0 738 1080
25707 50 0 658 1080
25708 0 0 608 1080
25709 0 0 608 1080
25710 0 0 608 1080
25711 43 0 651 1080
25712 73 0 681 1080
25713 73 0 681 1080
25714 48 0 656 1080
25715 9 0 617 1080
25716 0 0 608 1080
25717 46 0 654 1080
25718 89 0 697 1080
25719 95 0 703 1080
25720 68 0 676 1080
25721 21 0 629 1080
25722 0 0 608 1080
25723 0 0 608 1080
25724 0 0 608 1080
25725 47 0 655 1080
25726 64 0 672 1080
25727 50 0 658 1080
25728 13 0 621 1080
25729 0 0 608 1080
25730 0 0 608 1080
25731 0 0 608 1080
25732 46 0 654 1080
25733 58 0 666 1080
25734 38 0 646 1080
25735 0 0 608 1080
25736 0 0 608 1080
25737 0 0 608 1080
25738 0 0 608 1080
25739 26 0 634 1080
25740 40 0 648 1080
25741 34 0 642 1080
25742 14 0 622 1080
25743 0 0 608 1080
25744 0 0 608 1080
25745 0 0 608 1080
25746 0 0 608 1080
25747 0 0 608 1080
25748 0 0 608 1080
25749 0 0 608 1080
25750 0 0 608 1080
25751 0 0 608 1080
25752 0 0 608 1080
25753 0 0 608 1080
25754 0 0 608 1080
25755 0 0 608 1080
25756 0 0 608 1080
25757 0 0 608 1080
25758 0 0 608 1080
25759 0 0 608 1080
25760 0 0 608 1080
25761 0 0 608 1080
25762 0 0 608 1080
25763 11 0 619 1080
25764 24 0 632 1080
25765 32 0 640 1080
25766 34 0 642 1080
25767 32 0 640 1080
25768 28 0 636 1080
25769 22 0 630 1080
25770 17 0 625 1080
25771 16 0 624 1080
25772 22 0 630 1080
25773 33 0 641 1080
25774 45 0 653 1080
25775 55 0 663 1080
25776 59 0 667 1080
25777 56 0 664 1080
25778 51 0 659 1080
25779 44 0 652 1080
25780 36 0 644 1080
25781 31 0 639 1080
25782 31 0 639 1080
25783 34 0 642 1080
25784 39 0 647 1080
25785 42 0 650 1080
25786 44 0 652 1080
25787 43 0 651 1080
25788 42 0 650 1080
25789 38 0 646 1080
25790 36 0 644 1080
25791 36 0 644 1080
25792 42 0 650 1080
25793 51 0 659 1080
25794 61 0 669 1080
25795 69 0 677 1080
25796 74 0 682 1080
25797 75 0 683 1080
25798 72 0 680 1080
25799 70 0 678 1080
25800 70 0 678 1080
25801 72 0 680 1080
25802 73 0 681 1080
25803 72 0 680 1080
25804 70 0 678 1080
25805 66 0 674 1080
25806 63 0 671 1080
25807 61 0 669 1080
25808 61 0 669 1080
25809 62 0 670 1080
25810 63 0 671 1080
25811 65 0 673 1080
25812 71 0 679 1080
25813 80 0 688 1080
25814 92 0 700 1080
25815 104 0 712 1080
25816 116 0 724 1080
25817 125 0 733 1080
25818 132 0 740 1080
25819 134 0 742 1080
25820 132 0 740 1080
25821 125 0 733 1080
25822 116 0 724 1080
25823 106 0 714 1080
25824 96 0 704 1080
25825 91 0 699 1080
25826 91 0 699 1080
25827 99 0 707 1080
25828 111 0 719 1080
25829 124 0 732 1080
25830 137 0 745 1080
25831 146 0 754 1080
25832 151 0 759 1080
25833 152 0 760 1080
25834 152 0 760 1080
25835 150 0 758 1080
25836 149 0 757 1080
25837 148 0 756 1080
25838 147 0 755 1080
25839 147 0 755 1080
25840 148 0 756 1080
25841 148 0 756 1080
25842 153 0 761 1080
25843 157 0 765 1080
25844 161 0 769 1080
25845 165 0 773 1080
25846 169 0 777 1080
25847 172 0 780 1080
25848 175 0 783 1080
25849 182 0 790 1080
25850 189 0 797 1080
25851 195 0 803 1080
25852 200 0 808 1080
25853 203 0 811 1080
25854 204 0 812 1080
25855 202 0 810 1080
25856 203 0 811 1080
25857 201 0 809 1080
25858 197 0 805 1080
25859 192 0 800 1080
25860 188 0 796 1080
25861 184 0 792 1080
25862 181 0 789 1080
25863 184 0 792 1080
25864 192 0 800 1080
25865 201 0 809 1080
25866 211 0 819 1080
25867 216 0 824 1080
25868 245 0 853 1080
25869 286 0 894 1080
25870 326 0 934 1080
25871 360 0 968 1080
25872 380 0 988 1080
25873 384 0 992 1080
25874 375 0 983 1080
25875 357 0 965 1080
25876 308 0 916 1080
25877 247 0 855 1080
25878 192 0 800 1080
25879 154 0 762 1080
25880 139 0 747 1080
25881 151 0 759 1080
25882 185 0 793 1080
25883 233 0 841 1080
25884 284 0 892 1080
25885 331 0 939 1080
25886 368 0 976 1080
25887 393 0 1001 1080
25888 405 0 1013 1080
25889 408 0 1016 1080
25890 452 0 1060 1080
25891 525 0 1133 1080
25892 605 0 1213 1080
25893 685 0 1293 1080
25894 758 0 1366 1080
25895 818 0 1426 1080
25896 859 0 1467 1080
25897 884 0 1492 1080
25898 896 0 1504 1080
25899 901 0 1509 1080
25900 906 0 1514 1080
25901 915 0 1523 1080
25902 931 0 1539 1080
25903 955 0 1563 1080
25904 987 0 1595 1080
25905 1024 0 1632 1080
25906 1063 0 1671 1080
25907 1102 0 1710 1080
25908 1137 0 1745 1080
25909 1169 0 1777 1080
25910 1197 0 1805 1080
25911 1222 0 1830 1080
25912 1245 0 1853 1080
25913 1247 0 1855 1080
25914 1229 0 1837 1080
25915 1200 0 1808 1080
25916 1166 0 1774 1080
25917 1134 0 1742 1080
25918 1111 0 1719 1080
25919 1098 0 1706 1080
25920 1086 0 1694 1080
25921 1078 0 1686 1080
25922 1074 0 1682 1080
25923 1071 0 1679 1080
25924 1069 0 1677 1080
25925 1068 0 1676 1080
25926 1068 0 1676 1080
25927 1069 0 1677 1080
25928 1070 0 1678 1080
25929 1071 0 1679 1080
25930 1071 0 1679 1080
25931 1071 0 1679 1080
25932 1070 0 1678 1080
25933 1067 0 1675 1080
25934 1063 0 1671 1080
25935 1059 0 1667 1080
25936 1060 0 1668 1080
25937 1067 0 1675 1080
25938 1074 0 1682 1080
25939 1080 0 1688 1080
25940 1082 0 1690 1080
25941 1081 0 1689 1080
25942 1115 0 1723 1080
25943 1131 0 1739 1080
25944 1129 0 1737 1080
25945 1152 0 1760 1080
25946 1190 0 1798 1080
25947 1232 0 1840 1080
25948 1270 0 1878 1080
25949 1297 0 1905 1080
25950 1310 0 1918 1080
25951 1274 0 1882 1080
25952 1205 0 1813 1080
25953 1156 0 1764 1080
25954 1134 0 1742 1080
25955 1138 0 1746 1080
25956 1163 0 1771 1080
25957 1199 0 1807 1080
25958 1237 0 1845 1080
25959 1269 0 1877 1080
25960 1289 0 1897 1080
25961 1294 0 1902 1080
25962 1286 0 1894 1080
25963 1269 0 1877 1080
25964 1264 0 1872 1080
25965 1270 0 1878 1080
25966 1293 0 1901 1080
25967 1312 0 1920 1080
25968 1312 0 1920 1080
25969 1312 0 1920 1080
25970 1312 0 1920 1080
25971 1312 0 1920 1080
25972 1312 0 1920 1080
25973 1312 0 1920 1080
25974 1287 0 1895 1080
25975 1253 0 1861 1080
25976 1239 0 1847 1080
25977 1236 0 1844 1080
25978 1255 0 1863 1080
25979 1289 0 1897 1080
25980 1312 0 1920 1080
25981 1312 0 1920 1080
25982 1312 0 1920 1080
25983 1312 0 1920 1080
25984 1294 0 1902 1080
25985 1299 0 1907 1080
25986 1312 0 1920 1080
25987 1312 0 1920 1080
25988 1312 0 1920 1080
25989 1312 0 1920 1080
25990 1312 0 1920 1080
25991 1312 0 1920 1080
25992 1312 0 1920 1080
25993 1312 0 1920 1080
25994 1312 0 1920 1080
25995 1287 0 1895 1080
25996 1272 0 1880 1080
25997 1276 0 1884 1080
25998 1293 0 1901 1080
25999 1312 0 1920 1080
26000 1312 0 1920 1080
26001 1312 0 1920 1080
26002 1312 0 1920 1080
26003 1312 0 1920 1080
26004 1312 0 1920 1080
26005 1312 0 1920 1080
26006 1312 0 1920 1080
26007 1312 0 1920 1080
26008 1312 0 1920 1080
26009 1308 0 1916 1080
26010 1278 0 1886 1080
26011 1239 0 1847 1080
26012 1202 0 1810 1080
26013 1202 0 1810 1080
26014 1203 0 1811 1080
26015 1232 0 1840 1080
26016 1262 0 1870 1080
26017 1303 0 1911 1080
26018 1312 0 1920 1080
26019 1312 0 1920 1080
26020 1312 0 1920 1080
26021 1312 0 1920 1080
26022 1291 0 1899 1080
26023 1211 0 1819 1080
26024 1174 0 1782 1080
26025 1186 0 1794 1080
26026 1237 0 1845 1080
26027 1224 0 1832 1080
26028 1253 0 1861 1080
26029 1221 0 1829 1080
26030 1147 0 1755 1080
26031 1067 0 1675 1080
26032 987 0 1595 1080
26033 907 0 1515 1080
26034 827 0 1435 1080
26035 757 0 1365 1080
26036 714 0 1322 1080
26037 702 0 1310 1080
26038 717 0 1325 1080
26039 755 0 1363 1080
26040 802 0 1410 1080
26041 848 0 1456 1080
26042 885 0 1493 1080
26043 910 0 1518 1080
26044 921 0 1529 1080
26045 919 0 1527 1080
26046 906 0 1514 1080
26047 888 0 1496 1080
26048 870 0 1478 1080
26049 852 0 1460 1080
26050 838 0 1446 1080
26051 827 0 1435 1080
26052 821 0 1429 1080
26053 823 0 1431 1080
26054 831 0 1439 1080
26055 841 0 1449 1080
26056 850 0 1458 1080
26057 858 0 1466 1080
26058 861 0 1469 1080
26059 857 0 1465 1080
26060 846 0 1454 1080
26061 828 0 1436 1080
26062 809 0 1417 1080
26063 793 0 1401 1080
26064 784 0 1392 1080
26065 783 0 1391 1080
26066 789 0 1397 1080
26067 799 0 1407 1080
26068 808 0 1416 1080
26069 813 0 1421 1080
26070 812 0 1420 1080
26071 806 0 1414 1080
26072 795 0 1403 1080
26073 785 0 1393 1080
26074 777 0 1385 1080
26075 772 0 1380 1080
26076 774 0 1382 1080
26077 779 0 1387 1080
26078 785 0 1393 1080
26079 788 0 1396 1080
26080 787 0 1395 1080
26081 781 0 1389 1080
26082 771 0 1379 1080
26083 761 0 1369 1080
26084 753 0 1361 1080
26085 750 0 1358 1080
26086 752 0 1360 1080
26087 757 0 1365 1080
26088 764 0 1372 1080
26089 770 0 1378 1080
26090 774 0 1382 1080
26091 773 0 1381 1080
26092 768 0 1376 1080
26093 759 0 1367 1080
26094 749 0 1357 1080
26095 740 0 1348 1080
26096 733 0 1341 1080
26097 730 0 1338 1080
26098 730 0 1338 1080
26099 732 0 1340 1080
26100 738 0 1346 1080
26101 744 0 1352 1080
26102 751 0 1359 1080
26103 756 0 1364 1080
26104 760 0 1368 1080
26105 764 0 1372 1080
26106 766 0 1374 1080
26107 768 0 1376 1080
26108 769 0 1377 1080
26109 766 0 1374 1080
26110 760 0 1368 1080
26111 753 0 1361 1080
26112 747 0 1355 1080
26113 743 0 1351 1080
26114 742 0 1350 1080
26115 743 0 1351 1080
26116 746 0 1354 1080
26117 750 0 1358 1080
26118 752 0 1360 1080
26119 753 0 1361 1080
26120 753 0 1361 1080
26121 753 0 1361 1080
26122 750 0 1358 1080
26123 744 0 1352 1080
26124 734 0 1342 1080
26125 720 0 1328 1080
26126 707 0 1315 1080
26127 696 0 1304 1080
26128 690 0 1298 1080
26129 688 0 1296 1080
26130 689 0 1297 1080
26131 694 0 1302 1080
26132 701 0 1309 1080
26133 708 0 1316 1080
26134 713 0 1321 1080
26135 715 0 1323 1080
26136 715 0 1323 1080
26137 714 0 1322 1080
26138 714 0 1322 1080
26139 714 0 1322 1080
26140 715 0 1323 1080
26141 720 0 1328 1080
26142 727 0 1335 1080
26143 736 0 1344 1080
26144 745 0 1353 1080
26145 753 0 1361 1080
26146 759 0 1367 1080
26147 762 0 1370 1080
26148 762 0 1370 1080
26149 761 0 1369 1080
26150 759 0 1367 1080
26151 759 0 1367 1080
26152 764 0 1372 1080
26153 777 0 1385 1080
26154 819 0 1427 1080
26155 876 0 1484 1080
26156 934 0 1542 1080
26157 983 0 1591 1080
26158 1017 0 1625 1080
26159 1037 0 1645 1080
26160 1082 0 1690 1080
26161 1141 0 1749 1080
26162 1204 0 1812 1080
26163 1259 0 1867 1080
26164 1299 0 1907 1080
26165 1312 0 1920 1080
26166 1312 0 1920 1080
26167 1306 0 1914 1080
26168 1283 0 1891 1080
26169 1258 0 1866 1080
26170 1237 0 1845 1080
26171 1223 0 1831 1080
26172 1218 0 1826 1080
26173 1222 0 1830 1080
26174 1232 0 1840 1080
26175 1245 0 1853 1080
26176 1258 0 1866 1080
26177 1269 0 1877 1080
26178 1277 0 1885 1080
26179 1280 0 1888 1080
26180 1280 0 1888 1080
26181 1277 0 1885 1080
26182 1273 0 1881 1080
26183 1270 0 1878 1080
26184 1267 0 1875 1080
26185 1265 0 1873 1080
26186 1264 0 1872 1080
26187 1265 0 1873 1080
26188 1267 0 1875 1080
26189 1270 0 1878 1080
26190 1272 0 1880 1080
26191 1274 0 1882 1080
26192 1275 0 1883 1080
26193 1276 0 1884 1080
26194 1277 0 1885 1080
26195 1276 0 1884 1080
26196 1275 0 1883 1080
26197 1273 0 1881 1080
26198 1272 0 1880 1080
26199 1272 0 1880 1080
26200 1272 0 1880 1080
26201 1273 0 1881 1080
26202 1274 0 1882 1080
26203 1275 0 1883 1080
26204 1277 0 1885 1080
26205 1278 0 1886 1080
26206 1279 0 1887 1080
26207 1279 0 1887 1080
26208 1280 0 1888 1080
26209 1280 0 1888 1080
26210 1277 0 1885 1080
26211 1273 0 1881 1080
26212 1269 0 1877 1080
26213 1263 0 1871 1080
26214 1256 0 1864 1080
26215 1251 0 1859 1080
26216 1246 0 1854 1080
26217 1242 0 1850 1080
26218 1240 0 1848 1080
26219 1238 0 1846 1080
26220 1237 0 1845 1080
26221 1237 0 1845 1080
26222 1235 0 1843 1080
26223 1233 0 1841 1080
26224 1230 0 1838 1080
26225 1226 0 1834 1080
26226 1221 0 1829 1080
26227 1215 0 1823 1080
26228 1208 0 1816 1080
26229 1201 0 1809 1080
26230 1194 0 1802 1080
26231 1189 0 1797 1080
26232 1186 0 1794 1080
26233 1183 0 1791 1080
26234 1183 0 1791 1080
26235 1184 0 1792 1080
26236 1186 0 1794 1080
26237 1189 0 1797 1080
26238 1191 0 1799 1080
26239 1192 0 1800 1080
26240 1186 0 1794 1080
26241 1181 0 1789 1080
26242 1178 0 1786 1080
26243 1177 0 1785 1080
26244 1178 0 1786 1080
26245 1196 0 1804 1080
26246 1222 0 1830 1080
26247 1202 0 1810 1080
26248 1198 0 1806 1080
26249 1209 0 1817 1080
26250 1229 0 1837 1080
26251 1253 0 1861 1080
26252 1276 0 1884 1080
26253 1293 0 1901 1080
26254 1213 0 1821 1080
26255 1161 0 1769 1080
26256 1143 0 1751 1080
26257 1155 0 1763 1080
26258 1190 0 1798 1080
26259 1236 0 1844 1080
26260 1281 0 1889 1080
26261 1201 0 1809 1080
26262 1154 0 1762 1080
26263 1143 0 1751 1080
26264 1163 0 1771 1080
26265 1204 0 1812 1080
26266 1254 0 1862 1080
26267 1302 0 1910 1080
26268 1222 0 1830 1080
26269 1173 0 1781 1080
26270 1158 0 1766 1080
26271 1174 0 1782 1080
26272 1212 0 1820 1080
26273 1261 0 1869 1080
26274 1308 0 1916 1080
26275 1228 0 1836 1080
26276 1179 0 1787 1080
26277 1166 0 1774 1080
26278 1184 0 1792 1080
26279 1224 0 1832 1080
26280 1273 0 1881 1080
26281 1312 0 1920 1080
26282 1240 0 1848 1080
26283 1191 0 1799 1080
26284 1177 0 1785 1080
26285 1195 0 1803 1080
26286 1169 0 1777 1080
26287 1114 0 1722 1080
26288 1049 0 1657 1080
26289 989 0 1597 1080
26290 947 0 1555 1080
26291 928 0 1536 1080
26292 933 0 1541 1080
26293 957 0 1565 1080
26294 992 0 1600 1080
26295 1033 0 1641 1080
26296 1069 0 1677 1080
26297 1095 0 1703 1080
26298 1107 0 1715 1080
26299 1105 0 1713 1080
26300 1094 0 1702 1080
26301 1079 0 1687 1080
26302 1064 0 1672 1080
26303 1051 0 1659 1080
26304 1045 0 1653 1080
26305 1045 0 1653 1080
26306 1052 0 1660 1080
26307 1064 0 1672 1080
26308 1078 0 1686 1080
26309 1092 0 1700 1080
26310 1103 0 1711 1080
26311 1108 0 1716 1080
26312 1108 0 1716 1080
26313 1102 0 1710 1080
26314 1095 0 1703 1080
26315 1087 0 1695 1080
26316 1081 0 1689 1080
26317 1076 0 1684 1080
26318 1074 0 1682 1080
26319 1074 0 1682 1080
26320 1075 0 1683 1080
26321 1076 0 1684 1080
26322 1072 0 1680 1080
26323 1064 0 1672 1080
26324 1041 0 1649 1080
26325 1019 0 1627 1080
26326 998 0 1606 1080
26327 963 0 1571 1080
26328 920 0 1528 1080
26329 873 0 1481 1080
26330 828 0 1436 1080
26331 789 0 1397 1080
26332 757 0 1365 1080
26333 733 0 1341 1080
26334 715 0 1323 1080
26335 701 0 1309 1080
26336 687 0 1295 1080
26337 672 0 1280 1080
26338 653 0 1261 1080
26339 630 0 1238 1080
26340 605 0 1213 1080
26341 576 0 1184 1080
26342 546 0 1154 1080
26343 516 0 1124 1080
26344 488 0 1096 1080
26345 460 0 1068 1080
26346 435 0 1043 1080
26347 410 0 1018 1080
26348 387 0 995 1080
26349 364 0 972 1080
26350 341 0 949 1080
26351 318 0 926 1080
26352 294 0 902 1080
26353 269 0 877 1080
26354 210 0 818 1080
26355 134 0 742 1080
26356 59 0 667 1080
26357 37 0 645 1080
26358 65 0 673 1080
26359 130 0 738 1080
26360 210 0 818 1080
26361 290 0 898 1080
26362 361 0 969 1080
26363 414 0 1022 1080
26364 387 0 995 1080
26365 364 0 972 1080
26366 350 0 958 1080
26367 350 0 958 1080
26368 364 0 972 1080
26369 389 0 997 1080
26370 422 0 1030 1080
26371 457 0 1065 1080
26372 498 0 1106 1080
26373 538 0 1146 1080
26374 570 0 1178 1080
26375 591 0 1199 1080
26376 593 0 1201 1080
26377 588 0 1196 1080
26378 577 0 1185 1080
26379 564 0 1172 1080
26380 555 0 1163 1080
26381 551 0 1159 1080
26382 553 0 1161 1080
26383 559 0 1167 1080
26384 569 0 1177 1080
26385 579 0 1187 1080
26386 588 0 1196 1080
26387 595 0 1203 1080
26388 597 0 1205 1080
26389 597 0 1205 1080
26390 592 0 1200 1080
26391 583 0 1191 1080
26392 576 0 1184 1080
26393 574 0 1182 1080
26394 574 0 1182 1080
26395 574 0 1182 1080
26396 567 0 1175 1080
26397 549 0 1157 1080
26398 533 0 1141 1080
26399 521 0 1129 1080
26400 515 0 1123 1080
26401 516 0 1124 1080
26402 509 0 1117 1080
26403 498 0 1106 1080
26404 487 0 1095 1080
26405 480 0 1088 1080
26406 478 0 1086 1080
26407 481 0 1089 1080
26408 492 0 1100 1080
26409 509 0 1117 1080
26410 530 0 1138 1080
26411 553 0 1161 1080
26412 574 0 1182 1080
26413 589 0 1197 1080
26414 597 0 1205 1080
26415 597 0 1205 1080
26416 592 0 1200 1080
26417 586 0 1194 1080
26418 581 0 1189 1080
26419 555 0 1163 1080
26420 517 0 1125 1080
26421 479 0 1087 1080
26422 449 0 1057 1080
26423 429 0 1037 1080
26424 451 0 1059 1080
26425 500 0 1108 1080
26426 561 0 1169 1080
26427 596 0 1204 1080
26428 606 0 1214 1080
26429 592 0 1200 1080
26430 559 0 1167 1080
26431 517 0 1125 1080
26432 491 0 1099 1080
26433 490 0 1098 1080
26434 566 0 1174 1080
26435 646 0 1254 1080
26436 726 0 1334 1080
26437 806 0 1414 1080
26438 880 0 1488 1080
26439 931 0 1539 1080
26440 951 0 1559 1080
26441 947 0 1555 1080
26442 916 0 1524 1080
26443 866 0 1474 1080
26444 807 0 1415 1080
26445 750 0 1358 1080
26446 703 0 1311 1080
26447 673 0 1281 1080
26448 664 0 1272 1080
26449 673 0 1281 1080
26450 696 0 1304 1080
26451 720 0 1328 1080
26452 737 0 1345 1080
26453 747 0 1355 1080
26454 748 0 1356 1080
26455 742 0 1350 1080
26456 732 0 1340 1080
26457 735 0 1343 1080
26458 746 0 1354 1080
26459 761 0 1369 1080
26460 774 0 1382 1080
26461 783 0 1391 1080
26462 787 0 1395 1080
26463 785 0 1393 1080
26464 778 0 1386 1080
26465 767 0 1375 1080
26466 755 0 1363 1080
26467 742 0 1350 1080
26468 730 0 1338 1080
26469 720 0 1328 1080
26470 715 0 1323 1080
26471 710 0 1318 1080
26472 705 0 1313 1080
26473 700 0 1308 1080
26474 695 0 1303 1080
26475 690 0 1298 1080
26476 685 0 1293 1080
26477 681 0 1289 1080
26478 677 0 1285 1080
26479 675 0 1283 1080
26480 670 0 1278 1080
26481 665 0 1273 1080
26482 641 0 1249 1080
26483 608 0 1216 1080
26484 576 0 1184 1080
26485 551 0 1159 1080
26486 538 0 1146 1080
26487 543 0 1151 1080
26488 561 0 1169 1080
26489 563 0 1171 1080
26490 554 0 1162 1080
26491 545 0 1153 1080
26492 542 0 1150 1080
26493 543 0 1151 1080
26494 538 0 1146 1080
26495 522 0 1130 1080
26496 505 0 1113 1080
26497 495 0 1103 1080
26498 497 0 1105 1080
26499 510 0 1118 1080
26500 551 0 1159 1080
26501 588 0 1196 1080
26502 633 0 1241 1080
26503 676 0 1284 1080
26504 709 0 1317 1080
26505 727 0 1335 1080
26506 727 0 1335 1080
26507 725 0 1333 1080
26508 706 0 1314 1080
26509 691 0 1299 1080
26510 684 0 1292 1080
26511 684 0 1292 1080
26512 690 0 1298 1080
26513 692 0 1300 1080
26514 686 0 1294 1080
26515 766 0 1374 1080
26516 808 0 1416 1080
26517 812 0 1420 1080
26518 784 0 1392 1080
26519 749 0 1357 1080
26520 705 0 1313 1080
26521 663 0 1271 1080
26522 633 0 1241 1080
26523 619 0 1227 1080
26524 625 0 1233 1080
26525 646 0 1254 1080
26526 676 0 1284 1080
26527 710 0 1318 1080
26528 742 0 1350 1080
26529 767 0 1375 1080
26530 784 0 1392 1080
26531 791 0 1399 1080
26532 791 0 1399 1080
26533 786 0 1394 1080
26534 813 0 1421 1080
26535 865 0 1473 1080
26536 929 0 1537 1080
26537 995 0 1603 1080
26538 1052 0 1660 1080
26539 1095 0 1703 1080
26540 1122 0 1730 1080
26541 1133 0 1741 1080
26542 1132 0 1740 1080
26543 1124 0 1732 1080
26544 1113 0 1721 1080
26545 1099 0 1707 1080
26546 1086 0 1694 1080
26547 1073 0 1681 1080
26548 1062 0 1670 1080
26549 1054 0 1662 1080
26550 1047 0 1655 1080
26551 1041 0 1649 1080
26552 1036 0 1644 1080
26553 1031 0 1639 1080
26554 1027 0 1635 1080
26555 1027 0 1635 1080
26556 1030 0 1638 1080
26557 1039 0 1647 1080
26558 1047 0 1655 1080
26559 1054 0 1662 1080
26560 1059 0 1667 1080
26561 1060 0 1668 1080
26562 1072 0 1680 1080
26563 1096 0 1704 1080
26564 1126 0 1734 1080
26565 1158 0 1766 1080
26566 1186 0 1794 1080
26567 1206 0 1814 1080
26568 1216 0 1824 1080
26569 1217 0 1825 1080
26570 1209 0 1817 1080
26571 1197 0 1805 1080
26572 1186 0 1794 1080
26573 1178 0 1786 1080
26574 1175 0 1783 1080
26575 1181 0 1789 1080
26576 1193 0 1801 1080
26577 1209 0 1817 1080
26578 1225 0 1833 1080
26579 1239 0 1847 1080
26580 1249 0 1857 1080
26581 1255 0 1863 1080
26582 1258 0 1866 1080
26583 1258 0 1866 1080
26584 1257 0 1865 1080
26585 1255 0 1863 1080
26586 1235 0 1843 1080
26587 1201 0 1809 1080
26588 1163 0 1771 1080
26589 1126 0 1734 1080
26590 1098 0 1706 1080
26591 1080 0 1688 1080
26592 1060 0 1668 1080
26593 1039 0 1647 1080
26594 1021 0 1629 1080
26595 1011 0 1619 1080
26596 1007 0 1615 1080
26597 1010 0 1618 1080
26598 1018 0 1626 1080
26599 1031 0 1639 1080
26600 1045 0 1653 1080
26601 1056 0 1664 1080
26602 1062 0 1670 1080
26603 1062 0 1670 1080
26604 1057 0 1665 1080
26605 1048 0 1656 1080
26606 1037 0 1645 1080
26607 1025 0 1633 1080
26608 1012 0 1620 1080
26609 1003 0 1611 1080
26610 992 0 1600 1080
26611 983 0 1591 1080
26612 977 0 1585 1080
26613 973 0 1581 1080
26614 971 0 1579 1080
26615 972 0 1580 1080
26616 974 0 1582 1080
26617 975 0 1583 1080
26618 974 0 1582 1080
26619 1033 0 1641 1080
26620 1057 0 1665 1080
26621 1050 0 1658 1080
26622 1020 0 1628 1080
26623 979 0 1587 1080
26624 939 0 1547 1080
26625 867 0 1475 1080
26626 787 0 1395 1080
26627 714 0 1322 1080
26628 682 0 1290 1080
26629 689 0 1297 1080
26630 728 0 1336 1080
26631 785 0 1393 1080
26632 843 0 1451 1080
26633 889 0 1497 1080
26634 916 0 1524 1080
26635 922 0 1530 1080
26636 906 0 1514 1080
26637 879 0 1487 1080
26638 846 0 1454 1080
26639 816 0 1424 1080
26640 795 0 1403 1080
26641 786 0 1394 1080
26642 789 0 1397 1080
26643 801 0 1409 1080
26644 815 0 1423 1080
26645 829 0 1437 1080
26646 841 0 1449 1080
26647 849 0 1457 1080
26648 853 0 1461 1080
26649 854 0 1462 1080
26650 851 0 1459 1080
26651 846 0 1454 1080
26652 841 0 1449 1080
26653 838 0 1446 1080
26654 841 0 1449 1080
26655 849 0 1457 1080
26656 860 0 1468 1080
26657 871 0 1479 1080
26658 882 0 1490 1080
26659 891 0 1499 1080
26660 900 0 1508 1080
26661 909 0 1517 1080
26662 919 0 1527 1080
26663 932 0 1540 1080
26664 946 0 1554 1080
26665 962 0 1570 1080
26666 977 0 1585 1080
26667 990 0 1598 1080
26668 999 0 1607 1080
26669 1005 0 1613 1080
26670 1010 0 1618 1080
26671 1017 0 1625 1080
26672 1026 0 1634 1080
26673 1036 0 1644 1080
26674 1046 0 1654 1080
26675 1055 0 1663 1080
26676 1062 0 1670 1080
26677 1065 0 1673 1080
26678 1061 0 1669 1080
26679 1051 0 1659 1080
26680 1038 0 1646 1080
26681 1026 0 1634 1080
26682 1019 0 1627 1080
26683 1020 0 1628 1080
26684 1027 0 1635 1080
26685 1038 0 1646 1080
26686 1051 0 1659 1080
26687 1062 0 1670 1080
26688 1066 0 1674 1080
26689 1064 0 1672 1080
26690 1057 0 1665 1080
26691 1048 0 1656 1080
26692 1040 0 1648 1080
26693 1032 0 1640 1080
26694 1026 0 1634 1080
26695 1022 0 1630 1080
26696 1021 0 1629 1080
26697 1017 0 1625 1080
26698 1011 0 1619 1080
26699 1001 0 1609 1080
26700 991 0 1599 1080
26701 982 0 1590 1080
26702 977 0 1585 1080
26703 977 0 1585 1080
26704 980 0 1588 1080
26705 984 0 1592 1080
26706 989 0 1597 1080
26707 992 0 1600 1080
26708 991 0 1599 1080
26709 988 0 1596 1080
26710 985 0 1593 1080
26711 983 0 1591 1080
26712 982 0 1590 1080
26713 982 0 1590 1080
26714 983 0 1591 1080
26715 983 0 1591 1080
26716 981 0 1589 1080
26717 976 0 1584 1080
26718 969 0 1577 1080
26719 960 0 1568 1080
26720 952 0 1560 1080
26721 947 0 1555 1080
26722 945 0 1553 1080
26723 946 0 1554 1080
26724 949 0 1557 1080
26725 952 0 1560 1080
26726 953 0 1561 1080
26727 948 0 1556 1080
26728 938 0 1546 1080
26729 923 0 1531 1080
26730 907 0 1515 1080
26731 896 0 1504 1080
26732 891 0 1499 1080
26733 895 0 1503 1080
26734 905 0 1513 1080
26735 920 0 1528 1080
26736 937 0 1545 1080
26737 951 0 1559 1080
26738 960 0 1568 1080
26739 965 0 1573 1080
26740 966 0 1574 1080
26741 966 0 1574 1080
26742 965 0 1573 1080
26743 966 0 1574 1080
26744 969 0 1577 1080
26745 973 0 1581 1080
26746 979 0 1587 1080
26747 985 0 1593 1080
26748 991 0 1599 1080
26749 997 0 1605 1080
26750 1003 0 1611 1080
26751 1009 0 1617 1080
26752 1014 0 1622 1080
26753 1020 0 1628 1080
26754 1026 0 1634 1080
26755 1031 0 1639 1080
26756 1036 0 1644 1080
26757 1040 0 1648 1080
26758 1043 0 1651 1080
26759 1044 0 1652 1080
26760 1044 0 1652 1080
26761 1044 0 1652 1080
26762 1044 0 1652 1080
26763 1045 0 1653 1080
26764 1045 0 1653 1080
26765 1047 0 1655 1080
26766 1050 0 1658 1080
26767 1053 0 1661 1080
26768 1054 0 1662 1080
26769 1054 0 1662 1080
26770 1051 0 1659 1080
26771 1048 0 1656 1080
26772 1043 0 1651 1080
26773 1038 0 1646 1080
26774 1032 0 1640 1080
26775 1025 0 1633 1080
26776 1015 0 1623 1080
26777 1003 0 1611 1080
26778 984 0 1592 1080
26779 957 0 1565 1080
26780 926 0 1534 1080
26781 896 0 1504 1080
26782 872 0 1480 1080
26783 857 0 1465 1080
26784 827 0 1435 1080
26785 802 0 1410 1080
26786 782 0 1390 1080
26787 768 0 1376 1080
26788 758 0 1366 1080
26789 751 0 1359 1080
26790 736 0 1344 1080
26791 714 0 1322 1080
26792 669 0 1277 1080
26793 629 0 1237 1080
26794 595 0 1203 1080
26795 571 0 1179 1080
26796 556 0 1164 1080
26797 550 0 1158 1080
26798 546 0 1154 1080
26799 539 0 1147 1080
26800 530 0 1138 1080
26801 518 0 1126 1080
26802 501 0 1109 1080
26803 482 0 1090 1080
26804 460 0 1068 1080
26805 454 0 1062 1080
26806 430 0 1038 1080
26807 410 0 1018 1080
26808 393 0 1001 1080
26809 379 0 987 1080
26810 373 0 981 1080
26811 373 0 981 1080
26812 378 0 986 1080
26813 386 0 994 1080
26814 394 0 1002 1080
26815 397 0 1005 1080
26816 383 0 991 1080
26817 356 0 964 1080
26818 329 0 937 1080
26819 306 0 914 1080
26820 283 0 891 1080
26821 262 0 870 1080
26822 246 0 854 1080
26823 234 0 842 1080
26824 228 0 836 1080
26825 228 0 836 1080
26826 234 0 842 1080
26827 240 0 848 1080
26828 244 0 852 1080
26829 246 0 854 1080
26830 245 0 853 1080
26831 242 0 850 1080
26832 254 0 862 1080
26833 279 0 887 1080
26834 311 0 919 1080
26835 347 0 955 1080
26836 381 0 989 1080
26837 408 0 1016 1080
26838 460 0 1068 1080
26839 525 0 1133 1080
26840 587 0 1195 1080
26841 634 0 1242 1080
26842 661 0 1269 1080
26843 680 0 1288 1080
26844 698 0 1306 1080
26845 730 0 1338 1080
26846 776 0 1384 1080
26847 831 0 1439 1080
26848 892 0 1500 1080
26849 952 0 1560 1080
26850 1005 0 1613 1080
26851 1044 0 1652 1080
26852 1065 0 1673 1080
26853 1081 0 1689 1080
26854 1090 0 1698 1080
26855 1092 0 1700 1080
26856 1089 0 1697 1080
26857 1082 0 1690 1080
26858 1074 0 1682 1080
26859 1066 0 1674 1080
26860 1059 0 1667 1080
26861 1054 0 1662 1080
26862 1052 0 1660 1080
26863 1051 0 1659 1080
26864 1050 0 1658 1080
26865 1048 0 1656 1080
26866 1045 0 1653 1080
26867 1040 0 1648 1080
26868 1033 0 1641 1080
26869 1023 0 1631 1080
26870 1010 0 1618 1080
26871 990 0 1598 1080
26872 965 0 1573 1080
26873 936 0 1544 1080
26874 909 0 1517 1080
26875 886 0 1494 1080
26876 867 0 1475 1080
26877 847 0 1455 1080
26878 826 0 1434 1080
26879 803 0 1411 1080
26880 779 0 1387 1080
26881 758 0 1366 1080
26882 741 0 1349 1080
26883 726 0 1334 1080
26884 713 0 1321 1080
26885 703 0 1311 1080
26886 680 0 1288 1080
26887 643 0 1251 1080
26888 609 0 1217 1080
26889 580 0 1188 1080
26890 544 0 1152 1080
26891 506 0 1114 1080
26892 473 0 1081 1080
26893 463 0 1071 1080
26894 460 0 1068 1080
26895 447 0 1055 1080
26896 430 0 1038 1080
26897 409 0 1017 1080
26898 388 0 996 1080
26899 371 0 979 1080
26900 359 0 967 1080
26901 351 0 959 1080
26902 347 0 955 1080
26903 344 0 952 1080
26904 336 0 944 1080
26905 325 0 933 1080
26906 313 0 921 1080
26907 302 0 910 1080
26908 292 0 900 1080
26909 281 0 889 1080
26910 270 0 878 1080
26911 258 0 866 1080
26912 246 0 854 1080
26913 235 0 843 1080
26914 225 0 833 1080
26915 216 0 824 1080
26916 208 0 816 1080
26917 199 0 807 1080
26918 190 0 798 1080
26919 180 0 788 1080
26920 169 0 777 1080
26921 159 0 767 1080
26922 151 0 759 1080
26923 144 0 752 1080
26924 135 0 743 1080
26925 125 0 733 1080
26926 113 0 721 1080
26927 102 0 710 1080
26928 92 0 700 1080
26929 85 0 693 1080
26930 103 0 711 1080
26931 137 0 745 1080
26932 174 0 782 1080
26933 204 0 812 1080
26934 221 0 829 1080
26935 221 0 829 1080
26936 195 0 803 1080
26937 152 0 760 1080
26938 104 0 712 1080
26939 61 0 669 1080
26940 31 0 639 1080
26941 17 0 625 1080
26942 19 0 627 1080
26943 34 0 642 1080
26944 55 0 663 1080
26945 78 0 686 1080
26946 99 0 707 1080
26947 112 0 720 1080
26948 119 0 727 1080
26949 124 0 732 1080
26950 128 0 736 1080
26951 131 0 739 1080
26952 136 0 744 1080
26953 141 0 749 1080
26954 150 0 758 1080
26955 161 0 769 1080
26956 176 0 784 1080
26957 191 0 799 1080
26958 208 0 816 1080
26959 220 0 828 1080
26960 224 0 832 1080
26961 221 0 829 1080
26962 213 0 821 1080
26963 203 0 811 1080
26964 197 0 805 1080
26965 198 0 806 1080
26966 207 0 815 1080
26967 218 0 826 1080
26968 229 0 837 1080
26969 237 0 845 1080
26970 244 0 852 1080
26971 254 0 862 1080
26972 270 0 878 1080
26973 292 0 900 1080
26974 312 0 920 1080
26975 328 0 936 1080
26976 338 0 946 1080
26977 344 0 952 1080
26978 347 0 955 1080
26979 348 0 956 1080
26980 349 0 957 1080
26981 351 0 959 1080
26982 350 0 958 1080
26983 347 0 955 1080
26984 359 0 967 1080
26985 360 0 968 1080
26986 355 0 963 1080
26987 347 0 955 1080
26988 341 0 949 1080
26989 343 0 951 1080
26990 348 0 956 1080
26991 354 0 962 1080
26992 360 0 968 1080
26993 365 0 973 1080
26994 369 0 977 1080
26995 374 0 982 1080
26996 381 0 989 1080
26997 392 0 1000 1080
26998 400 0 1008 1080
26999 404 0 1012 1080
27000 421 0 1029 1080
27001 501 0 1109 1080
27002 541 0 1149 1080
27003 543 0 1151 1080
27004 523 0 1131 1080
27005 523 0 1131 1080
27006 538 0 1146 1080
27007 563 0 1171 1080
27008 594 0 1202 1080
27009 584 0 1192 1080
27010 542 0 1150 1080
27011 483 0 1091 1080
27012 424 0 1032 1080
27013 375 0 983 1080
27014 346 0 954 1080
27015 340 0 948 1080
27016 355 0 963 1080
27017 385 0 993 1080
27018 419 0 1027 1080
27019 452 0 1060 1080
27020 479 0 1087 1080
27021 497 0 1105 1080
27022 506 0 1114 1080
27023 504 0 1112 1080
27024 493 0 1101 1080
27025 475 0 1083 1080
27026 454 0 1062 1080
27027 434 0 1042 1080
27028 423 0 1031 1080
27029 420 0 1028 1080
27030 426 0 1034 1080
27031 438 0 1046 1080
27032 452 0 1060 1080
27033 464 0 1072 1080
27034 472 0 1080 1080
27035 474 0 1082 1080
27036 468 0 1076 1080
27037 456 0 1064 1080
27038 439 0 1047 1080
27039 415 0 1023 1080
27040 387 0 995 1080
27041 356 0 964 1080
27042 290 0 898 1080
27043 210 0 818 1080
27044 136 0 744 1080
27045 85 0 693 1080
27046 67 0 675 1080
27047 79 0 687 1080
27048 112 0 720 1080
27049 109 0 717 1080
27050 78 0 686 1080
27051 33 0 641 1080
27052 0 0 608 1080
27053 0 0 608 1080
27054 0 0 608 1080
27055 0 0 608 1080
27056 45 0 653 1080
27057 125 0 733 1080
27058 204 0 812 1080
27059 263 0 871 1080
27060 298 0 906 1080
27061 314 0 922 1080
27062 315 0 923 1080
27063 310 0 918 1080
27064 305 0 913 1080
27065 304 0 912 1080
27066 308 0 916 1080
27067 315 0 923 1080
27068 348 0 956 1080
27069 394 0 1002 1080
27070 442 0 1050 1080
27071 482 0 1090 1080
27072 509 0 1117 1080
27073 521 0 1129 1080
27074 519 0 1127 1080
27075 506 0 1114 1080
27076 487 0 1095 1080
27077 469 0 1077 1080
27078 485 0 1093 1080
27079 526 0 1134 1080
27080 583 0 1191 1080
27081 641 0 1249 1080
27082 691 0 1299 1080
27083 727 0 1335 1080
27084 747 0 1355 1080
27085 753 0 1361 1080
27086 746 0 1354 1080
27087 732 0 1340 1080
27088 716 0 1324 1080
27089 697 0 1305 1080
27090 683 0 1291 1080
27091 682 0 1290 1080
27092 692 0 1300 1080
27093 713 0 1321 1080
27094 741 0 1349 1080
27095 772 0 1380 1080
27096 802 0 1410 1080
27097 824 0 1432 1080
27098 837 0 1445 1080
27099 841 0 1449 1080
27100 837 0 1445 1080
27101 828 0 1436 1080
27102 818 0 1426 1080
27103 807 0 1415 1080
27104 798 0 1406 1080
27105 795 0 1403 1080
27106 796 0 1404 1080
27107 798 0 1406 1080
27108 798 0 1406 1080
27109 794 0 1402 1080
27110 784 0 1392 1080
27111 769 0 1377 1080
27112 762 0 1370 1080
27113 762 0 1370 1080
27114 767 0 1375 1080
27115 777 0 1385 1080
27116 791 0 1399 1080
27117 807 0 1415 1080
27118 821 0 1429 1080
27119 830 0 1438 1080
27120 835 0 1443 1080
27121 834 0 1442 1080
27122 830 0 1438 1080
27123 823 0 1431 1080
27124 817 0 1425 1080
27125 816 0 1424 1080
27126 816 0 1424 1080
27127 824 0 1432 1080
27128 854 0 1462 1080
27129 880 0 1488 1080
27130 896 0 1504 1080
27131 902 0 1510 1080
27132 910 0 1518 1080
27133 927 0 1535 1080
27134 949 0 1557 1080
27135 962 0 1570 1080
27136 973 0 1581 1080
27137 983 0 1591 1080
27138 991 0 1599 1080
27139 997 0 1605 1080
27140 1003 0 1611 1080
27141 1010 0 1618 1080
27142 1019 0 1627 1080
27143 1032 0 1640 1080
27144 1048 0 1656 1080
27145 1066 0 1674 1080
27146 1085 0 1693 1080
27147 1102 0 1710 1080
27148 1117 0 1725 1080
27149 1127 0 1735 1080
27150 1134 0 1742 1080
27151 1139 0 1747 1080
27152 1142 0 1750 1080
27153 1144 0 1752 1080
27154 1147 0 1755 1080
27155 1151 0 1759 1080
27156 1157 0 1765 1080
27157 1164 0 1772 1080
27158 1174 0 1782 1080
27159 1187 0 1795 1080
27160 1202 0 1810 1080
27161 1218 0 1826 1080
27162 1223 0 1831 1080
27163 1245 0 1853 1080
27164 1263 0 1871 1080
27165 1294 0 1902 1080
27166 1312 0 1920 1080
27167 1312 0 1920 1080
27168 1312 0 1920 1080
27169 1312 0 1920 1080
27170 1312 0 1920 1080
27171 1312 0 1920 1080
27172 1312 0 1920 1080
27173 1312 0 1920 1080
27174 1312 0 1920 1080
27175 1312 0 1920 1080
27176 1312 0 1920 1080
27177 1312 0 1920 1080
27178 1312 0 1920 1080
27179 1312 0 1920 1080
27180 1312 0 1920 1080
27181 1312 0 1920 1080
27182 1312 0 1920 1080
27183 1312 0 1920 1080
27184 1312 0 1920 1080
27185 1312 0 1920 1080
27186 1312 0 1920 1080
27187 1312 0 1920 1080
27188 1312 0 1920 1080
27189 1312 0 1920 1080
27190 1312 0 1920 1080
27191 1312 0 1920 1080
27192 1312 0 1920 1080
27193 1312 0 1920 1080
27194 1312 0 1920 1080
27195 1312 0 1920 1080
27196 1312 0 1920 1080
27197 1312 0 1920 1080
27198 1312 0 1920 1080
27199 1312 0 1920 1080
27200 1312 0 1920 1080
27201 1312 0 1920 1080
27202 1312 0 1920 1080
27203 1312 0 1920 1080
27204 1312 0 1920 1080
27205 1312 0 1920 1080
27206 1312 0 1920 1080
27207 1312 0 1920 1080
27208 1312 0 1920 1080
27209 1312 0 1920 1080
27210 1312 0 1920 1080
27211 1312 0 1920 1080
27212 1312 0 1920 1080
27213 1312 0 1920 1080
27214 1312 0 1920 1080
27215 1312 0 1920 1080
27216 1312 0 1920 1080
27217 1312 0 1920 1080
27218 1312 0 1920 1080
27219 1312 0 1920 1080
27220 1312 0 1920 1080
27221 1312 0 1920 1080
27222 1312 0 1920 1080
27223 1312 0 1920 1080
27224 1312 0 1920 1080
27225 1312 0 1920 1080
27226 1312 0 1920 1080
27227 1307 0 1915 1080
27228 1302 0 1910 1080
27229 1301 0 1909 1080
27230 1303 0 1911 1080
27231 1307 0 1915 1080
27232 1311 0 1919 1080
27233 1312 0 1920 1080
27234 1312 0 1920 1080
27235 1312 0 1920 1080
27236 1312 0 1920 1080
27237 1306 0 1914 1080
27238 1297 0 1905 1080
27239 1288 0 1896 1080
27240 1279 0 1887 1080
27241 1272 0 1880 1080
27242 1268 0 1876 1080
27243 1265 0 1873 1080
27244 1262 0 1870 1080
27245 1259 0 1867 1080
27246 1256 0 1864 1080
27247 1251 0 1859 1080
27248 1247 0 1855 1080
27249 1243 0 1851 1080
27250 1239 0 1847 1080
27251 1237 0 1845 1080
27252 1236 0 1844 1080
27253 1236 0 1844 1080
27254 1237 0 1845 1080
27255 1240 0 1848 1080
27256 1243 0 1851 1080
27257 1247 0 1855 1080
27258 1250 0 1858 1080
27259 1251 0 1859 1080
27260 1250 0 1858 1080
27261 1248 0 1856 1080
27262 1243 0 1851 1080
27263 1238 0 1846 1080
27264 1233 0 1841 1080
27265 1231 0 1839 1080
27266 1232 0 1840 1080
27267 1243 0 1851 1080
27268 1252 0 1860 1080
27269 1259 0 1867 1080
27270 1261 0 1869 1080
27271 1259 0 1867 1080
27272 1254 0 1862 1080
27273 1245 0 1853 1080
27274 1235 0 1843 1080
27275 1217 0 1825 1080
27276 1209 0 1817 1080
27277 1199 0 1807 1080
27278 1193 0 1801 1080
27279 1191 0 1799 1080
27280 1192 0 1800 1080
27281 1193 0 1801 1080
27282 1196 0 1804 1080
27283 1201 0 1809 1080
27284 1208 0 1816 1080
27285 1216 0 1824 1080
27286 1225 0 1833 1080
27287 1234 0 1842 1080
27288 1242 0 1850 1080
27289 1250 0 1858 1080
27290 1256 0 1864 1080
27291 1260 0 1868 1080
27292 1263 0 1871 1080
27293 1265 0 1873 1080
27294 1283 0 1891 1080
27295 1309 0 1917 1080
27296 1312 0 1920 1080
27297 1312 0 1920 1080
27298 1312 0 1920 1080
27299 1312 0 1920 1080
27300 1312 0 1920 1080
27301 1312 0 1920 1080
27302 1312 0 1920 1080
27303 1312 0 1920 1080
27304 1312 0 1920 1080
27305 1312 0 1920 1080
27306 1312 0 1920 1080
27307 1312 0 1920 1080
27308 1312 0 1920 1080
27309 1312 0 1920 1080
27310 1312 0 1920 1080
27311 1312 0 1920 1080
27312 1312 0 1920 1080
27313 1312 0 1920 1080
27314 1307 0 1915 1080
27315 1292 0 1900 1080
27316 1285 0 1893 1080
27317 1285 0 1893 1080
27318 1288 0 1896 1080
27319 1292 0 1900 1080
27320 1298 0 1906 1080
27321 1303 0 1911 1080
27322 1267 0 1875 1080
27323 1202 0 1810 1080
27324 1125 0 1733 1080
27325 1052 0 1660 1080
27326 995 0 1603 1080
27327 970 0 1578 1080
27328 974 0 1582 1080
27329 1000 0 1608 1080
27330 1037 0 1645 1080
27331 1075 0 1683 1080
27332 1105 0 1713 1080
27333 1169 0 1777 1080
27334 1245 0 1853 1080
27335 1269 0 1877 1080
27336 1245 0 1853 1080
27337 1187 0 1795 1080
27338 1113 0 1721 1080
27339 1038 0 1646 1080
27340 978 0 1586 1080
27341 940 0 1548 1080
27342 926 0 1534 1080
27343 926 0 1534 1080
27344 938 0 1546 1080
27345 960 0 1568 1080
27346 993 0 1601 1080
27347 1027 0 1635 1080
27348 1056 0 1664 1080
27349 1073 0 1681 1080
27350 1082 0 1690 1080
27351 1078 0 1686 1080
27352 1073 0 1681 1080
27353 1068 0 1676 1080
27354 1064 0 1672 1080
27355 1062 0 1670 1080
27356 1071 0 1679 1080
27357 1090 0 1698 1080
27358 1115 0 1723 1080
27359 1154 0 1762 1080
27360 1185 0 1793 1080
27361 1204 0 1812 1080
27362 1217 0 1825 1080
27363 1216 0 1824 1080
27364 1204 0 1812 1080
27365 1186 0 1794 1080
27366 1167 0 1775 1080
27367 1150 0 1758 1080
27368 1140 0 1748 1080
27369 1136 0 1744 1080
27370 1139 0 1747 1080
27371 1146 0 1754 1080
27372 1156 0 1764 1080
27373 1155 0 1763 1080
27374 1158 0 1766 1080
27375 1166 0 1774 1080
27376 1177 0 1785 1080
27377 1187 0 1795 1080
27378 1196 0 1804 1080
27379 1204 0 1812 1080
27380 1208 0 1816 1080
27381 1206 0 1814 1080
27382 1195 0 1803 1080
27383 1172 0 1780 1080
27384 1145 0 1753 1080
27385 1118 0 1726 1080
27386 1094 0 1702 1080
27387 1076 0 1684 1080
27388 1063 0 1671 1080
27389 1056 0 1664 1080
27390 1087 0 1695 1080
27391 1107 0 1715 1080
27392 1114 0 1722 1080
27393 1108 0 1716 1080
27394 1037 0 1645 1080
27395 957 0 1565 1080
27396 877 0 1485 1080
27397 797 0 1405 1080
27398 717 0 1325 1080
27399 639 0 1247 1080
27400 574 0 1182 1080
27401 526 0 1134 1080
27402 496 0 1104 1080
27403 482 0 1090 1080
27404 562 0 1170 1080
27405 612 0 1220 1080
27406 623 0 1231 1080
27407 596 0 1204 1080
27408 538 0 1146 1080
27409 461 0 1069 1080
27410 381 0 989 1080
27411 461 0 1069 1080
27412 495 0 1103 1080
27413 481 0 1089 1080
27414 425 0 1033 1080
27415 345 0 953 1080
27416 265 0 873 1080
27417 191 0 799 1080
27418 148 0 756 1080
27419 139 0 747 1080
27420 149 0 757 1080
27421 177 0 785 1080
27422 220 0 828 1080
27423 276 0 884 1080
27424 338 0 946 1080
27425 395 0 1003 1080
27426 468 0 1076 1080
27427 544 0 1152 1080
27428 609 0 1217 1080
27429 653 0 1261 1080
27430 673 0 1281 1080
27431 669 0 1277 1080
27432 652 0 1260 1080
27433 630 0 1238 1080
27434 610 0 1218 1080
27435 599 0 1207 1080
27436 582 0 1190 1080
27437 578 0 1186 1080
27438 599 0 1207 1080
27439 595 0 1203 1080
27440 610 0 1218 1080
27441 636 0 1244 1080
27442 665 0 1273 1080
27443 705 0 1313 1080
27444 748 0 1356 1080
27445 790 0 1398 1080
27446 825 0 1433 1080
27447 852 0 1460 1080
27448 870 0 1478 1080
27449 880 0 1488 1080
27450 883 0 1491 1080
27451 884 0 1492 1080
27452 884 0 1492 1080
27453 882 0 1490 1080
27454 962 0 1570 1080
27455 1014 0 1622 1080
27456 1036 0 1644 1080
27457 1034 0 1642 1080
27458 1014 0 1622 1080
27459 984 0 1592 1080
27460 958 0 1566 1080
27461 943 0 1551 1080
27462 938 0 1546 1080
27463 952 0 1560 1080
27464 977 0 1585 1080
27465 1013 0 1621 1080
27466 1051 0 1659 1080
27467 1104 0 1712 1080
27468 1149 0 1757 1080
27469 1200 0 1808 1080
27470 1249 0 1857 1080
27471 1293 0 1901 1080
27472 1312 0 1920 1080
27473 1312 0 1920 1080
27474 1312 0 1920 1080
27475 1312 0 1920 1080
27476 1312 0 1920 1080
27477 1312 0 1920 1080
27478 1312 0 1920 1080
27479 1312 0 1920 1080
27480 1312 0 1920 1080
27481 1312 0 1920 1080
27482 1312 0 1920 1080
27483 1312 0 1920 1080
27484 1312 0 1920 1080
27485 1312 0 1920 1080
27486 1312 0 1920 1080
27487 1312 0 1920 1080
27488 1309 0 1917 1080
27489 1229 0 1837 1080
27490 1158 0 1766 1080
27491 1115 0 1723 1080
27492 1101 0 1709 1080
27493 1115 0 1723 1080
27494 1144 0 1752 1080
27495 1224 0 1832 1080
27496 1304 0 1912 1080
27497 1312 0 1920 1080
27498 1312 0 1920 1080
27499 1312 0 1920 1080
27500 1312 0 1920 1080
27501 1312 0 1920 1080
27502 1312 0 1920 1080
27503 1312 0 1920 1080
27504 1312 0 1920 1080
27505 1312 0 1920 1080
27506 1312 0 1920 1080
27507 1312 0 1920 1080
27508 1312 0 1920 1080
27509 1312 0 1920 1080
27510 1312 0 1920 1080
27511 1312 0 1920 1080
27512 1312 0 1920 1080
27513 1312 0 1920 1080
27514 1312 0 1920 1080
27515 1312 0 1920 1080
27516 1312 0 1920 1080
27517 1312 0 1920 1080
27518 1312 0 1920 1080
27519 1312 0 1920 1080
27520 1312 0 1920 1080
27521 1312 0 1920 1080
27522 1312 0 1920 1080
27523 1312 0 1920 1080
27524 1312 0 1920 1080
27525 1312 0 1920 1080
27526 1312 0 1920 1080
27527 1291 0 1899 1080
27528 1212 0 1820 1080
27529 1149 0 1757 1080
27530 1112 0 1720 1080
27531 1103 0 1711 1080
27532 1120 0 1728 1080
27533 1156 0 1764 1080
27534 1201 0 1809 1080
27535 1243 0 1851 1080
27536 1275 0 1883 1080
27537 1293 0 1901 1080
27538 1298 0 1906 1080
27539 1291 0 1899 1080
27540 1276 0 1884 1080
27541 1258 0 1866 1080
27542 1241 0 1849 1080
27543 1227 0 1835 1080
27544 1218 0 1826 1080
27545 1216 0 1824 1080
27546 1219 0 1827 1080
27547 1226 0 1834 1080
27548 1234 0 1842 1080
27549 1242 0 1850 1080
27550 1248 0 1856 1080
27551 1251 0 1859 1080
27552 1250 0 1858 1080
27553 1247 0 1855 1080
27554 1241 0 1849 1080
27555 1234 0 1842 1080
27556 1225 0 1833 1080
27557 1218 0 1826 1080
27558 1213 0 1821 1080
27559 1211 0 1819 1080
27560 1268 0 1876 1080
27561 1312 0 1920 1080
27562 1312 0 1920 1080
27563 1312 0 1920 1080
27564 1312 0 1920 1080
27565 1312 0 1920 1080
27566 1312 0 1920 1080
27567 1312 0 1920 1080
27568 1312 0 1920 1080
27569 1312 0 1920 1080
27570 1312 0 1920 1080
27571 1312 0 1920 1080
27572 1312 0 1920 1080
27573 1312 0 1920 1080
27574 1312 0 1920 1080
27575 1312 0 1920 1080
27576 1312 0 1920 1080
27577 1312 0 1920 1080
27578 1312 0 1920 1080
27579 1312 0 1920 1080
27580 1312 0 1920 1080
27581 1312 0 1920 1080
27582 1312 0 1920 1080
27583 1312 0 1920 1080
27584 1312 0 1920 1080
27585 1312 0 1920 1080
27586 1312 0 1920 1080
27587 1312 0 1920 1080
27588 1312 0 1920 1080
27589 1312 0 1920 1080
27590 1312 0 1920 1080
27591 1312 0 1920 1080
27592 1312 0 1920 1080
27593 1312 0 1920 1080
27594 1312 0 1920 1080
27595 1312 0 1920 1080
27596 1312 0 1920 1080
27597 1312 0 1920 1080
27598 1312 0 1920 1080
27599 1312 0 1920 1080
27600 1312 0 1920 1080
27601 1312 0 1920 1080
27602 1312 0 1920 1080
27603 1312 0 1920 1080
27604 1312 0 1920 1080
27605 1312 0 1920 1080
27606 1312 0 1920 1080
27607 1312 0 1920 1080
27608 1312 0 1920 1080
27609 1312 0 1920 1080
27610 1312 0 1920 1080
27611 1312 0 1920 1080
27612 1312 0 1920 1080
27613 1312 0 1920 1080
27614 1312 0 1920 1080
27615 1312 0 1920 1080
27616 1312 0 1920 1080
27617 1312 0 1920 1080
27618 1312 0 1920 1080
27619 1312 0 1920 1080
27620 1312 0 1920 1080
27621 1312 0 1920 1080
27622 1312 0 1920 1080
27623 1312 0 1920 1080
27624 1312 0 1920 1080
27625 1312 0 1920 1080
27626 1312 0 1920 1080
27627 1312 0 1920 1080
27628 1312 0 1920 1080
27629 1312 0 1920 1080
27630 1312 0 1920 1080
27631 1312 0 1920 1080
27632 1312 0 1920 1080
27633 1312 0 1920 1080
27634 1312 0 1920 1080
27635 1312 0 1920 1080
27636 1312 0 1920 1080
27637 1312 0 1920 1080
27638 1312 0 1920 1080
27639 1312 0 1920 1080
27640 1312 0 1920 1080
27641 1312 0 1920 1080
27642 1312 0 1920 1080
27643 1312 0 1920 1080
27644 1312 0 1920 1080
27645 1312 0 1920 1080
27646 1312 0 1920 1080
27647 1312 0 1920 1080
27648 1312 0 1920 1080
27649 1312 0 1920 1080
27650 1312 0 1920 1080
27651 1312 0 1920 1080
27652 1312 0 1920 1080
27653 1312 0 1920 1080
27654 1312 0 1920 1080
27655 1312 0 1920 1080
27656 1312 0 1920 1080
27657 1312 0 1920 1080
27658 1312 0 1920 1080
27659 1312 0 1920 1080
27660 1312 0 1920 1080
27661 1312 0 1920 1080
27662 1312 0 1920 1080
27663 1312 0 1920 1080
27664 1312 0 1920 1080
27665 1312 0 1920 1080
27666 1312 0 1920 1080
27667 1312 0 1920 1080
27668 1312 0 1920 1080
27669 1312 0 1920 1080
27670 1312 0 1920 1080
27671 1312 0 1920 1080
27672 1312 0 1920 1080
27673 1312 0 1920 1080
27674 1312 0 1920 1080
27675 1312 0 1920 1080
27676 1312 0 1920 1080
27677 1312 0 1920 1080
27678 1312 0 1920 1080
27679 1312 0 1920 1080
27680 1312 0 1920 1080
27681 1312 0 1920 1080
27682 1312 0 1920 1080
27683 1312 0 1920 1080
27684 1296 0 1904 1080
27685 1216 0 1824 1080
27686 1136 0 1744 1080
27687 1056 0 1664 1080
27688 1050 0 1658 1080
27689 1130 0 1738 1080
27690 1210 0 1818 1080
27691 1290 0 1898 1080
27692 1312 0 1920 1080
27693 1312 0 1920 1080
27694 1312 0 1920 1080
27695 1312 0 1920 1080
27696 1312 0 1920 1080
27697 1312 0 1920 1080
27698 1312 0 1920 1080
27699 1312 0 1920 1080
27700 1312 0 1920 1080
27701 1312 0 1920 1080
27702 1312 0 1920 1080
27703 1312 0 1920 1080
27704 1312 0 1920 1080
27705 1312 0 1920 1080
27706 1312 0 1920 1080
27707 1312 0 1920 1080
27708 1312 0 1920 1080
27709 1312 0 1920 1080
27710 1312 0 1920 1080
27711 1312 0 1920 1080
27712 1312 0 1920 1080
27713 1312 0 1920 1080
27714 1312 0 1920 1080
27715 1312 0 1920 1080
27716 1312 0 1920 1080
27717 1312 0 1920 1080
27718 1312 0 1920 1080
27719 1312 0 1920 1080
27720 1312 0 1920 1080
27721 1312 0 1920 1080
27722 1312 0 1920 1080
27723 1312 0 1920 1080
27724 1312 0 1920 1080
27725 1312 0 1920 1080
27726 1312 0 1920 1080
27727 1312 0 1920 1080
27728 1312 0 1920 1080
27729 1312 0 1920 1080
27730 1312 0 1920 1080
27731 1312 0 1920 1080
27732 1312 0 1920 1080
27733 1312 0 1920 1080
27734 1312 0 1920 1080
27735 1312 0 1920 1080
27736 1312 0 1920 1080
27737 1312 0 1920 1080
27738 1312 0 1920 1080
27739 1312 0 1920 1080
27740 1312 0 1920 1080
27741 1312 0 1920 1080
27742 1312 0 1920 1080
27743 1312 0 1920 1080
27744 1312 0 1920 1080
27745 1312 0 1920 1080
27746 1312 0 1920 1080
27747 1312 0 1920 1080
27748 1312 0 1920 1080
27749 1312 0 1920 1080
27750 1312 0 1920 1080
27751 1312 0 1920 1080
27752 1312 0 1920 1080
27753 1312 0 1920 1080
27754 1312 0 1920 1080
27755 1312 0 1920 1080
27756 1312 0 1920 1080
27757 1312 0 1920 1080
27758 1312 0 1920 1080
27759 1312 0 1920 1080
27760 1312 0 1920 1080
27761 1312 0 1920 1080
27762 1312 0 1920 1080
27763 1312 0 1920 1080
27764 1312 0 1920 1080
27765 1312 0 1920 1080
27766 1312 0 1920 1080
27767 1312 0 1920 1080
27768 1312 0 1920 1080
27769 1312 0 1920 1080
27770 1312 0 1920 1080
27771 1312 0 1920 1080
27772 1312 0 1920 1080
27773 1312 0 1920 1080
27774 1312 0 1920 1080
27775 1312 0 1920 1080
27776 1312 0 1920 1080
27777 1308 0 1916 1080
27778 1295 0 1903 1080
27779 1284 0 1892 1080
27780 1280 0 1888 1080
27781 1281 0 1889 1080
27782 1288 0 1896 1080
27783 1298 0 1906 1080
27784 1307 0 1915 1080
27785 1312 0 1920 1080
27786 1312 0 1920 1080
27787 1312 0 1920 1080
27788 1312 0 1920 1080
27789 1312 0 1920 1080
27790 1312 0 1920 1080
27791 1312 0 1920 1080
27792 1312 0 1920 1080
27793 1312 0 1920 1080
27794 1312 0 1920 1080
27795 1312 0 1920 1080
27796 1312 0 1920 1080
27797 1312 0 1920 1080
27798 1312 0 1920 1080
27799 1312 0 1920 1080
27800 1312 0 1920 1080
27801 1312 0 1920 1080
27802 1312 0 1920 1080
27803 1312 0 1920 1080
27804 1312 0 1920 1080
27805 1312 0 1920 1080
27806 1312 0 1920 1080
27807 1312 0 1920 1080
27808 1312 0 1920 1080
27809 1312 0 1920 1080
27810 1312 0 1920 1080
27811 1312 0 1920 1080
27812 1312 0 1920 1080
27813 1312 0 1920 1080
27814 1312 0 1920 1080
27815 1312 0 1920 1080
27816 1312 0 1920 1080
27817 1312 0 1920 1080
27818 1312 0 1920 1080
27819 1312 0 1920 1080
27820 1312 0 1920 1080
27821 1312 0 1920 1080
27822 1312 0 1920 1080
27823 1312 0 1920 1080
27824 1312 0 1920 1080
27825 1312 0 1920 1080
27826 1312 0 1920 1080
27827 1312 0 1920 1080
27828 1312 0 1920 1080
27829 1312 0 1920 1080
27830 1312 0 1920 1080
27831 1312 0 1920 1080
27832 1312 0 1920 1080
27833 1312 0 1920 1080
27834 1312 0 1920 1080
27835 1306 0 1914 1080
27836 1296 0 1904 1080
27837 1287 0 1895 1080
27838 1279 0 1887 1080
27839 1271 0 1879 1080
27840 1261 0 1869 1080
27841 1250 0 1858 1080
27842 1235 0 1843 1080
27843 1217 0 1825 1080
27844 1199 0 1807 1080
27845 1184 0 1792 1080
27846 1173 0 1781 1080
27847 1102 0 1710 1080
27848 1022 0 1630 1080
27849 942 0 1550 1080
27850 862 0 1470 1080
27851 799 0 1407 1080
27852 756 0 1364 1080
27853 737 0 1345 1080
27854 740 0 1348 1080
27855 720 0 1328 1080
27856 684 0 1292 1080
27857 643 0 1251 1080
27858 606 0 1214 1080
27859 584 0 1192 1080
27860 578 0 1186 1080
27861 590 0 1198 1080
27862 615 0 1223 1080
27863 648 0 1256 1080
27864 682 0 1290 1080
27865 713 0 1321 1080
27866 736 0 1344 1080
27867 750 0 1358 1080
27868 756 0 1364 1080
27869 755 0 1363 1080
27870 752 0 1360 1080
27871 747 0 1355 1080
27872 746 0 1354 1080
27873 750 0 1358 1080
27874 759 0 1367 1080
27875 773 0 1381 1080
27876 790 0 1398 1080
27877 806 0 1414 1080
27878 821 0 1429 1080
27879 831 0 1439 1080
27880 836 0 1444 1080
27881 837 0 1445 1080
27882 835 0 1443 1080
27883 831 0 1439 1080
27884 814 0 1422 1080
27885 734 0 1342 1080
27886 676 0 1284 1080
27887 648 0 1256 1080
27888 650 0 1258 1080
27889 675 0 1283 1080
27890 716 0 1324 1080
27891 760 0 1368 1080
27892 694 0 1302 1080
27893 659 0 1267 1080
27894 655 0 1263 1080
27895 679 0 1287 1080
27896 720 0 1328 1080
27897 767 0 1375 1080
27898 810 0 1418 1080
27899 735 0 1343 1080
27900 655 0 1263 1080
27901 575 0 1183 1080
27902 495 0 1103 1080
27903 415 0 1023 1080
27904 335 0 943 1080
27905 258 0 866 1080
27906 200 0 808 1080
27907 168 0 776 1080
27908 164 0 772 1080
27909 182 0 790 1080
27910 262 0 870 1080
27911 329 0 937 1080
27912 370 0 978 1080
27913 384 0 992 1080
27914 372 0 980 1080
27915 343 0 951 1080
27916 273 0 881 1080
27917 193 0 801 1080
27918 113 0 721 1080
27919 33 0 641 1080
27920 0 0 608 1080
27921 0 0 608 1080
27922 0 0 608 1080
27923 0 0 608 1080
27924 0 0 608 1080
27925 0 0 608 1080
27926 0 0 608 1080
27927 0 0 608 1080
27928 0 0 608 1080
27929 57 0 665 1080
27930 137 0 745 1080
27931 217 0 825 1080
27932 297 0 905 1080
27933 377 0 985 1080
27934 457 0 1065 1080
27935 537 0 1145 1080
27936 617 0 1225 1080
27937 686 0 1294 1080
27938 727 0 1335 1080
27939 732 0 1340 1080
27940 706 0 1314 1080
27941 654 0 1262 1080
27942 590 0 1198 1080
27943 529 0 1137 1080
27944 475 0 1083 1080
27945 435 0 1043 1080
27946 414 0 1022 1080
27947 408 0 1016 1080
27948 415 0 1023 1080
27949 429 0 1037 1080
27950 446 0 1054 1080
27951 462 0 1070 1080
27952 472 0 1080 1080
27953 475 0 1083 1080
27954 470 0 1078 1080
27955 457 0 1065 1080
27956 438 0 1046 1080
27957 416 0 1024 1080
27958 395 0 1003 1080
27959 377 0 985 1080
27960 365 0 973 1080
27961 362 0 970 1080
27962 364 0 972 1080
27963 372 0 980 1080
27964 381 0 989 1080
27965 388 0 996 1080
27966 387 0 995 1080
27967 377 0 985 1080
27968 354 0 962 1080
27969 322 0 930 1080
27970 286 0 894 1080
27971 242 0 850 1080
27972 191 0 799 1080
27973 160 0 768 1080
27974 151 0 759 1080
27975 160 0 768 1080
27976 180 0 788 1080
27977 202 0 810 1080
27978 210 0 818 1080
27979 204 0 812 1080
27980 188 0 796 1080
27981 168 0 776 1080
27982 147 0 755 1080
27983 129 0 737 1080
27984 115 0 723 1080
27985 105 0 713 1080
27986 99 0 707 1080
27987 96 0 704 1080
27988 93 0 701 1080
27989 92 0 700 1080
27990 90 0 698 1080
27991 85 0 693 1080
27992 80 0 688 1080
27993 76 0 684 1080
27994 72 0 680 1080
27995 68 0 676 1080
27996 64 0 672 1080
27997 85 0 693 1080
27998 122 0 730 1080
27999 165 0 773 1080
28000 205 0 813 1080
28001 241 0 849 1080
28002 266 0 874 1080
28003 277 0 885 1080
28004 275 0 883 1080
28005 258 0 866 1080
28006 232 0 840 1080
28007 205 0 813 1080
28008 180 0 788 1080
28009 161 0 769 1080
28010 164 0 772 1080
28011 184 0 792 1080
28012 214 0 822 1080
28013 247 0 855 1080
28014 275 0 883 1080
28015 294 0 902 1080
28016 303 0 911 1080
28017 303 0 911 1080
28018 297 0 905 1080
28019 288 0 896 1080
28020 280 0 888 1080
28021 274 0 882 1080
28022 273 0 881 1080
28023 275 0 883 1080
28024 281 0 889 1080
28025 271 0 879 1080
28026 265 0 873 1080
28027 205 0 813 1080
28028 159 0 767 1080
28029 135 0 743 1080
28030 149 0 757 1080
28031 192 0 800 1080
28032 254 0 862 1080
28033 321 0 929 1080
28034 381 0 989 1080
28035 428 0 1036 1080
28036 457 0 1065 1080
28037 471 0 1079 1080
28038 475 0 1083 1080
28039 473 0 1081 1080
28040 481 0 1089 1080
28041 561 0 1169 1080
28042 641 0 1249 1080
28043 721 0 1329 1080
28044 801 0 1409 1080
28045 881 0 1489 1080
28046 961 0 1569 1080
28047 1041 0 1649 1080
28048 1121 0 1729 1080
28049 1201 0 1809 1080
28050 1281 0 1889 1080
28051 1312 0 1920 1080
28052 1312 0 1920 1080
28053 1312 0 1920 1080
28054 1281 0 1889 1080
28055 1201 0 1809 1080
28056 1121 0 1729 1080
28057 1041 0 1649 1080
28058 961 0 1569 1080
28059 881 0 1489 1080
28060 872 0 1480 1080
28061 792 0 1400 1080
28062 712 0 1320 1080
28063 632 0 1240 1080
28064 552 0 1160 1080
28065 472 0 1080 1080
28066 392 0 1000 1080
28067 312 0 920 1080
28068 246 0 854 1080
28069 177 0 785 1080
28070 122 0 730 1080
28071 90 0 698 1080
28072 170 0 778 1080
28073 236 0 844 1080
28074 283 0 891 1080
28075 308 0 916 1080
28076 310 0 918 1080
28077 295 0 903 1080
28078 269 0 877 1080
28079 239 0 847 1080
28080 211 0 819 1080
28081 192 0 800 1080
28082 136 0 744 1080
28083 62 0 670 1080
28084 0 0 608 1080
28085 0 0 608 1080
28086 0 0 608 1080
28087 0 0 608 1080
28088 0 0 608 1080
28089 0 0 608 1080
28090 66 0 674 1080
28091 146 0 754 1080
28092 226 0 834 1080
28093 306 0 914 1080
28094 386 0 994 1080
28095 466 0 1074 1080
28096 544 0 1152 1080
28097 613 0 1221 1080
28098 660 0 1268 1080
28099 662 0 1270 1080
28100 644 0 1252 1080
28101 611 0 1219 1080
28102 575 0 1183 1080
28103 495 0 1103 1080
28104 415 0 1023 1080
28105 335 0 943 1080
28106 255 0 863 1080
28107 175 0 783 1080
28108 255 0 863 1080
28109 263 0 871 1080
28110 210 0 818 1080
28111 130 0 738 1080
28112 50 0 658 1080
28113 0 0 608 1080
28114 0 0 608 1080
28115 0 0 608 1080
28116 43 0 651 1080
28117 73 0 681 1080
28118 73 0 681 1080
28119 48 0 656 1080
28120 9 0 617 1080
28121 0 0 608 1080
28122 46 0 654 1080
28123 89 0 697 1080
28124 95 0 703 1080
28125 68 0 676 1080
28126 21 0 629 1080
28127 0 0 608 1080
28128 0 0 608 1080
28129 0 0 608 1080
28130 47 0 655 1080
28131 64 0 672 1080
28132 50 0 658 1080
28133 13 0 621 1080
28134 0 0 608 1080
28135 0 0 608 1080
28136 0 0 608 1080
28137 46 0 654 1080
28138 58 0 666 1080
28139 38 0 646 1080
28140 0 0 608 1080
28141 0 0 608 1080
28142 0 0 608 1080
28143 0 0 608 1080
28144 26 0 634 1080
28145 40 0 648 1080
28146 34 0 642 1080
28147 14 0 622 1080
28148 0 0 608 1080
28149 0 0 608 1080
28150 0 0 608 1080
28151 0 0 608 1080
28152 0 0 608 1080
28153 0 0 608 1080
28154 0 0 608 1080
28155 0 0 608 1080
28156 0 0 608 1080
28157 0 0 608 1080
28158 0 0 608 1080
28159 0 0 608 1080
28160 0 0 608 1080
28161 0 0 608 1080
28162 0 0 608 1080
28163 0 0 608 1080
28164 0 0 608 1080
28165 0 0 608 1080
28166 0 0 608 1080
28167 0 0 608 1080
28168 11 0 619 1080
28169 24 0 632 1080
28170 32 0 640 1080
28171 34 0 642 1080
28172 32 0 640 1080
28173 28 0 636 1080
28174 22 0 630 1080
28175 17 0 625 1080
28176 16 0 624 1080
28177 22 0 630 1080
28178 33 0 641 1080
28179 45 0 653 1080
28180 55 0 663 1080
28181 59 0 667 1080
28182 56 0 664 1080
28183 51 0 659 1080
28184 44 0 652 1080
28185 36 0 644 1080
28186 31 0 639 1080
28187 31 0 639 1080
28188 34 0 642 1080
28189 39 0 647 1080
28190 42 0 650 1080
28191 44 0 652 1080
28192 43 0 651 1080
28193 42 0 650 1080
28194 38 0 646 1080
28195 36 0 644 1080
28196 36 0 644 1080
28197 42 0 650 1080
28198 51 0 659 1080
28199 61 0 669 1080
28200 69 0 677 1080
28201 74 0 682 1080
28202 75 0 683 1080
28203 72 0 680 1080
28204 70 0 678 1080
28205 70 0 678 1080
28206 72 0 680 1080
28207 73 0 681 1080
28208 72 0 680 1080
28209 70 0 678 1080
28210 66 0 674 1080
28211 63 0 671 1080
28212 61 0 669 1080
28213 61 0 669 1080
28214 62 0 670 1080
28215 63 0 671 1080
28216 65 0 673 1080
28217 71 0 679 1080
28218 80 0 688 1080
28219 92 0 700 1080
28220 104 0 712 1080
28221 116 0 724 1080
28222 125 0 733 1080
28223 132 0 740 1080
28224 134 0 742 1080
28225 132 0 740 1080
28226 125 0 733 1080
28227 116 0 724 1080
28228 106 0 714 1080
28229 96 0 704 1080
28230 91 0 699 1080
28231 91 0 699 1080
28232 99 0 707 1080
28233 111 0 719 1080
28234 124 0 732 1080
28235 137 0 745 1080
28236 146 0 754 1080
28237 151 0 759 1080
28238 152 0 760 1080
28239 152 0 760 1080
28240 150 0 758 1080
28241 149 0 757 1080
28242 148 0 756 1080
28243 147 0 755 1080
28244 147 0 755 1080
28245 148 0 756 1080
28246 148 0 756 1080
28247 153 0 761 1080
28248 157 0 765 1080
28249 161 0 769 1080
28250 165 0 773 1080
28251 169 0 777 1080
28252 172 0 780 1080
28253 175 0 783 1080
28254 182 0 790 1080
28255 189 0 797 1080
28256 195 0 803 1080
28257 200 0 808 1080
28258 203 0 811 1080
28259 204 0 812 1080
28260 202 0 810 1080
28261 203 0 811 1080
28262 201 0 809 1080
28263 197 0 805 1080
28264 192 0 800 1080
28265 188 0 796 1080
28266 184 0 792 1080
28267 181 0 789 1080
28268 184 0 792 1080
28269 192 0 800 1080
28270 201 0 809 1080
28271 211 0 819 1080
28272 216 0 824 1080
28273 245 0 853 1080
28274 286 0 894 1080
28275 326 0 934 1080
28276 360 0 968 1080
28277 380 0 988 1080
28278 384 0 992 1080
28279 375 0 983 1080
28280 357 0 965 1080
28281 308 0 916 1080
28282 247 0 855 1080
28283 192 0 800 1080
28284 154 0 762 1080
28285 139 0 747 1080
28286 151 0 759 1080
28287 185 0 793 1080
28288 233 0 841 1080
28289 284 0 892 1080
28290 331 0 939 1080
28291 368 0 976 1080
28292 393 0 1001 1080
28293 405 0 1013 1080
28294 408 0 1016 1080
28295 452 0 1060 1080
28296 525 0 1133 1080
28297 605 0 1213 1080
28298 685 0 1293 1080
28299 758 0 1366 1080
28300 818 0 1426 1080
28301 859 0 1467 1080
28302 884 0 1492 1080
28303 896 0 1504 1080
28304 901 0 1509 1080
28305 906 0 1514 1080
28306 915 0 1523 1080
28307 931 0 1539 1080
28308 955 0 1563 1080
28309 987 0 1595 1080
28310 1024 0 1632 1080
28311 1063 0 1671 1080
28312 1102 0 1710 1080
28313 1137 0 1745 1080
28314 1169 0 1777 1080
28315 1197 0 1805 1080
28316 1222 0 1830 1080
28317 1245 0 1853 1080
28318 1247 0 1855 1080
28319 1229 0 1837 1080
28320 1200 0 1808 1080
28321 1166 0 1774 1080
28322 1134 0 1742 1080
28323 1111 0 1719 1080
28324 1098 0 1706 1080
28325 1086 0 1694 1080
28326 1078 0 1686 1080
28327 1074 0 1682 1080
28328 1071 0 1679 1080
28329 1069 0 1677 1080
28330 1068 0 1676 1080
28331 1068 0 1676 1080
28332 1069 0 1677 1080
28333 1070 0 1678 1080
28334 1071 0 1679 1080
28335 1071 0 1679 1080
28336 1071 0 1679 1080
28337 1070 0 1678 1080
28338 1067 0 1675 1080
28339 1063 0 1671 1080
28340 1059 0 1667 1080
28341 1060 0 1668 1080
28342 1067 0 1675 1080
28343 1074 0 1682 1080
28344 1080 0 1688 1080
28345 1082 0 1690 1080
28346 1081 0 1689 1080
28347 1115 0 1723 1080
28348 1131 0 1739 1080
28349 1129 0 1737 1080
28350 1152 0 1760 1080
28351 1190 0 1798 1080
28352 1232 0 1840 1080
28353 1270 0 1878 1080
28354 1297 0 1905 1080
28355 1310 0 1918 1080
28356 1274 0 1882 1080
28357 1205 0 1813 1080
28358 1156 0 1764 1080
28359 1134 0 1742 1080
28360 1138 0 1746 1080
28361 1163 0 1771 1080
28362 1199 0 1807 1080
28363 1237 0 1845 1080
28364 1269 0 1877 1080
28365 1289 0 1897 1080
28366 1294 0 1902 1080
28367 1286 0 1894 1080
28368 1269 0 1877 1080
28369 1264 0 1872 1080
28370 1270 0 1878 1080
28371 1293 0 1901 1080
28372 1312 0 1920 1080
28373 1312 0 1920 1080
28374 1312 0 1920 1080
28375 1312 0 1920 1080
28376 1312 0 1920 1080
28377 1312 0 1920 1080
28378 1312 0 1920 1080
28379 1287 0 1895 1080
28380 1253 0 1861 1080
28381 1239 0 1847 1080
28382 1236 0 1844 1080
28383 1255 0 1863 1080
28384 1289 0 1897 1080
28385 1312 0 1920 1080
28386 1312 0 1920 1080
28387 1312 0 1920 1080
28388 1312 0 1920 1080
28389 1294 0 1902 1080
28390 1299 0 1907 1080
28391 1312 0 1920 1080
28392 1312 0 1920 1080
28393 1312 0 1920 1080
28394 1312 0 1920 1080
28395 1312 0 1920 1080
28396 1312 0 1920 1080
28397 1312 0 1920 1080
28398 1312 0 1920 1080
28399 1312 0 1920 1080
28400 1287 0 1895 1080
28401 1272 0 1880 1080
28402 1276 0 1884 1080
28403 1293 0 1901 1080
28404 1312 0 1920 1080
28405 1312 0 1920 1080
28406 1312 0 1920 1080
28407 1312 0 1920 1080
28408 1312 0 1920 1080
28409 1312 0 1920 1080
28410 1312 0 1920 1080
28411 1312 0 1920 1080
28412 1312 0 1920 1080
28413 1312 0 1920 1080
28414 1308 0 1916 1080
28415 1278 0 1886 1080
28416 1239 0 1847 1080
28417 1202 0 1810 1080
28418 1202 0 1810 1080
28419 1203 0 1811 1080
28420 1232 0 1840 1080
28421 1262 0 1870 1080
28422 1303 0 1911 1080
28423 1312 0 1920 1080
28424 1312 0 1920 1080
28425 1312 0 1920 1080
28426 1312 0 1920 1080
28427 1291 0 1899 1080
28428 1211 0 1819 1080
28429 1174 0 1782 1080
28430 1186 0 1794 1080
28431 1237 0 1845 1080
28432 1224 0 1832 1080
28433 1253 0 1861 1080
28434 1221 0 1829 1080
28435 1147 0 1755 1080
28436 1067 0 1675 1080
28437 987 0 1595 1080
28438 907 0 1515 1080
28439 827 0 1435 1080
28440 757 0 1365 1080
28441 714 0 1322 1080
28442 702 0 1310 1080
28443 717 0 1325 1080
28444 755 0 1363 1080
28445 802 0 1410 1080
28446 848 0 1456 1080
28447 885 0 1493 1080
28448 910 0 1518 1080
28449 921 0 1529 1080
28450 919 0 1527 1080
28451 906 0 1514 1080
28452 888 0 1496 1080
28453 870 0 1478 1080
28454 852 0 1460 1080
28455 838 0 1446 1080
28456 827 0 1435 1080
28457 821 0 1429 1080
28458 823 0 1431 1080
28459 831 0 1439 1080
28460 841 0 1449 1080
28461 850 0 1458 1080
28462 858 0 1466 1080
28463 861 0 1469 1080
28464 857 0 1465 1080
28465 846 0 1454 1080
28466 828 0 1436 1080
28467 809 0 1417 1080
28468 793 0 1401 1080
28469 784 0 1392 1080
28470 783 0 1391 1080
28471 789 0 1397 1080
28472 799 0 1407 1080
28473 808 0 1416 1080
28474 813 0 1421 1080
28475 812 0 1420 1080
28476 806 0 1414 1080
28477 795 0 1403 1080
28478 785 0 1393 1080
28479 777 0 1385 1080
28480 772 0 1380 1080
28481 774 0 1382 1080
28482 779 0 1387 1080
28483 785 0 1393 1080
28484 788 0 1396 1080
28485 787 0 1395 1080
28486 781 0 1389 1080
28487 771 0 1379 1080
28488 761 0 1369 1080
28489 753 0 1361 1080
28490 750 0 1358 1080
28491 752 0 1360 1080
28492 757 0 1365 1080
28493 764 0 1372 1080
28494 770 0 1378 1080
28495 774 0 1382 1080
28496 773 0 1381 1080
28497 768 0 1376 1080
28498 759 0 1367 1080
28499 749 0 1357 1080
28500 740 0 1348 1080
28501 733 0 1341 1080
28502 730 0 1338 1080
28503 730 0 1338 1080
28504 732 0 1340 1080
28505 738 0 1346 1080
28506 744 0 1352 1080
28507 751 0 1359 1080
28508 756 0 1364 1080
28509 760 0 1368 1080
28510 764 0 1372 1080
28511 766 0 1374 1080
28512 768 0 1376 1080
28513 769 0 1377 1080
28514 766 0 1374 1080
28515 760 0 1368 1080
28516 753 0 1361 1080
28517 747 0 1355 1080
28518 743 0 1351 1080
28519 742 0 1350 1080
28520 743 0 1351 1080
28521 746 0 1354 1080
28522 750 0 1358 1080
28523 752 0 1360 1080
28524 753 0 1361 1080
28525 753 0 1361 1080
28526 753 0 1361 1080
28527 750 0 1358 1080
28528 744 0 1352 1080
28529 734 0 1342 1080
28530 720 0 1328 1080
28531 707 0 1315 1080
28532 696 0 1304 1080
28533 690 0 1298 1080
28534 688 0 1296 1080
28535 689 0 1297 1080
28536 694 0 1302 1080
28537 701 0 1309 1080
28538 708 0 1316 1080
28539 713 0 1321 1080
28540 715 0 1323 1080
28541 715 0 1323 1080
28542 714 0 1322 1080
28543 714 0 1322 1080
28544 714 0 1322 1080
28545 715 0 1323 1080
28546 720 0 1328 1080
28547 727 0 1335 1080
28548 736 0 1344 1080
28549 745 0 1353 1080
28550 753 0 1361 1080
28551 759 0 1367 1080
28552 762 0 1370 1080
28553 762 0 1370 1080
28554 761 0 1369 1080
28555 759 0 1367 1080
28556 759 0 1367 1080
28557 764 0 1372 1080
28558 777 0 1385 1080
28559 819 0 1427 1080
28560 876 0 1484 1080
28561 934 0 1542 1080
28562 983 0 1591 1080
28563 1017 0 1625 1080
28564 1037 0 1645 1080
28565 1082 0 1690 1080
28566 1141 0 1749 1080
28567 1204 0 1812 1080
28568 1259 0 1867 1080
28569 1299 0 1907 1080
28570 1312 0 1920 1080
28571 1312 0 1920 1080
28572 1306 0 1914 1080
28573 1283 0 1891 1080
28574 1258 0 1866 1080
28575 1237 0 1845 1080
28576 1223 0 1831 1080
28577 1218 0 1826 1080
28578 1222 0 1830 1080
28579 1232 0 1840 1080
28580 1245 0 1853 1080
28581 1258 0 1866 1080
28582 1269 0 1877 1080
28583 1277 0 1885 1080
28584 1280 0 1888 1080
28585 1280 0 1888 1080
28586 1277 0 1885 1080
28587 1273 0 1881 1080
28588 1270 0 1878 1080
28589 1267 0 1875 1080
28590 1265 0 1873 1080
28591 1264 0 1872 1080
28592 1265 0 1873 1080
28593 1267 0 1875 1080
28594 1270 0 1878 1080
28595 1272 0 1880 1080
28596 1274 0 1882 1080
28597 1275 0 1883 1080
28598 1276 0 1884 1080
28599 1277 0 1885 1080
28600 1276 0 1884 1080
28601 1275 0 1883 1080
28602 1273 0 1881 1080
28603 1272 0 1880 1080
28604 1272 0 1880 1080
28605 1272 0 1880 1080
28606 1273 0 1881 1080
28607 1274 0 1882 1080
28608 1275 0 1883 1080
28609 1277 0 1885 1080
28610 1278 0 1886 1080
28611 1279 0 1887 1080
28612 1279 0 1887 1080
28613 1280 0 1888 1080
28614 1280 0 1888 1080
28615 1277 0 1885 1080
28616 1273 0 1881 1080
28617 1269 0 1877 1080
28618 1263 0 1871 1080
28619 1256 0 1864 1080
28620 1251 0 1859 1080
28621 1246 0 1854 1080
28622 1242 0 1850 1080
28623 1240 0 1848 1080
28624 1238 0 1846 1080
28625 1237 0 1845 1080
28626 1237 0 1845 1080
28627 1235 0 1843 1080
28628 1233 0 1841 1080
28629 1230 0 1838 1080
28630 1226 0 1834 1080
28631 1221 0 1829 1080
28632 1215 0 1823 1080
28633 1208 0 1816 1080
28634 1201 0 1809 1080
28635 1194 0 1802 1080
28636 1189 0 1797 1080
28637 1186 0 1794 1080
28638 1183 0 1791 1080
28639 1183 0 1791 1080
28640 1184 0 1792 1080
28641 1186 0 1794 1080
28642 1189 0 1797 1080
28643 1191 0 1799 1080
28644 1192 0 1800 1080
28645 1186 0 1794 1080
28646 1181 0 1789 1080
28647 1178 0 1786 1080
28648 1177 0 1785 1080
28649 1178 0 1786 1080
28650 1196 0 1804 1080
28651 1222 0 1830 1080
28652 1202 0 1810 1080
28653 1198 0 1806 1080
28654 1209 0 1817 1080
28655 1229 0 1837 1080
28656 1253 0 1861 1080
28657 1276 0 1884 1080
28658 1293 0 1901 1080
28659 1213 0 1821 1080
28660 1161 0 1769 1080
28661 1143 0 1751 1080
28662 1155 0 1763 1080
28663 1190 0 1798 1080
28664 1236 0 1844 1080
28665 1281 0 1889 1080
28666 1201 0 1809 1080
28667 1154 0 1762 1080
28668 1143 0 1751 1080
28669 1163 0 1771 1080
28670 1204 0 1812 1080
28671 1254 0 1862 1080
28672 1302 0 1910 1080
28673 1222 0 1830 1080
28674 1173 0 1781 1080
28675 1158 0 1766 1080
28676 1174 0 1782 1080
28677 1212 0 1820 1080
28678 1261 0 1869 1080
28679 1308 0 1916 1080
28680 1228 0 1836 1080
28681 1179 0 1787 1080
28682 1166 0 1774 1080
28683 1184 0 1792 1080
28684 1224 0 1832 1080
28685 1273 0 1881 1080
28686 1312 0 1920 1080
28687 1240 0 1848 1080
28688 1191 0 1799 1080
28689 1177 0 1785 1080
28690 1195 0 1803 1080
28691 1169 0 1777 1080
28692 1114 0 1722 1080
28693 1049 0 1657 1080
28694 989 0 1597 1080
28695 947 0 1555 1080
28696 928 0 1536 1080
28697 933 0 1541 1080
28698 957 0 1565 1080
28699 992 0 1600 1080
28700 1033 0 1641 1080
28701 1069 0 1677 1080
28702 1095 0 1703 1080
28703 1107 0 1715 1080
28704 1105 0 1713 1080
28705 1094 0 1702 1080
28706 1079 0 1687 1080
28707 1064 0 1672 1080
28708 1051 0 1659 1080
28709 1045 0 1653 1080
28710 1045 0 1653 1080
28711 1052 0 1660 1080
28712 1064 0 1672 1080
28713 1078 0 1686 1080
28714 1092 0 1700 1080
28715 1103 0 1711 1080
28716 1108 0 1716 1080
28717 1108 0 1716 1080
28718 1102 0 1710 1080
28719 1095 0 1703 1080
28720 1087 0 1695 1080
28721 1081 0 1689 1080
28722 1076 0 1684 1080
28723 1074 0 1682 1080
28724 1074 0 1682 1080
28725 1075 0 1683 1080
28726 1076 0 1684 1080
28727 1072 0 1680 1080
28728 1064 0 1672 1080
28729 1041 0 1649 1080
28730 1019 0 1627 1080
28731 998 0 1606 1080
28732 963 0 1571 1080
28733 920 0 1528 1080
28734 873 0 1481 1080
28735 828 0 1436 1080
28736 789 0 1397 1080
28737 757 0 1365 1080
28738 733 0 1341 1080
28739 715 0 1323 1080
28740 701 0 1309 1080
28741 687 0 1295 1080
28742 672 0 1280 1080
28743 653 0 1261 1080
28744 630 0 1238 1080
28745 605 0 1213 1080
28746 576 0 1184 1080
28747 546 0 1154 1080
28748 516 0 1124 1080
28749 488 0 1096 1080
28750 460 0 1068 1080
28751 435 0 1043 1080
28752 410 0 1018 1080
28753 387 0 995 1080
28754 364 0 972 1080
28755 341 0 949 1080
28756 318 0 926 1080
28757 294 0 902 1080
28758 269 0 877 1080
28759 210 0 818 1080
28760 134 0 742 1080
28761 59 0 667 1080
28762 37 0 645 1080
28763 65 0 673 1080
28764 130 0 738 1080
28765 210 0 818 1080
28766 290 0 898 1080
28767 361 0 969 1080
28768 414 0 1022 1080
28769 387 0 995 1080
28770 364 0 972 1080
28771 350 0 958 1080
28772 350 0 958 1080
28773 364 0 972 1080
28774 389 0 997 1080
28775 422 0 1030 1080
28776 457 0 1065 1080
28777 498 0 1106 1080
28778 538 0 1146 1080
28779 570 0 1178 1080
28780 591 0 1199 1080
28781 593 0 1201 1080
28782 588 0 1196 1080
28783 577 0 1185 1080
28784 564 0 1172 1080
28785 555 0 1163 1080
28786 551 0 1159 1080
28787 553 0 1161 1080
28788 559 0 1167 1080
28789 569 0 1177 1080
28790 579 0 1187 1080
28791 588 0 1196 1080
28792 595 0 1203 1080
28793 597 0 1205 1080
28794 597 0 1205 1080
28795 592 0 1200 1080
28796 583 0 1191 1080
28797 576 0 1184 1080
28798 574 0 1182 1080
28799 574 0 1182 1080
28800 574 0 1182 1080
28801 567 0 1175 1080
28802 549 0 1157 1080
28803 533 0 1141 1080
28804 521 0 1129 1080
28805 515 0 1123 1080
28806 516 0 1124 1080
28807 509 0 1117 1080
28808 498 0 1106 1080
28809 487 0 1095 1080
28810 480 0 1088 1080
28811 478 0 1086 1080
28812 481 0 1089 1080
28813 492 0 1100 1080
28814 509 0 1117 1080
28815 530 0 1138 1080
28816 553 0 1161 1080
28817 574 0 1182 1080
28818 589 0 1197 1080
28819 597 0 1205 1080
28820 597 0 1205 1080
28821 592 0 1200 1080
28822 586 0 1194 1080
28823 581 0 1189 1080
28824 555 0 1163 1080
28825 517 0 1125 1080
28826 479 0 1087 1080
28827 449 0 1057 1080
28828 429 0 1037 1080
28829 451 0 1059 1080
28830 500 0 1108 1080
28831 561 0 1169 1080
28832 596 0 1204 1080
28833 606 0 1214 1080
28834 592 0 1200 1080
28835 559 0 1167 1080
28836 517 0 1125 1080
28837 491 0 1099 1080
28838 490 0 1098 1080
28839 566 0 1174 1080
28840 646 0 1254 1080
28841 726 0 1334 1080
28842 806 0 1414 1080
28843 880 0 1488 1080
28844 931 0 1539 1080
28845 951 0 1559 1080
28846 947 0 1555 1080
28847 916 0 1524 1080
28848 866 0 1474 1080
28849 807 0 1415 1080
28850 750 0 1358 1080
28851 703 0 1311 1080
28852 673 0 1281 1080
28853 664 0 1272 1080
28854 673 0 1281 1080
28855 696 0 1304 1080
28856 720 0 1328 1080
28857 737 0 1345 1080
28858 747 0 1355 1080
28859 748 0 1356 1080
28860 742 0 1350 1080
28861 732 0 1340 1080
28862 735 0 1343 1080
28863 746 0 1354 1080
28864 761 0 1369 1080
28865 774 0 1382 1080
28866 783 0 1391 1080
28867 787 0 1395 1080
28868 785 0 1393 1080
28869 778 0 1386 1080
28870 767 0 1375 1080
28871 755 0 1363 1080
28872 742 0 1350 1080
28873 730 0 1338 1080
28874 720 0 1328 1080
28875 715 0 1323 1080
28876 710 0 1318 1080
28877 705 0 1313 1080
28878 700 0 1308 1080
28879 695 0 1303 1080
28880 690 0 1298 1080
28881 685 0 1293 1080
28882 681 0 1289 1080
28883 677 0 1285 1080
28884 675 0 1283 1080
28885 670 0 1278 1080
28886 665 0 1273 1080
28887 641 0 1249 1080
28888 608 0 1216 1080
28889 576 0 1184 1080
28890 551 0 1159 1080
28891 538 0 1146 1080
28892 543 0 1151 1080
28893 561 0 1169 1080
28894 563 0 1171 1080
28895 554 0 1162 1080
28896 545 0 1153 1080
28897 542 0 1150 1080
28898 543 0 1151 1080
28899 538 0 1146 1080
28900 522 0 1130 1080
28901 505 0 1113 1080
28902 495 0 1103 1080
28903 497 0 1105 1080
28904 510 0 1118 1080
28905 551 0 1159 1080
28906 588 0 1196 1080
28907 633 0 1241 1080
28908 676 0 1284 1080
28909 709 0 1317 1080
28910 727 0 1335 1080
28911 727 0 1335 1080
28912 725 0 1333 1080
28913 706 0 1314 1080
28914 691 0 1299 1080
28915 684 0 1292 1080
28916 684 0 1292 1080
28917 690 0 1298 1080
28918 692 0 1300 1080
28919 686 0 1294 1080
28920 766 0 1374 1080
28921 808 0 1416 1080
28922 812 0 1420 1080
28923 784 0 1392 1080
28924 749 0 1357 1080
28925 705 0 1313 1080
28926 663 0 1271 1080
28927 633 0 1241 1080
28928 619 0 1227 1080
28929 625 0 1233 1080
28930 646 0 1254 1080
28931 676 0 1284 1080
28932 710 0 1318 1080
28933 742 0 1350 1080
28934 767 0 1375 1080
28935 784 0 1392 1080
28936 791 0 1399 1080
28937 791 0 1399 1080
28938 786 0 1394 1080
28939 813 0 1421 1080
28940 865 0 1473 1080
28941 929 0 1537 1080
28942 995 0 1603 1080
28943 1052 0 1660 1080
28944 1095 0 1703 1080
28945 1122 0 1730 1080
28946 1133 0 1741 1080
28947 1132 0 1740 1080
28948 1124 0 1732 1080
28949 1113 0 1721 1080
28950 1099 0 1707 1080
28951 1086 0 1694 1080
28952 1073 0 1681 1080
28953 1062 0 1670 1080
28954 1054 0 1662 1080
28955 1047 0 1655 1080
28956 1041 0 1649 1080
28957 1036 0 1644 1080
28958 1031 0 1639 1080
28959 1027 0 1635 1080
28960 1027 0 1635 1080
28961 1030 0 1638 1080
28962 1039 0 1647 1080
28963 1047 0 1655 1080
28964 1054 0 1662 1080
28965 1059 0 1667 1080
28966 1060 0 1668 1080
28967 1072 0 1680 1080
28968 1096 0 1704 1080
28969 1126 0 1734 1080
28970 1158 0 1766 1080
28971 1186 0 1794 1080
28972 1206 0 1814 1080
28973 1216 0 1824 1080
28974 1217 0 1825 1080
28975 1209 0 1817 1080
28976 1197 0 1805 1080
28977 1186 0 1794 1080
28978 1178 0 1786 1080
28979 1175 0 1783 1080
28980 1181 0 1789 1080
28981 1193 0 1801 1080
28982 1209 0 1817 1080
28983 1225 0 1833 1080
28984 1239 0 1847 1080
28985 1249 0 1857 1080
28986 1255 0 1863 1080
28987 1258 0 1866 1080
28988 1258 0 1866 1080
28989 1257 0 1865 1080
28990 1255 0 1863 1080
28991 1235 0 1843 1080
28992 1201 0 1809 1080
28993 1163 0 1771 1080
28994 1126 0 1734 1080
28995 1098 0 1706 1080
28996 1080 0 1688 1080
28997 1060 0 1668 1080
28998 1039 0 1647 1080
28999 1021 0 1629 1080
29000 1011 0 1619 1080
29001 1007 0 1615 1080
29002 1010 0 1618 1080
29003 1018 0 1626 1080
29004 1031 0 1639 1080
29005 1045 0 1653 1080
29006 1056 0 1664 1080
29007 1062 0 1670 1080
29008 1062 0 1670 1080
29009 1057 0 1665 1080
29010 1048 0 1656 1080
29011 1037 0 1645 1080
29012 1025 0 1633 1080
29013 1012 0 1620 1080
29014 1003 0 1611 1080
29015 992 0 1600 1080
29016 983 0 1591 1080
29017 977 0 1585 1080
29018 973 0 1581 1080
29019 971 0 1579 1080
29020 972 0 1580 1080
29021 974 0 1582 1080
29022 975 0 1583 1080
29023 974 0 1582 1080
29024 1033 0 1641 1080
29025 1057 0 1665 1080
29026 1050 0 1658 1080
29027 1020 0 1628 1080
29028 979 0 1587 1080
29029 939 0 1547 1080
29030 867 0 1475 1080
29031 787 0 1395 1080
29032 714 0 1322 1080
29033 682 0 1290 1080
29034 689 0 1297 1080
29035 728 0 1336 1080
29036 785 0 1393 1080
29037 843 0 1451 1080
29038 889 0 1497 1080
29039 916 0 1524 1080
29040 922 0 1530 1080
29041 906 0 1514 1080
29042 879 0 1487 1080
29043 846 0 1454 1080
29044 816 0 1424 1080
29045 795 0 1403 1080
29046 786 0 1394 1080
29047 789 0 1397 1080
29048 801 0 1409 1080
29049 815 0 1423 1080
29050 829 0 1437 1080
29051 841 0 1449 1080
29052 849 0 1457 1080
29053 853 0 1461 1080
29054 854 0 1462 1080
29055 851 0 1459 1080
29056 846 0 1454 1080
29057 841 0 1449 1080
29058 838 0 1446 1080
29059 841 0 1449 1080
29060 849 0 1457 1080
29061 860 0 1468 1080
29062 871 0 1479 1080
29063 882 0 1490 1080
29064 891 0 1499 1080
29065 900 0 1508 1080
29066 909 0 1517 1080
29067 919 0 1527 1080
29068 932 0 1540 1080
29069 946 0 1554 1080
29070 962 0 1570 1080
29071 977 0 1585 1080
29072 990 0 1598 1080
29073 999 0 1607 1080
29074 1005 0 1613 1080
29075 1010 0 1618 1080
29076 1017 0 1625 1080
29077 1026 0 1634 1080
29078 1036 0 1644 1080
29079 1046 0 1654 1080
29080 1055 0 1663 1080
29081 1062 0 1670 1080
29082 1065 0 1673 1080
29083 1061 0 1669 1080
29084 1051 0 1659 1080
29085 1038 0 1646 1080
29086 1026 0 1634 1080
29087 1019 0 1627 1080
29088 1020 0 1628 1080
29089 1027 0 1635 1080
29090 1038 0 1646 1080
29091 1051 0 1659 1080
29092 1062 0 1670 1080
29093 1066 0 1674 1080
29094 1064 0 1672 1080
29095 1057 0 1665 1080
29096 1048 0 1656 1080
29097 1040 0 1648 1080
29098 1032 0 1640 1080
29099 1026 0 1634 1080
29100 1022 0 1630 1080
29101 1021 0 1629 1080
29102 1017 0 1625 1080
29103 1011 0 1619 1080
29104 1001 0 1609 1080
29105 991 0 1599 1080
29106 982 0 1590 1080
29107 977 0 1585 1080
29108 977 0 1585 1080
29109 980 0 1588 1080
29110 984 0 1592 1080
29111 989 0 1597 1080
29112 992 0 1600 1080
29113 991 0 1599 1080
29114 988 0 1596 1080
29115 985 0 1593 1080
29116 983 0 1591 1080
29117 982 0 1590 1080
29118 982 0 1590 1080
29119 983 0 1591 1080
29120 983 0 1591 1080
29121 981 0 1589 1080
29122 976 0 1584 1080
29123 969 0 1577 1080
29124 960 0 1568 1080
29125 952 0 1560 1080
29126 947 0 1555 1080
29127 945 0 1553 1080
29128 946 0 1554 1080
29129 949 0 1557 1080
29130 952 0 1560 1080
29131 953 0 1561 1080
29132 948 0 1556 1080
29133 938 0 1546 1080
29134 923 0 1531 1080
29135 907 0 1515 1080
29136 896 0 1504 1080
29137 891 0 1499 1080
29138 895 0 1503 1080
29139 905 0 1513 1080
29140 920 0 1528 1080
29141 937 0 1545 1080
29142 951 0 1559 1080
29143 960 0 1568 1080
29144 965 0 1573 1080
29145 966 0 1574 1080
29146 966 0 1574 1080
29147 965 0 1573 1080
29148 966 0 1574 1080
29149 969 0 1577 1080
29150 973 0 1581 1080
29151 979 0 1587 1080
29152 985 0 1593 1080
29153 991 0 1599 1080
29154 997 0 1605 1080
29155 1003 0 1611 1080
29156 1009 0 1617 1080
29157 1014 0 1622 1080
29158 1020 0 1628 1080
29159 1026 0 1634 1080
29160 1031 0 1639 1080
29161 1036 0 1644 1080
29162 1040 0 1648 1080
29163 1043 0 1651 1080
29164 1044 0 1652 1080
29165 1044 0 1652 1080
29166 1044 0 1652 1080
29167 1044 0 1652 1080
29168 1045 0 1653 1080
29169 1045 0 1653 1080
29170 1047 0 1655 1080
29171 1050 0 1658 1080
29172 1053 0 1661 1080
29173 1054 0 1662 1080
29174 1054 0 1662 1080
29175 1051 0 1659 1080
29176 1048 0 1656 1080
29177 1043 0 1651 1080
29178 1038 0 1646 1080
29179 1032 0 1640 1080
29180 1025 0 1633 1080
29181 1015 0 1623 1080
29182 1003 0 1611 1080
29183 984 0 1592 1080
29184 957 0 1565 1080
29185 926 0 1534 1080
29186 896 0 1504 1080
29187 872 0 1480 1080
29188 857 0 1465 1080
29189 827 0 1435 1080
29190 802 0 1410 1080
29191 782 0 1390 1080
29192 768 0 1376 1080
29193 758 0 1366 1080
29194 751 0 1359 1080
29195 736 0 1344 1080
29196 714 0 1322 1080
29197 669 0 1277 1080
29198 629 0 1237 1080
29199 595 0 1203 1080
29200 571 0 1179 1080
29201 556 0 1164 1080
29202 550 0 1158 1080
29203 546 0 1154 1080
29204 539 0 1147 1080
29205 530 0 1138 1080
29206 518 0 1126 1080
29207 501 0 1109 1080
29208 482 0 1090 1080
29209 460 0 1068 1080
29210 454 0 1062 1080
29211 430 0 1038 1080
29212 410 0 1018 1080
29213 393 0 1001 1080
29214 379 0 987 1080
29215 373 0 981 1080
29216 373 0 981 1080
29217 378 0 986 1080
29218 386 0 994 1080
29219 394 0 1002 1080
29220 397 0 1005 1080
29221 383 0 991 1080
29222 356 0 964 1080
29223 329 0 937 1080
29224 306 0 914 1080
29225 283 0 891 1080
29226 262 0 870 1080
29227 246 0 854 1080
29228 234 0 842 1080
29229 228 0 836 1080
29230 228 0 836 1080
29231 234 0 842 1080
29232 240 0 848 1080
29233 244 0 852 1080
29234 246 0 854 1080
29235 245 0 853 1080
29236 242 0 850 1080
29237 254 0 862 1080
29238 279 0 887 1080
29239 311 0 919 1080
29240 347 0 955 1080
29241 381 0 989 1080
29242 408 0 1016 1080
29243 460 0 1068 1080
29244 525 0 1133 1080
29245 587 0 1195 1080
29246 634 0 1242 1080
29247 661 0 1269 1080
29248 680 0 1288 1080
29249 698 0 1306 1080
29250 730 0 1338 1080
29251 776 0 1384 1080
29252 831 0 1439 1080
29253 892 0 1500 1080
29254 952 0 1560 1080
29255 1005 0 1613 1080
29256 1044 0 1652 1080
29257 1065 0 1673 1080
29258 1081 0 1689 1080
29259 1090 0 1698 1080
29260 1092 0 1700 1080
29261 1089 0 1697 1080
29262 1082 0 1690 1080
29263 1074 0 1682 1080
29264 1066 0 1674 1080
29265 1059 0 1667 1080
29266 1054 0 1662 1080
29267 1052 0 1660 1080
29268 1051 0 1659 1080
29269 1050 0 1658 1080
29270 1048 0 1656 1080
29271 1045 0 1653 1080
29272 1040 0 1648 1080
29273 1033 0 1641 1080
29274 1023 0 1631 1080
29275 1010 0 1618 1080
29276 990 0 1598 1080
29277 965 0 1573 1080
29278 936 0 1544 1080
29279 909 0 1517 1080
29280 886 0 1494 1080
29281 867 0 1475 1080
29282 847 0 1455 1080
29283 826 0 1434 1080
29284 803 0 1411 1080
29285 779 0 1387 1080
29286 758 0 1366 1080
29287 741 0 1349 1080
29288 726 0 1334 1080
29289 713 0 1321 1080
29290 703 0 1311 1080
29291 680 0 1288 1080
29292 643 0 1251 1080
29293 609 0 1217 1080
29294 580 0 1188 1080
29295 544 0 1152 1080
29296 506 0 1114 1080
29297 473 0 1081 1080
29298 463 0 1071 1080
29299 460 0 1068 1080
29300 447 0 1055 1080
29301 430 0 1038 1080
29302 409 0 1017 1080
29303 388 0 996 1080
29304 371 0 979 1080
29305 359 0 967 1080
29306 351 0 959 1080
29307 347 0 955 1080
29308 344 0 952 1080
29309 336 0 944 1080
29310 325 0 933 1080
29311 313 0 921 1080
29312 302 0 910 1080
29313 292 0 900 1080
29314 281 0 889 1080
29315 270 0 878 1080
29316 258 0 866 1080
29317 246 0 854 1080
29318 235 0 843 1080
29319 225 0 833 1080
29320 216 0 824 1080
29321 208 0 816 1080
29322 199 0 807 1080
29323 190 0 798 1080
29324 180 0 788 1080
29325 169 0 777 1080
29326 159 0 767 1080
29327 151 0 759 1080
29328 144 0 752 1080
29329 135 0 743 1080
29330 125 0 733 1080
29331 113 0 721 1080
29332 102 0 710 1080
29333 92 0 700 1080
29334 85 0 693 1080
29335 103 0 711 1080
29336 137 0 745 1080
29337 174 0 782 1080
29338 204 0 812 1080
29339 221 0 829 1080
29340 221 0 829 1080
29341 195 0 803 1080
29342 152 0 760 1080
29343 104 0 712 1080
29344 61 0 669 1080
29345 31 0 639 1080
29346 17 0 625 1080
29347 19 0 627 1080
29348 34 0 642 1080
29349 55 0 663 1080
29350 78 0 686 1080
29351 99 0 707 1080
29352 112 0 720 1080
29353 119 0 727 1080
29354 124 0 732 1080
29355 128 0 736 1080
29356 131 0 739 1080
29357 136 0 744 1080
29358 141 0 749 1080
29359 150 0 758 1080
29360 161 0 769 1080
29361 176 0 784 1080
29362 191 0 799 1080
29363 208 0 816 1080
29364 220 0 828 1080
29365 224 0 832 1080
29366 221 0 829 1080
29367 213 0 821 1080
29368 203 0 811 1080
29369 197 0 805 1080
29370 198 0 806 1080
29371 207 0 815 1080
29372 218 0 826 1080
29373 229 0 837 1080
29374 237 0 845 1080
29375 244 0 852 1080
29376 254 0 862 1080
29377 270 0 878 1080
29378 292 0 900 1080
29379 312 0 920 1080
29380 328 0 936 1080
29381 338 0 946 1080
29382 344 0 952 1080
29383 347 0 955 1080
29384 348 0 956 1080
29385 349 0 957 1080
29386 351 0 959 1080
29387 350 0 958 1080
29388 347 0 955 1080
29389 359 0 967 1080
29390 360 0 968 1080
29391 355 0 963 1080
29392 347 0 955 1080
29393 341 0 949 1080
29394 343 0 951 1080
29395 348 0 956 1080
29396 354 0 962 1080
29397 360 0 968 1080
29398 365 0 973 1080
29399 369 0 977 1080
29400 374 0 982 1080
29401 381 0 989 1080
29402 392 0 1000 1080
29403 400 0 1008 1080
29404 404 0 1012 1080
29405 421 0 1029 1080
29406 501 0 1109 1080
29407 541 0 1149 1080
29408 543 0 1151 1080
29409 523 0 1131 1080
29410 523 0 1131 1080
29411 538 0 1146 1080
29412 563 0 1171 1080
29413 594 0 1202 1080
29414 584 0 1192 1080
29415 542 0 1150 1080
29416 483 0 1091 1080
29417 424 0 1032 1080
29418 375 0 983 1080
29419 346 0 954 1080
29420 340 0 948 1080
29421 355 0 963 1080
29422 385 0 993 1080
29423 419 0 1027 1080
29424 452 0 1060 1080
29425 479 0 1087 1080
29426 497 0 1105 1080
29427 506 0 1114 1080
29428 504 0 1112 1080
29429 493 0 1101 1080
29430 475 0 1083 1080
29431 454 0 1062 1080
29432 434 0 1042 1080
29433 423 0 1031 1080
29434 420 0 1028 1080
29435 426 0 1034 1080
29436 438 0 1046 1080
29437 452 0 1060 1080
29438 464 0 1072 1080
29439 472 0 1080 1080
29440 474 0 1082 1080
29441 468 0 1076 1080
29442 456 0 1064 1080
29443 439 0 1047 1080
29444 415 0 1023 1080
29445 387 0 995 1080
29446 356 0 964 1080
29447 290 0 898 1080
29448 210 0 818 1080
29449 136 0 744 1080
29450 85 0 693 1080
29451 67 0 675 1080
29452 79 0 687 1080
29453 112 0 720 1080
29454 109 0 717 1080
29455 78 0 686 1080
29456 33 0 641 1080
29457 0 0 608 1080
29458 0 0 608 1080
29459 0 0 608 1080
29460 0 0 608 1080
29461 45 0 653 1080
29462 125 0 733 1080
29463 204 0 812 1080
29464 263 0 871 1080
29465 298 0 906 1080
29466 314 0 922 1080
29467 315 0 923 1080
29468 310 0 918 1080
29469 305 0 913 1080
29470 304 0 912 1080
29471 308 0 916 1080
29472 315 0 923 1080
29473 348 0 956 1080
29474 394 0 1002 1080
29475 442 0 1050 1080
29476 482 0 1090 1080
29477 509 0 1117 1080
29478 521 0 1129 1080
29479 519 0 1127 1080
29480 506 0 1114 1080
29481 487 0 1095 1080
29482 469 0 1077 1080
29483 485 0 1093 1080
29484 526 0 1134 1080
29485 583 0 1191 1080
29486 641 0 1249 1080
29487 691 0 1299 1080
29488 727 0 1335 1080
29489 747 0 1355 1080
29490 753 0 1361 1080
29491 746 0 1354 1080
29492 732 0 1340 1080
29493 716 0 1324 1080
29494 697 0 1305 1080
29495 683 0 1291 1080
29496 682 0 1290 1080
29497 692 0 1300 1080
29498 713 0 1321 1080
29499 741 0 1349 1080
29500 772 0 1380 1080
29501 802 0 1410 1080
29502 824 0 1432 1080
29503 837 0 1445 1080
29504 841 0 1449 1080
29505 837 0 1445 1080
29506 828 0 1436 1080
29507 818 0 1426 1080
29508 807 0 1415 1080
29509 798 0 1406 1080
29510 795 0 1403 1080
29511 796 0 1404 1080
29512 798 0 1406 1080
29513 798 0 1406 1080
29514 794 0 1402 1080
29515 784 0 1392 1080
29516 769 0 1377 1080
29517 762 0 1370 1080
29518 762 0 1370 1080
29519 767 0 1375 1080
29520 777 0 1385 1080
29521 791 0 1399 1080
29522 807 0 1415 1080
29523 821 0 1429 1080
29524 830 0 1438 1080
29525 835 0 1443 1080
29526 834 0 1442 1080
29527 830 0 1438 1080
29528 823 0 1431 1080
29529 817 0 1425 1080
29530 816 0 1424 1080
29531 816 0 1424 1080
29532 824 0 1432 1080
29533 854 0 1462 1080
29534 880 0 1488 1080
29535 896 0 1504 1080
29536 902 0 1510 1080
29537 910 0 1518 1080
29538 927 0 1535 1080
29539 949 0 1557 1080
29540 962 0 1570 1080
29541 973 0 1581 1080
29542 983 0 1591 1080
29543 991 0 1599 1080
29544 997 0 1605 1080
29545 1003 0 1611 1080
29546 1010 0 1618 1080
29547 1019 0 1627 1080
29548 1032 0 1640 1080
29549 1048 0 1656 1080
29550 1066 0 1674 1080
29551 1085 0 1693 1080
29552 1102 0 1710 1080
29553 1117 0 1725 1080
29554 1127 0 1735 1080
29555 1134 0 1742 1080
29556 1139 0 1747 1080
29557 1142 0 1750 1080
29558 1144 0 1752 1080
29559 1147 0 1755 1080
29560 1151 0 1759 1080
29561 1157 0 1765 1080
29562 1164 0 1772 1080
29563 1174 0 1782 1080
29564 1187 0 1795 1080
29565 1202 0 1810 1080
29566 1218 0 1826 1080
29567 1223 0 1831 1080
29568 1245 0 1853 1080
29569 1263 0 1871 1080
29570 1294 0 1902 1080
29571 1312 0 1920 1080
29572 1312 0 1920 1080
29573 1312 0 1920 1080
29574 1312 0 1920 1080
29575 1312 0 1920 1080
29576 1312 0 1920 1080
29577 1312 0 1920 1080
29578 1312 0 1920 1080
29579 1312 0 1920 1080
29580 1312 0 1920 1080
29581 1312 0 1920 1080
29582 1312 0 1920 1080
29583 1312 0 1920 1080
29584 1312 0 1920 1080
29585 1312 0 1920 1080
29586 1312 0 1920 1080
29587 1312 0 1920 1080
29588 1312 0 1920 1080
29589 1312 0 1920 1080
29590 1312 0 1920 1080
29591 1312 0 1920 1080
29592 1312 0 1920 1080
29593 1312 0 1920 1080
29594 1312 0 1920 1080
29595 1312 0 1920 1080
29596 1312 0 1920 1080
29597 1312 0 1920 1080
29598 1312 0 1920 1080
29599 1312 0 1920 1080
29600 1312 0 1920 1080
29601 1312 0 1920 1080
29602 1312 0 1920 1080
29603 1312 0 1920 1080
29604 1312 0 1920 1080
29605 1312 0 1920 1080
29606 1312 0 1920 1080
29607 1312 0 1920 1080
29608 1312 0 1920 1080
29609 1312 0 1920 1080
29610 1312 0 1920 1080
29611 1312 0 1920 1080
29612 1312 0 1920 1080
29613 1312 0 1920 1080
29614 1312 0 1920 1080
29615 1312 0 1920 1080
29616 1312 0 1920 1080
29617 1312 0 1920 1080
29618 1312 0 1920 1080
29619 1312 0 1920 1080
29620 1312 0 1920 1080
29621 1312 0 1920 1080
29622 1312 0 1920 1080
29623 1312 0 1920 1080
29624 1312 0 1920 1080
29625 1312 0 1920 1080
29626 1312 0 1920 1080
29627 1312 0 1920 1080
29628 1312 0 1920 1080
29629 1312 0 1920 1080
29630 1312 0 1920 1080
29631 1312 0 1920 1080
29632 1307 0 1915 1080
29633 1302 0 1910 1080
29634 1301 0 1909 1080
29635 1303 0 1911 1080
29636 1307 0 1915 1080
29637 1311 0 1919 1080
29638 1312 0 1920 1080
29639 1312 0 1920 1080
29640 1312 0 1920 1080
29641 1312 0 1920 1080
29642 1306 0 1914 1080
29643 1297 0 1905 1080
29644 1288 0 1896 1080
29645 1279 0 1887 1080
29646 1272 0 1880 1080
29647 1268 0 1876 1080
29648 1265 0 1873 1080
29649 1262 0 1870 1080
29650 1259 0 1867 1080
29651 1256 0 1864 1080
29652 1251 0 1859 1080
29653 1247 0 1855 1080
29654 1243 0 1851 1080
29655 1239 0 1847 1080
29656 1237 0 1845 1080
29657 1236 0 1844 1080
29658 1236 0 1844 1080
29659 1237 0 1845 1080
29660 1240 0 1848 1080
29661 1243 0 1851 1080
29662 1247 0 1855 1080
29663 1250 0 1858 1080
29664 1251 0 1859 1080
29665 1250 0 1858 1080
29666 1248 0 1856 1080
29667 1243 0 1851 1080
29668 1238 0 1846 1080
29669 1233 0 1841 1080
29670 1231 0 1839 1080
29671 1232 0 1840 1080
29672 1243 0 1851 1080
29673 1252 0 1860 1080
29674 1259 0 1867 1080
29675 1261 0 1869 1080
29676 1259 0 1867 1080
29677 1254 0 1862 1080
29678 1245 0 1853 1080
29679 1235 0 1843 1080
29680 1217 0 1825 1080
29681 1209 0 1817 1080
29682 1199 0 1807 1080
29683 1193 0 1801 1080
29684 1191 0 1799 1080
29685 1192 0 1800 1080
29686 1193 0 1801 1080
29687 1196 0 1804 1080
29688 1201 0 1809 1080
29689 1208 0 1816 1080
29690 1216 0 1824 1080
29691 1225 0 1833 1080
29692 1234 0 1842 1080
29693 1242 0 1850 1080
29694 1250 0 1858 1080
29695 1256 0 1864 1080
29696 1260 0 1868 1080
29697 1263 0 1871 1080
29698 1265 0 1873 1080
29699 1283 0 1891 1080
29700 1309 0 1917 1080
29701 1312 0 1920 1080
29702 1312 0 1920 1080
29703 1312 0 1920 1080
29704 1312 0 1920 1080
29705 1312 0 1920 1080
29706 1312 0 1920 1080
29707 1312 0 1920 1080
29708 1312 0 1920 1080
29709 1312 0 1920 1080
29710 1312 0 1920 1080
29711 1312 0 1920 1080
29712 1312 0 1920 1080
29713 1312 0 1920 1080
29714 1312 0 1920 1080
29715 1312 0 1920 1080
29716 1312 0 1920 1080
29717 1312 0 1920 1080
29718 1312 0 1920 1080
29719 1307 0 1915 1080
29720 1292 0 1900 1080
29721 1285 0 1893 1080
29722 1285 0 1893 1080
29723 1288 0 1896 1080
29724 1292 0 1900 1080
29725 1298 0 1906 1080
29726 1303 0 1911 1080
29727 1267 0 1875 1080
29728 1202 0 1810 1080
29729 1125 0 1733 1080
29730 1052 0 1660 1080
29731 995 0 1603 1080
29732 970 0 1578 1080
29733 974 0 1582 1080
29734 1000 0 1608 1080
29735 1037 0 1645 1080
29736 1075 0 1683 1080
29737 1105 0 1713 1080
29738 1169 0 1777 1080
29739 1245 0 1853 1080
29740 1269 0 1877 1080
29741 1245 0 1853 1080
29742 1187 0 1795 1080
29743 1113 0 1721 1080
29744 1038 0 1646 1080
29745 978 0 1586 1080
29746 940 0 1548 1080
29747 926 0 1534 1080
29748 926 0 1534 1080
29749 938 0 1546 1080
29750 960 0 1568 1080
29751 993 0 1601 1080
29752 1027 0 1635 1080
29753 1056 0 1664 1080
29754 1073 0 1681 1080
29755 1082 0 1690 1080
29756 1078 0 1686 1080
29757 1073 0 1681 1080
29758 1068 0 1676 1080
29759 1064 0 1672 1080
29760 1062 0 1670 1080
29761 1071 0 1679 1080
29762 1090 0 1698 1080
29763 1115 0 1723 1080
29764 1154 0 1762 1080
29765 1185 0 1793 1080
29766 1204 0 1812 1080
29767 1217 0 1825 1080
29768 1216 0 1824 1080
29769 1204 0 1812 1080
29770 1186 0 1794 1080
29771 1167 0 1775 1080
29772 1150 0 1758 1080
29773 1140 0 1748 1080
29774 1136 0 1744 1080
29775 1139 0 1747 1080
29776 1146 0 1754 1080
29777 1156 0 1764 1080
29778 1155 0 1763 1080
29779 1158 0 1766 1080
29780 1166 0 1774 1080
29781 1177 0 1785 1080
29782 1187 0 1795 1080
29783 1196 0 1804 1080
29784 1204 0 1812 1080
29785 1208 0 1816 1080
29786 1206 0 1814 1080
29787 1195 0 1803 1080
29788 1172 0 1780 1080
29789 1145 0 1753 1080
29790 1118 0 1726 1080
29791 1094 0 1702 1080
29792 1076 0 1684 1080
29793 1063 0 1671 1080
29794 1056 0 1664 1080
29795 1087 0 1695 1080
29796 1107 0 1715 1080
29797 1114 0 1722 1080
29798 1108 0 1716 1080
29799 1037 0 1645 1080
29800 957 0 1565 1080
29801 877 0 1485 1080
29802 797 0 1405 1080
29803 717 0 1325 1080
29804 639 0 1247 1080
29805 574 0 1182 1080
29806 526 0 1134 1080
29807 496 0 1104 1080
29808 482 0 1090 1080
29809 562 0 1170 1080
29810 612 0 1220 1080
29811 623 0 1231 1080
29812 596 0 1204 1080
29813 538 0 1146 1080
29814 461 0 1069 1080
29815 381 0 989 1080
29816 461 0 1069 1080
29817 495 0 1103 1080
29818 481 0 1089 1080
29819 425 0 1033 1080
29820 345 0 953 1080
29821 265 0 873 1080
29822 191 0 799 1080
29823 148 0 756 1080
29824 139 0 747 1080
29825 149 0 757 1080
29826 177 0 785 1080
29827 220 0 828 1080
29828 276 0 884 1080
29829 338 0 946 1080
29830 395 0 1003 1080
29831 468 0 1076 1080
29832 544 0 1152 1080
29833 609 0 1217 1080
29834 653 0 1261 1080
29835 673 0 1281 1080
29836 669 0 1277 1080
29837 652 0 1260 1080
29838 630 0 1238 1080
29839 610 0 1218 1080
29840 599 0 1207 1080
29841 582 0 1190 1080
29842 578 0 1186 1080
29843 599 0 1207 1080
29844 595 0 1203 1080
29845 610 0 1218 1080
29846 636 0 1244 1080
29847 665 0 1273 1080
29848 705 0 1313 1080
29849 748 0 1356 1080
29850 790 0 1398 1080
29851 825 0 1433 1080
29852 852 0 1460 1080
29853 870 0 1478 1080
29854 880 0 1488 1080
29855 883 0 1491 1080
29856 884 0 1492 1080
29857 884 0 1492 1080
29858 882 0 1490 1080
29859 962 0 1570 1080
29860 1014 0 1622 1080
29861 1036 0 1644 1080
29862 1034 0 1642 1080
29863 1014 0 1622 1080
29864 984 0 1592 1080
29865 958 0 1566 1080
29866 943 0 1551 1080
29867 938 0 1546 1080
29868 952 0 1560 1080
29869 977 0 1585 1080
29870 1013 0 1621 1080
29871 1051 0 1659 1080
29872 1104 0 1712 1080
29873 1149 0 1757 1080
29874 1200 0 1808 1080
29875 1249 0 1857 1080
29876 1293 0 1901 1080
29877 1312 0 1920 1080
29878 1312 0 1920 1080
29879 1312 0 1920 1080
29880 1312 0 1920 1080
29881 1312 0 1920 1080
29882 1312 0 1920 1080
29883 1312 0 1920 1080
29884 1312 0 1920 1080
29885 1312 0 1920 1080
29886 1312 0 1920 1080
29887 1312 0 1920 1080
29888 1312 0 1920 1080
29889 1312 0 1920 1080
29890 1312 0 1920 1080
29891 1312 0 1920 1080
29892 1312 0 1920 1080
29893 1309 0 1917 1080
29894 1229 0 1837 1080
29895 1158 0 1766 1080
29896 1115 0 1723 1080
29897 1101 0 1709 1080
29898 1115 0 1723 1080
29899 1144 0 1752 1080
29900 1224 0 1832 1080
29901 1304 0 1912 1080
29902 1312 0 1920 1080
29903 1312 0 1920 1080
29904 1312 0 1920 1080
29905 1312 0 1920 1080
29906 1312 0 1920 1080
29907 1312 0 1920 1080
29908 1312 0 1920 1080
29909 1312 0 1920 1080
29910 1312 0 1920 1080
29911 1312 0 1920 1080
29912 1312 0 1920 1080
29913 1312 0 1920 1080
29914 1312 0 1920 1080
29915 1312 0 1920 1080
29916 1312 0 1920 1080
29917 1312 0 1920 1080
29918 1312 0 1920 1080
29919 1312 0 1920 1080
29920 1312 0 1920 1080
29921 1312 0 1920 1080
29922 1312 0 1920 1080
29923 1312 0 1920 1080
29924 1312 0 1920 1080
29925 1312 0 1920 1080
29926 1312 0 1920 1080
29927 1312 0 1920 1080
29928 1312 0 1920 1080
29929 1312 0 1920 1080
29930 1312 0 1920 1080
29931 1312 0 1920 1080
29932 1291 0 1899 1080
29933 1212 0 1820 1080
29934 1149 0 1757 1080
29935 1112 0 1720 1080
29936 1103 0 1711 1080
29937 1120 0 1728 1080
29938 1156 0 1764 1080
29939 1201 0 1809 1080
29940 1243 0 1851 1080
29941 1275 0 1883 1080
29942 1293 0 1901 1080
29943 1298 0 1906 1080
29944 1291 0 1899 1080
29945 1276 0 1884 1080
29946 1258 0 1866 1080
29947 1241 0 1849 1080
29948 1227 0 1835 1080
29949 1218 0 1826 1080
29950 1216 0 1824 1080
29951 1219 0 1827 1080
29952 1226 0 1834 1080
29953 1234 0 1842 1080
29954 1242 0 1850 1080
29955 1248 0 1856 1080
29956 1251 0 1859 1080
29957 1250 0 1858 1080
29958 1247 0 1855 1080
29959 1241 0 1849 1080
29960 1234 0 1842 1080
29961 1225 0 1833 1080
29962 1218 0 1826 1080
29963 1213 0 1821 1080
29964 1211 0 1819 1080
29965 1268 0 1876 1080
29966 1312 0 1920 1080
29967 1312 0 1920 1080
29968 1312 0 1920 1080
29969 1312 0 1920 1080
29970 1312 0 1920 1080
29971 1312 0 1920 1080
29972 1312 0 1920 1080
29973 1312 0 1920 1080
29974 1312 0 1920 1080
29975 1312 0 1920 1080
29976 1312 0 1920 1080
29977 1312 0 1920 1080
29978 1312 0 1920 1080
29979 1312 0 1920 1080
29980 1312 0 1920 1080
29981 1312 0 1920 1080
29982 1312 0 1920 1080
29983 1312 0 1920 1080
29984 1312 0 1920 1080
29985 1312 0 1920 1080
29986 1312 0 1920 1080
29987 1312 0 1920 1080
29988 1312 0 1920 1080
29989 1312 0 1920 1080
29990 1312 0 1920 1080
29991 1312 0 1920 1080
29992 1312 0 1920 1080
29993 1312 0 1920 1080
29994 1312 0 1920 1080
29995 1312 0 1920 1080
29996 1312 0 1920 1080
29997 1312 0 1920 1080
29998 1312 0 1920 1080
29999 1312 0 1920 1080
30000 1312 0 1920 1080
30001 1312 0 1920 1080
30002 1312 0 1920 1080
30003 1312 0 1920 1080
30004 1312 0 1920 1080
30005 1312 0 1920 1080
30006 1312 0 1920 1080
30007 1312 0 1920 1080
30008 1312 0 1920 1080
30009 1312 0 1920 1080
30010 1312 0 1920 1080
30011 1312 0 1920 1080
30012 1312 0 1920 1080
30013 1312 0 1920 1080
30014 1312 0 1920 1080
30015 1312 0 1920 1080
30016 1312 0 1920 1080
30017 1312 0 1920 1080
30018 1312 0 1920 1080
30019 1312 0 1920 1080
30020 1312 0 1920 1080
30021 1312 0 1920 1080
30022 1312 0 1920 1080
30023 1312 0 1920 1080
30024 1312 0 1920 1080
30025 1312 0 1920 1080
30026 1312 0 1920 1080
30027 1312 0 1920 1080
30028 1312 0 1920 1080
30029 1312 0 1920 1080
30030 1312 0 1920 1080
30031 1312 0 1920 1080
30032 1312 0 1920 1080
30033 1312 0 1920 1080
30034 1312 0 1920 1080
30035 1312 0 1920 1080
30036 1312 0 1920 1080
30037 1312 0 1920 1080
30038 1312 0 1920 1080
30039 1312 0 1920 1080
30040 1312 0 1920 1080
30041 1312 0 1920 1080
30042 1312 0 1920 1080
30043 1312 0 1920 1080
30044 1312 0 1920 1080
30045 1312 0 1920 1080
30046 1312 0 1920 1080
30047 1312 0 1920 1080
30048 1312 0 1920 1080
30049 1312 0 1920 1080
30050 1312 0 1920 1080
30051 1312 0 1920 1080
30052 1312 0 1920 1080
30053 1312 0 1920 1080
30054 1312 0 1920 1080
30055 1312 0 1920 1080
30056 1312 0 1920 1080
30057 1312 0 1920 1080
30058 1312 0 1920 1080
30059 1312 0 1920 1080
30060 1312 0 1920 1080
30061 1312 0 1920 1080
30062 1312 0 1920 1080
30063 1312 0 1920 1080
30064 1312 0 1920 1080
30065 1312 0 1920 1080
30066 1312 0 1920 1080
30067 1312 0 1920 1080
30068 1312 0 1920 1080
30069 1312 0 1920 1080
30070 1312 0 1920 1080
30071 1312 0 1920 1080
30072 1312 0 1920 1080
30073 1312 0 1920 1080
30074 1312 0 1920 1080
30075 1312 0 1920 1080
30076 1312 0 1920 1080
30077 1312 0 1920 1080
30078 1312 0 1920 1080
30079 1312 0 1920 1080
30080 1312 0 1920 1080
30081 1312 0 1920 1080
30082 1312 0 1920 1080
30083 1312 0 1920 1080
30084 1312 0 1920 1080
30085 1312 0 1920 1080
30086 1312 0 1920 1080
30087 1312 0 1920 1080
30088 1312 0 1920 1080
30089 1296 0 1904 1080
30090 1216 0 1824 1080
30091 1136 0 1744 1080
30092 1056 0 1664 1080
30093 1050 0 1658 1080
30094 1130 0 1738 1080
30095 1210 0 1818 1080
30096 1290 0 1898 1080
30097 1312 0 1920 1080
30098 1312 0 1920 1080
30099 1312 0 1920 1080
30100 1312 0 1920 1080
30101 1312 0 1920 1080
30102 1312 0 1920 1080
30103 1312 0 1920 1080
30104 1312 0 1920 1080
30105 1312 0 1920 1080
30106 1312 0 1920 1080
30107 1312 0 1920 1080
30108 1312 0 1920 1080
30109 1312 0 1920 1080
30110 1312 0 1920 1080
30111 1312 0 1920 1080
30112 1312 0 1920 1080
30113 1312 0 1920 1080
30114 1312 0 1920 1080
30115 1312 0 1920 1080
30116 1312 0 1920 1080
30117 1312 0 1920 1080
30118 1312 0 1920 1080
30119 1312 0 1920 1080
30120 1312 0 1920 1080
30121 1312 0 1920 1080
30122 1312 0 1920 1080
30123 1312 0 1920 1080
30124 1312 0 1920 1080
30125 1312 0 1920 1080
30126 1312 0 1920 1080
30127 1312 0 1920 1080
30128 1312 0 1920 1080
30129 1312 0 1920 1080
30130 1312 0 1920 1080
30131 1312 0 1920 1080
30132 1312 0 1920 1080
30133 1312 0 1920 1080
30134 1312 0 1920 1080
30135 1312 0 1920 1080
30136 1312 0 1920 1080
30137 1312 0 1920 1080
30138 1312 0 1920 1080
30139 1312 0 1920 1080
30140 1312 0 1920 1080
30141 1312 0 1920 1080
30142 1312 0 1920 1080
30143 1312 0 1920 1080
30144 1312 0 1920 1080
30145 1312 0 1920 1080
30146 1312 0 1920 1080
30147 1312 0 1920 1080
30148 1312 0 1920 1080
30149 1312 0 1920 1080
30150 1312 0 1920 1080
30151 1312 0 1920 1080
30152 1312 0 1920 1080
30153 1312 0 1920 1080
30154 1312 0 1920 1080
30155 1312 0 1920 1080
30156 1312 0 1920 1080
30157 1312 0 1920 1080
30158 1312 0 1920 1080
30159 1312 0 1920 1080
30160 1312 0 1920 1080
30161 1312 0 1920 1080
30162 1312 0 1920 1080
30163 1312 0 1920 1080
30164 1312 0 1920 1080
30165 1312 0 1920 1080
30166 1312 0 1920 1080
30167 1312 0 1920 1080
30168 1312 0 1920 1080
30169 1312 0 1920 1080
30170 1312 0 1920 1080
30171 1312 0 1920 1080
30172 1312 0 1920 1080
30173 1312 0 1920 1080
30174 1312 0 1920 1080
30175 1312 0 1920 1080
30176 1312 0 1920 1080
30177 1312 0 1920 1080
30178 1312 0 1920 1080
30179 1312 0 1920 1080
30180 1312 0 1920 1080
30181 1312 0 1920 1080
30182 1308 0 1916 1080
30183 1295 0 1903 1080
30184 1284 0 1892 1080
30185 1280 0 1888 1080
30186 1281 0 1889 1080
30187 1288 0 1896 1080
30188 1298 0 1906 1080
30189 1307 0 1915 1080
30190 1312 0 1920 1080
30191 1312 0 1920 1080
30192 1312 0 1920 1080
30193 1312 0 1920 1080
30194 1312 0 1920 1080
30195 1312 0 1920 1080
30196 1312 0 1920 1080
30197 1312 0 1920 1080
30198 1312 0 1920 1080
30199 1312 0 1920 1080
30200 1312 0 1920 1080
30201 1312 0 1920 1080
30202 1312 0 1920 1080
30203 1312 0 1920 1080
30204 1312 0 1920 1080
30205 1312 0 1920 1080
30206 1312 0 1920 1080
30207 1312 0 1920 1080
30208 1312 0 1920 1080
30209 1312 0 1920 1080
30210 1312 0 1920 1080
30211 1312 0 1920 1080
30212 1312 0 1920 1080
30213 1312 0 1920 1080
30214 1312 0 1920 1080
30215 1312 0 1920 1080
30216 1312 0 1920 1080
30217 1312 0 1920 1080
30218 1312 0 1920 1080
30219 1312 0 1920 1080
30220 1312 0 1920 1080
30221 1312 0 1920 1080
30222 1312 0 1920 1080
30223 1312 0 1920 1080
30224 1312 0 1920 1080
30225 1312 0 1920 1080
30226 1312 0 1920 1080
30227 1312 0 1920 1080
30228 1312 0 1920 1080
30229 1312 0 1920 1080
30230 1312 0 1920 1080
30231 1312 0 1920 1080
30232 1312 0 1920 1080
30233 1312 0 1920 1080
30234 1312 0 1920 1080
30235 1312 0 1920 1080
30236 1312 0 1920 1080
30237 1312 0 1920 1080
30238 1312 0 1920 1080
30239 1312 0 1920 1080
30240 1306 0 1914 1080
30241 1296 0 1904 1080
30242 1287 0 1895 1080
30243 1279 0 1887 1080
30244 1271 0 1879 1080
30245 1261 0 1869 1080
30246 1250 0 1858 1080
30247 1235 0 1843 1080
30248 1217 0 1825 1080
30249 1199 0 1807 1080
30250 1184 0 1792 1080
30251 1173 0 1781 1080
30252 1102 0 1710 1080
30253 1022 0 1630 1080
30254 942 0 1550 1080
30255 862 0 1470 1080
30256 799 0 1407 1080
30257 756 0 1364 1080
30258 737 0 1345 1080
30259 740 0 1348 1080
30260 720 0 1328 1080
30261 684 0 1292 1080
30262 643 0 1251 1080
30263 606 0 1214 1080
30264 584 0 1192 1080
30265 578 0 1186 1080
30266 590 0 1198 1080
30267 615 0 1223 1080
30268 648 0 1256 1080
30269 682 0 1290 1080
30270 713 0 1321 1080
30271 736 0 1344 1080
30272 750 0 1358 1080
30273 756 0 1364 1080
30274 755 0 1363 1080
30275 752 0 1360 1080
30276 747 0 1355 1080
30277 746 0 1354 1080
30278 750 0 1358 1080
30279 759 0 1367 1080
30280 773 0 1381 1080
30281 790 0 1398 1080
30282 806 0 1414 1080
30283 821 0 1429 1080
30284 831 0 1439 1080
30285 836 0 1444 1080
30286 837 0 1445 1080
30287 835 0 1443 1080
30288 831 0 1439 1080
30289 814 0 1422 1080
30290 734 0 1342 1080
30291 676 0 1284 1080
30292 648 0 1256 1080
30293 650 0 1258 1080
30294 675 0 1283 1080
30295 716 0 1324 1080
30296 760 0 1368 1080
30297 694 0 1302 1080
30298 659 0 1267 1080
30299 655 0 1263 1080
30300 679 0 1287 1080
30301 720 0 1328 1080
30302 767 0 1375 1080
30303 810 0 1418 1080
30304 735 0 1343 1080
30305 655 0 1263 1080
30306 575 0 1183 1080
30307 495 0 1103 1080
30308 415 0 1023 1080
30309 335 0 943 1080
30310 258 0 866 1080
30311 200 0 808 1080
30312 168 0 776 1080
30313 164 0 772 1080
30314 182 0 790 1080
30315 262 0 870 1080
30316 329 0 937 1080
30317 370 0 978 1080
30318 384 0 992 1080
30319 372 0 980 1080
30320 343 0 951 1080
30321 273 0 881 1080
30322 193 0 801 1080
30323 113 0 721 1080
30324 33 0 641 1080
30325 0 0 608 1080
30326 0 0 608 1080
30327 0 0 608 1080
30328 0 0 608 1080
30329 0 0 608 1080
30330 0 0 608 1080
30331 0 0 608 1080
30332 0 0 608 1080
30333 0 0 608 1080
30334 57 0 665 1080
30335 137 0 745 1080
30336 217 0 825 1080
30337 297 0 905 1080
30338 377 0 985 1080
30339 457 0 1065 1080
30340 537 0 1145 1080
30341 617 0 1225 1080
30342 686 0 1294 1080
30343 727 0 1335 1080
30344 732 0 1340 1080
30345 706 0 1314 1080
30346 654 0 1262 1080
30347 590 0 1198 1080
30348 529 0 1137 1080
30349 475 0 1083 1080
30350 435 0 1043 1080
30351 414 0 1022 1080
30352 408 0 1016 1080
30353 415 0 1023 1080
30354 429 0 1037 1080
30355 446 0 1054 1080
30356 462 0 1070 1080
30357 472 0 1080 1080
30358 475 0 1083 1080
30359 470 0 1078 1080
30360 457 0 1065 1080
30361 438 0 1046 1080
30362 416 0 1024 1080
30363 395 0 1003 1080
30364 377 0 985 1080
30365 365 0 973 1080
30366 362 0 970 1080
30367 364 0 972 1080
30368 372 0 980 1080
30369 381 0 989 1080
30370 388 0 996 1080
30371 387 0 995 1080
30372 377 0 985 1080
30373 354 0 962 1080
30374 322 0 930 1080
30375 286 0 894 1080
30376 242 0 850 1080
30377 191 0 799 1080
30378 160 0 768 1080
30379 151 0 759 1080
30380 160 0 768 1080
30381 180 0 788 1080
30382 202 0 810 1080
30383 210 0 818 1080
30384 204 0 812 1080
30385 188 0 796 1080
30386 168 0 776 1080
30387 147 0 755 1080
30388 129 0 737 1080
30389 115 0 723 1080
30390 105 0 713 1080
30391 99 0 707 1080
30392 96 0 704 1080
30393 93 0 701 1080
30394 92 0 700 1080
30395 90 0 698 1080
30396 85 0 693 1080
30397 80 0 688 1080
30398 76 0 684 1080
30399 72 0 680 1080
30400 68 0 676 1080
30401 64 0 672 1080
30402 85 0 693 1080
30403 122 0 730 1080
30404 165 0 773 1080
30405 205 0 813 1080
30406 241 0 849 1080
30407 266 0 874 1080
30408 277 0 885 1080
30409 275 0 883 1080
30410 258 0 866 1080
30411 232 0 840 1080
30412 205 0 813 1080
30413 180 0 788 1080
30414 161 0 769 1080
30415 164 0 772 1080
30416 184 0 792 1080
30417 214 0 822 1080
30418 247 0 855 1080
30419 275 0 883 1080
30420 294 0 902 1080
30421 303 0 911 1080
30422 303 0 911 1080
30423 297 0 905 1080
30424 288 0 896 1080
30425 280 0 888 1080
30426 274 0 882 1080
30427 273 0 881 1080
30428 275 0 883 1080
30429 281 0 889 1080
30430 271 0 879 1080
30431 265 0 873 1080
30432 205 0 813 1080
30433 159 0 767 1080
30434 135 0 743 1080
30435 149 0 757 1080
30436 192 0 800 1080
30437 254 0 862 1080
30438 321 0 929 1080
30439 381 0 989 1080
30440 428 0 1036 1080
30441 457 0 1065 1080
30442 471 0 1079 1080
30443 475 0 1083 1080
30444 473 0 1081 1080
30445 481 0 1089 1080
30446 561 0 1169 1080
30447 641 0 1249 1080
30448 721 0 1329 1080
30449 801 0 1409 1080
30450 881 0 1489 1080
30451 961 0 1569 1080
30452 1041 0 1649 1080
30453 1121 0 1729 1080
30454 1201 0 1809 1080
30455 1281 0 1889 1080
30456 1312 0 1920 1080
30457 1312 0 1920 1080
30458 1312 0 1920 1080
30459 1281 0 1889 1080
30460 1201 0 1809 1080
30461 1121 0 1729 1080
30462 1041 0 1649 1080
30463 961 0 1569 1080
30464 881 0 1489 1080
30465 872 0 1480 1080
30466 792 0 1400 1080
30467 712 0 1320 1080
30468 632 0 1240 1080
30469 552 0 1160 1080
30470 472 0 1080 1080
30471 392 0 1000 1080
30472 312 0 920 1080
30473 246 0 854 1080
30474 177 0 785 1080
30475 122 0 730 1080
30476 90 0 698 1080
30477 170 0 778 1080
30478 236 0 844 1080
30479 283 0 891 1080
30480 308 0 916 1080
30481 310 0 918 1080
30482 295 0 903 1080
30483 269 0 877 1080
30484 239 0 847 1080
30485 211 0 819 1080
30486 192 0 800 1080
30487 136 0 744 1080
30488 62 0 670 1080
30489 0 0 608 1080
30490 0 0 608 1080
30491 0 0 608 1080
30492 0 0 608 1080
30493 0 0 608 1080
30494 0 0 608 1080
30495 66 0 674 1080
30496 146 0 754 1080
30497 226 0 834 1080
30498 306 0 914 1080
30499 386 0 994 1080
30500 466 0 1074 1080
30501 544 0 1152 1080
30502 613 0 1221 1080
30503 660 0 1268 1080
30504 662 0 1270 1080
30505 644 0 1252 1080
30506 611 0 1219 1080
30507 575 0 1183 1080
30508 495 0 1103 1080
30509 415 0 1023 1080
30510 335 0 943 1080
30511 255 0 863 1080
30512 175 0 783 1080
30513 255 0 863 1080
30514 263 0 871 1080
30515 210 0 818 1080
30516 130 0 738 1080
30517 50 0 658 1080
30518 0 0 608 1080
30519 0 0 608 1080
30520 0 0 608 1080
30521 43 0 651 1080
30522 73 0 681 1080
30523 73 0 681 1080
30524 48 0 656 1080
30525 9 0 617 1080
30526 0 0 608 1080
30527 46 0 654 1080
30528 89 0 697 1080
30529 95 0 703 1080
30530 68 0 676 1080
30531 21 0 629 1080
30532 0 0 608 1080
30533 0 0 608 1080
30534 0 0 608 1080
30535 47 0 655 1080
30536 64 0 672 1080
30537 50 0 658 1080
30538 13 0 621 1080
30539 0 0 608 1080
30540 0 0 608 1080
30541 0 0 608 1080
30542 46 0 654 1080
30543 58 0 666 1080
30544 38 0 646 1080
30545 0 0 608 1080
30546 0 0 608 1080
30547 0 0 608 1080
30548 0 0 608 1080
30549 26 0 634 1080
30550 40 0 648 1080
30551 34 0 642 1080
30552 14 0 622 1080
30553 0 0 608 1080
30554 0 0 608 1080
30555 0 0 608 1080
30556 0 0 608 1080
30557 0 0 608 1080
30558 0 0 608 1080
30559 0 0 608 1080
30560 0 0 608 1080
30561 0 0 608 1080
30562 0 0 608 1080
30563 0 0 608 1080
30564 0 0 608 1080
30565 0 0 608 1080
30566 0 0 608 1080
30567 0 0 608 1080
30568 0 0 608 1080
30569 0 0 608 1080
30570 0 0 608 1080
30571 0 0 608 1080
30572 0 0 608 1080
30573 11 0 619 1080
30574 24 0 632 1080
30575 32 0 640 1080
30576 34 0 642 1080
30577 32 0 640 1080
30578 28 0 636 1080
30579 22 0 630 1080
30580 17 0 625 1080
30581 16 0 624 1080
30582 22 0 630 1080
30583 33 0 641 1080
30584 45 0 653 1080
30585 55 0 663 1080
30586 59 0 667 1080
30587 56 0 664 1080
30588 51 0 659 1080
30589 44 0 652 1080
30590 36 0 644 1080
30591 31 0 639 1080
30592 31 0 639 1080
30593 34 0 642 1080
30594 39 0 647 1080
30595 42 0 650 1080
30596 44 0 652 1080
30597 43 0 651 1080
30598 42 0 650 1080
30599 38 0 646 1080
30600 36 0 644 1080
30601 36 0 644 1080
30602 42 0 650 1080
30603 51 0 659 1080
30604 61 0 669 1080
30605 69 0 677 1080
30606 74 0 682 1080
30607 75 0 683 1080
30608 72 0 680 1080
30609 70 0 678 1080
30610 70 0 678 1080
30611 72 0 680 1080
30612 73 0 681 1080
30613 72 0 680 1080
30614 70 0 678 1080
30615 66 0 674 1080
30616 63 0 671 1080
30617 61 0 669 1080
30618 61 0 669 1080
30619 62 0 670 1080
30620 63 0 671 1080
30621 65 0 673 1080
30622 71 0 679 1080
30623 80 0 688 1080
30624 92 0 700 1080
30625 104 0 712 1080
30626 116 0 724 1080
30627 125 0 733 1080
30628 132 0 740 1080
30629 134 0 742 1080
30630 132 0 740 1080
30631 125 0 733 1080
30632 116 0 724 1080
30633 106 0 714 1080
30634 96 0 704 1080
30635 91 0 699 1080
30636 91 0 699 1080
30637 99 0 707 1080
30638 111 0 719 1080
30639 124 0 732 1080
30640 137 0 745 1080
30641 146 0 754 1080
30642 151 0 759 1080
30643 152 0 760 1080
30644 152 0 760 1080
30645 150 0 758 1080
30646 149 0 757 1080
30647 148 0 756 1080
30648 147 0 755 1080
30649 147 0 755 1080
30650 148 0 756 1080
30651 148 0 756 1080
30652 153 0 761 1080
30653 157 0 765 1080
30654 161 0 769 1080
30655 165 0 773 1080
30656 169 0 777 1080
30657 172 0 780 1080
30658 175 0 783 1080
30659 182 0 790 1080
30660 189 0 797 1080
30661 195 0 803 1080
30662 200 0 808 1080
30663 203 0 811 1080
30664 204 0 812 1080
30665 202 0 810 1080
30666 203 0 811 1080
30667 201 0 809 1080
30668 197 0 805 1080
30669 192 0 800 1080
30670 188 0 796 1080
30671 184 0 792 1080
30672 181 0 789 1080
30673 184 0 792 1080
30674 192 0 800 1080
30675 201 0 809 1080
30676 211 0 819 1080
30677 216 0 824 1080
30678 245 0 853 1080
30679 286 0 894 1080
30680 326 0 934 1080
30681 360 0 968 1080
30682 380 0 988 1080
30683 384 0 992 1080
30684 375 0 983 1080
30685 357 0 965 1080
30686 308 0 916 1080
30687 247 0 855 1080
30688 192 0 800 1080
30689 154 0 762 1080
30690 139 0 747 1080
30691 151 0 759 1080
30692 185 0 793 1080
30693 233 0 841 1080
30694 284 0 892 1080
30695 331 0 939 1080
30696 368 0 976 1080
30697 393 0 1001 1080
30698 405 0 1013 1080
30699 408 0 1016 1080
30700 452 0 1060 1080
30701 525 0 1133 1080
30702 605 0 1213 1080
30703 685 0 1293 1080
30704 758 0 1366 1080
30705 818 0 1426 1080
30706 859 0 1467 1080
30707 884 0 1492 1080
30708 896 0 1504 1080
30709 901 0 1509 1080
30710 906 0 1514 1080
30711 915 0 1523 1080
30712 931 0 1539 1080
30713 955 0 1563 1080
30714 987 0 1595 1080
30715 1024 0 1632 1080
30716 1063 0 1671 1080
30717 1102 0 1710 1080
30718 1137 0 1745 1080
30719 1169 0 1777 1080
30720 1197 0 1805 1080
30721 1222 0 1830 1080
30722 1245 0 1853 1080
30723 1247 0 1855 1080
30724 1229 0 1837 1080
30725 1200 0 1808 1080
30726 1166 0 1774 1080
30727 1134 0 1742 1080
30728 1111 0 1719 1080
30729 1098 0 1706 1080
30730 1086 0 1694 1080
30731 1078 0 1686 1080
30732 1074 0 1682 1080
30733 1071 0 1679 1080
30734 1069 0 1677 1080
30735 1068 0 1676 1080
30736 1068 0 1676 1080
30737 1069 0 1677 1080
30738 1070 0 1678 1080
30739 1071 0 1679 1080
30740 1071 0 1679 1080
30741 1071 0 1679 1080
30742 1070 0 1678 1080
30743 1067 0 1675 1080
30744 1063 0 1671 1080
30745 1059 0 1667 1080
30746 1060 0 1668 1080
30747 1067 0 1675 1080
30748 1074 0 1682 1080
30749 1080 0 1688 1080
30750 1082 0 1690 1080
30751 1081 0 1689 1080
30752 1115 0 1723 1080
30753 1131 0 1739 1080
30754 1129 0 1737 1080
30755 1152 0 1760 1080
30756 1190 0 1798 1080
30757 1232 0 1840 1080
30758 1270 0 1878 1080
30759 1297 0 1905 1080
30760 1310 0 1918 1080
30761 1274 0 1882 1080
30762 1205 0 1813 1080
30763 1156 0 1764 1080
30764 1134 0 1742 1080
30765 1138 0 1746 1080
30766 1163 0 1771 1080
30767 1199 0 1807 1080
30768 1237 0 1845 1080
30769 1269 0 1877 1080
30770 1289 0 1897 1080
30771 1294 0 1902 1080
30772 1286 0 1894 1080
30773 1269 0 1877 1080
30774 1264 0 1872 1080
30775 1270 0 1878 1080
30776 1293 0 1901 1080
30777 1312 0 1920 1080
30778 1312 0 1920 1080
30779 1312 0 1920 1080
30780 1312 0 1920 1080
30781 1312 0 1920 1080
30782 1312 0 1920 1080
30783 1312 0 1920 1080
30784 1287 0 1895 1080
30785 1253 0 1861 1080
30786 1239 0 1847 1080
30787 1236 0 1844 1080
30788 1255 0 1863 1080
30789 1289 0 1897 1080
30790 1312 0 1920 1080
30791 1312 0 1920 1080
30792 1312 0 1920 1080
30793 1312 0 1920 1080
30794 1294 0 1902 1080
30795 1299 0 1907 1080
30796 1312 0 1920 1080
30797 1312 0 1920 1080
30798 1312 0 1920 1080
30799 1312 0 1920 1080
30800 1312 0 1920 1080
30801 1312 0 1920 1080
30802 1312 0 1920 1080
30803 1312 0 1920 1080
30804 1312 0 1920 1080
30805 1287 0 1895 1080
30806 1272 0 1880 1080
30807 1276 0 1884 1080
30808 1293 0 1901 1080
30809 1312 0 1920 1080
30810 1312 0 1920 1080
30811 1312 0 1920 1080
30812 1312 0 1920 1080
30813 1312 0 1920 1080
30814 1312 0 1920 1080
30815 1312 0 1920 1080
30816 1312 0 1920 1080
30817 1312 0 1920 1080
30818 1312 0 1920 1080
30819 1308 0 1916 1080
30820 1278 0 1886 1080
30821 1239 0 1847 1080
30822 1202 0 1810 1080
30823 1202 0 1810 1080
30824 1203 0 1811 1080
30825 1232 0 1840 1080
30826 1262 0 1870 1080
30827 1303 0 1911 1080
30828 1312 0 1920 1080
30829 1312 0 1920 1080
30830 1312 0 1920 1080
30831 1312 0 1920 1080
30832 1291 0 1899 1080
30833 1211 0 1819 1080
30834 1174 0 1782 1080
30835 1186 0 1794 1080
30836 1237 0 1845 1080
30837 1224 0 1832 1080
30838 1253 0 1861 1080
30839 1221 0 1829 1080
30840 1147 0 1755 1080
30841 1067 0 1675 1080
30842 987 0 1595 1080
30843 907 0 1515 1080
30844 827 0 1435 1080
30845 757 0 1365 1080
30846 714 0 1322 1080
30847 702 0 1310 1080
30848 717 0 1325 1080
30849 755 0 1363 1080
30850 802 0 1410 1080
30851 848 0 1456 1080
30852 885 0 1493 1080
30853 910 0 1518 1080
30854 921 0 1529 1080
30855 919 0 1527 1080
30856 906 0 1514 1080
30857 888 0 1496 1080
30858 870 0 1478 1080
30859 852 0 1460 1080
30860 838 0 1446 1080
30861 827 0 1435 1080
30862 821 0 1429 1080
30863 823 0 1431 1080
30864 831 0 1439 1080
30865 841 0 1449 1080
30866 850 0 1458 1080
30867 858 0 1466 1080
30868 861 0 1469 1080
30869 857 0 1465 1080
30870 846 0 1454 1080
30871 828 0 1436 1080
30872 809 0 1417 1080
30873 793 0 1401 1080
30874 784 0 1392 1080
30875 783 0 1391 1080
30876 789 0 1397 1080
30877 799 0 1407 1080
30878 808 0 1416 1080
30879 813 0 1421 1080
30880 812 0 1420 1080
30881 806 0 1414 1080
30882 795 0 1403 1080
30883 785 0 1393 1080
30884 777 0 1385 1080
30885 772 0 1380 1080
30886 774 0 1382 1080
30887 779 0 1387 1080
30888 785 0 1393 1080
30889 788 0 1396 1080
30890 787 0 1395 1080
30891 781 0 1389 1080
30892 771 0 1379 1080
30893 761 0 1369 1080
30894 753 0 1361 1080
30895 750 0 1358 1080
30896 752 0 1360 1080
30897 757 0 1365 1080
30898 764 0 1372 1080
30899 770 0 1378 1080
30900 774 0 1382 1080
30901 773 0 1381 1080
30902 768 0 1376 1080
30903 759 0 1367 1080
30904 749 0 1357 1080
30905 740 0 1348 1080
30906 733 0 1341 1080
30907 730 0 1338 1080
30908 730 0 1338 1080
30909 732 0 1340 1080
30910 738 0 1346 1080
30911 744 0 1352 1080
30912 751 0 1359 1080
30913 756 0 1364 1080
30914 760 0 1368 1080
30915 764 0 1372 1080
30916 766 0 1374 1080
30917 768 0 1376 1080
30918 769 0 1377 1080
30919 766 0 1374 1080
30920 760 0 1368 1080
30921 753 0 1361 1080
30922 747 0 1355 1080
30923 743 0 1351 1080
30924 742 0 1350 1080
30925 743 0 1351 1080
30926 746 0 1354 1080
30927 750 0 1358 1080
30928 752 0 1360 1080
30929 753 0 1361 1080
30930 753 0 1361 1080
30931 753 0 1361 1080
30932 750 0 1358 1080
30933 744 0 1352 1080
30934 734 0 1342 1080
30935 720 0 1328 1080
30936 707 0 1315 1080
30937 696 0 1304 1080
30938 690 0 1298 1080
30939 688 0 1296 1080
30940 689 0 1297 1080
30941 694 0 1302 1080
30942 701 0 1309 1080
30943 708 0 1316 1080
30944 713 0 1321 1080
30945 715 0 1323 1080
30946 715 0 1323 1080
30947 714 0 1322 1080
30948 714 0 1322 1080
30949 714 0 1322 1080
30950 715 0 1323 1080
30951 720 0 1328 1080
30952 727 0 1335 1080
30953 736 0 1344 1080
30954 745 0 1353 1080
30955 753 0 1361 1080
30956 759 0 1367 1080
30957 762 0 1370 1080
30958 762 0 1370 1080
30959 761 0 1369 1080
30960 759 0 1367 1080
30961 759 0 1367 1080
30962 764 0 1372 1080
30963 777 0 1385 1080
30964 819 0 1427 1080
30965 876 0 1484 1080
30966 934 0 1542 1080
30967 983 0 1591 1080
30968 1017 0 1625 1080
30969 1037 0 1645 1080
30970 1082 0 1690 1080
30971 1141 0 1749 1080
30972 1204 0 1812 1080
30973 1259 0 1867 1080
30974 1299 0 1907 1080
30975 1312 0 1920 1080
30976 1312 0 1920 1080
30977 1306 0 1914 1080
30978 1283 0 1891 1080
30979 1258 0 1866 1080
30980 1237 0 1845 1080
30981 1223 0 1831 1080
30982 1218 0 1826 1080
30983 1222 0 1830 1080
30984 1232 0 1840 1080
30985 1245 0 1853 1080
30986 1258 0 1866 1080
30987 1269 0 1877 1080
30988 1277 0 1885 1080
30989 1280 0 1888 1080
30990 1280 0 1888 1080
30991 1277 0 1885 1080
30992 1273 0 1881 1080
30993 1270 0 1878 1080
30994 1267 0 1875 1080
30995 1265 0 1873 1080
30996 1264 0 1872 1080
30997 1265 0 1873 1080
30998 1267 0 1875 1080
30999 1270 0 1878 1080
31000 1272 0 1880 1080
31001 1274 0 1882 1080
31002 1275 0 1883 1080
31003 1276 0 1884 1080
31004 1277 0 1885 1080
31005 1276 0 1884 1080
31006 1275 0 1883 1080
31007 1273 0 1881 1080
31008 1272 0 1880 1080
31009 1272 0 1880 1080
31010 1272 0 1880 1080
31011 1273 0 1881 1080
31012 1274 0 1882 1080
31013 1275 0 1883 1080
31014 1277 0 1885 1080
31015 1278 0 1886 1080
31016 1279 0 1887 1080
31017 1279 0 1887 1080
31018 1280 0 1888 1080
31019 1280 0 1888 1080
31020 1277 0 1885 1080
31021 1273 0 1881 1080
31022 1269 0 1877 1080
31023 1263 0 1871 1080
31024 1256 0 1864 1080
31025 1251 0 1859 1080
31026 1246 0 1854 1080
31027 1242 0 1850 1080
31028 1240 0 1848 1080
31029 1238 0 1846 1080
31030 1237 0 1845 1080
31031 1237 0 1845 1080
31032 1235 0 1843 1080
31033 1233 0 1841 1080
31034 1230 0 1838 1080
31035 1226 0 1834 1080
31036 1221 0 1829 1080
31037 1215 0 1823 1080
31038 1208 0 1816 1080
31039 1201 0 1809 1080
31040 1194 0 1802 1080
31041 1189 0 1797 1080
31042 1186 0 1794 1080
31043 1183 0 1791 1080
31044 1183 0 1791 1080
31045 1184 0 1792 1080
31046 1186 0 1794 1080
31047 1189 0 1797 1080
31048 1191 0 1799 1080
31049 1192 0 1800 1080
31050 1186 0 1794 1080
31051 1181 0 1789 1080
31052 1178 0 1786 1080
31053 1177 0 1785 1080
31054 1178 0 1786 1080
31055 1196 0 1804 1080
31056 1222 0 1830 1080
31057 1202 0 1810 1080
31058 1198 0 1806 1080
31059 1209 0 1817 1080
31060 1229 0 1837 1080
31061 1253 0 1861 1080
31062 1276 0 1884 1080
31063 1293 0 1901 1080
31064 1213 0 1821 1080
31065 1161 0 1769 1080
31066 1143 0 1751 1080
31067 1155 0 1763 1080
31068 1190 0 1798 1080
31069 1236 0 1844 1080
31070 1281 0 1889 1080
31071 1201 0 1809 1080
31072 1154 0 1762 1080
31073 1143 0 1751 1080
31074 1163 0 1771 1080
31075 1204 0 1812 1080
31076 1254 0 1862 1080
31077 1302 0 1910 1080
31078 1222 0 1830 1080
31079 1173 0 1781 1080
31080 1158 0 1766 1080
31081 1174 0 1782 1080
31082 1212 0 1820 1080
31083 1261 0 1869 1080
31084 1308 0 1916 1080
31085 1228 0 1836 1080
31086 1179 0 1787 1080
31087 1166 0 1774 1080
31088 1184 0 1792 1080
31089 1224 0 1832 1080
31090 1273 0 1881 1080
31091 1312 0 1920 1080
31092 1240 0 1848 1080
31093 1191 0 1799 1080
31094 1177 0 1785 1080
31095 1195 0 1803 1080
31096 1169 0 1777 1080
31097 1114 0 1722 1080
31098 1049 0 1657 1080
31099 989 0 1597 1080
31100 947 0 1555 1080
31101 928 0 1536 1080
31102 933 0 1541 1080
31103 957 0 1565 1080
31104 992 0 1600 1080
31105 1033 0 1641 1080
31106 1069 0 1677 1080
31107 1095 0 1703 1080
31108 1107 0 1715 1080
31109 1105 0 1713 1080
31110 1094 0 1702 1080
31111 1079 0 1687 1080
31112 1064 0 1672 1080
31113 1051 0 1659 1080
31114 1045 0 1653 1080
31115 1045 0 1653 1080
31116 1052 0 1660 1080
31117 1064 0 1672 1080
31118 1078 0 1686 1080
31119 1092 0 1700 1080
31120 1103 0 1711 1080
31121 1108 0 1716 1080
31122 1108 0 1716 1080
31123 1102 0 1710 1080
31124 1095 0 1703 1080
31125 1087 0 1695 1080
31126 1081 0 1689 1080
31127 1076 0 1684 1080
31128 1074 0 1682 1080
31129 1074 0 1682 1080
31130 1075 0 1683 1080
31131 1076 0 1684 1080
31132 1072 0 1680 1080
31133 1064 0 1672 1080
31134 1041 0 1649 1080
31135 1019 0 1627 1080
31136 998 0 1606 1080
31137 963 0 1571 1080
31138 920 0 1528 1080
31139 873 0 1481 1080
31140 828 0 1436 1080
31141 789 0 1397 1080
31142 757 0 1365 1080
31143 733 0 1341 1080
31144 715 0 1323 1080
31145 701 0 1309 1080
31146 687 0 1295 1080
31147 672 0 1280 1080
31148 653 0 1261 1080
31149 630 0 1238 1080
31150 605 0 1213 1080
31151 576 0 1184 1080
31152 546 0 1154 1080
31153 516 0 1124 1080
31154 488 0 1096 1080
31155 460 0 1068 1080
31156 435 0 1043 1080
31157 410 0 1018 1080
31158 387 0 995 1080
31159 364 0 972 1080
31160 341 0 949 1080
31161 318 0 926 1080
31162 294 0 902 1080
31163 269 0 877 1080
31164 210 0 818 1080
31165 134 0 742 1080
31166 59 0 667 1080
31167 37 0 645 1080
31168 65 0 673 1080
31169 130 0 738 1080
31170 210 0 818 1080
31171 290 0 898 1080
31172 361 0 969 1080
31173 414 0 1022 1080
31174 387 0 995 1080
31175 364 0 972 1080
31176 350 0 958 1080
31177 350 0 958 1080
31178 364 0 972 1080
31179 389 0 997 1080
31180 422 0 1030 1080
31181 457 0 1065 1080
31182 498 0 1106 1080
31183 538 0 1146 1080
31184 570 0 1178 1080
31185 591 0 1199 1080
31186 593 0 1201 1080
31187 588 0 1196 1080
31188 577 0 1185 1080
31189 564 0 1172 1080
31190 555 0 1163 1080
31191 551 0 1159 1080
31192 553 0 1161 1080
31193 559 0 1167 1080
31194 569 0 1177 1080
31195 579 0 1187 1080
31196 588 0 1196 1080
31197 595 0 1203 1080
31198 597 0 1205 1080
31199 597 0 1205 1080
31200 592 0 1200 1080
31201 583 0 1191 1080
31202 576 0 1184 1080
31203 574 0 1182 1080
31204 574 0 1182 1080
31205 574 0 1182 1080
31206 567 0 1175 1080
31207 549 0 1157 1080
31208 533 0 1141 1080
31209 521 0 1129 1080
31210 515 0 1123 1080
31211 516 0 1124 1080
31212 509 0 1117 1080
31213 498 0 1106 1080
31214 487 0 1095 1080
31215 480 0 1088 1080
31216 478 0 1086 1080
31217 481 0 1089 1080
31218 492 0 1100 1080
31219 509 0 1117 1080
31220 530 0 1138 1080
31221 553 0 1161 1080
31222 574 0 1182 1080
31223 589 0 1197 1080
31224 597 0 1205 1080
31225 597 0 1205 1080
31226 592 0 1200 1080
31227 586 0 1194 1080
31228 581 0 1189 1080
31229 555 0 1163 1080
31230 517 0 1125 1080
31231 479 0 1087 1080
31232 449 0 1057 1080
31233 429 0 1037 1080
31234 451 0 1059 1080
31235 500 0 1108 1080
31236 561 0 1169 1080
31237 596 0 1204 1080
31238 606 0 1214 1080
31239 592 0 1200 1080
31240 559 0 1167 1080
31241 517 0 1125 1080
31242 491 0 1099 1080
31243 490 0 1098 1080
31244 566 0 1174 1080
31245 646 0 1254 1080
31246 726 0 1334 1080
31247 806 0 1414 1080
31248 880 0 1488 1080
31249 931 0 1539 1080
31250 951 0 1559 1080
31251 947 0 1555 1080
31252 916 0 1524 1080
31253 866 0 1474 1080
31254 807 0 1415 1080
31255 750 0 1358 1080
31256 703 0 1311 1080
31257 673 0 1281 1080
31258 664 0 1272 1080
31259 673 0 1281 1080
31260 696 0 1304 1080
31261 720 0 1328 1080
31262 737 0 1345 1080
31263 747 0 1355 1080
31264 748 0 1356 1080
31265 742 0 1350 1080
31266 732 0 1340 1080
31267 735 0 1343 1080
31268 746 0 1354 1080
31269 761 0 1369 1080
31270 774 0 1382 1080
31271 783 0 1391 1080
31272 787 0 1395 1080
31273 785 0 1393 1080
31274 778 0 1386 1080
31275 767 0 1375 1080
31276 755 0 1363 1080
31277 742 0 1350 1080
31278 730 0 1338 1080
31279 720 0 1328 1080
31280 715 0 1323 1080
31281 710 0 1318 1080
31282 705 0 1313 1080
31283 700 0 1308 1080
31284 695 0 1303 1080
31285 690 0 1298 1080
31286 685 0 1293 1080
31287 681 0 1289 1080
31288 677 0 1285 1080
31289 675 0 1283 1080
31290 670 0 1278 1080
31291 665 0 1273 1080
31292 641 0 1249 1080
31293 608 0 1216 1080
31294 576 0 1184 1080
31295 551 0 1159 1080
31296 538 0 1146 1080
31297 543 0 1151 1080
31298 561 0 1169 1080
31299 563 0 1171 1080
31300 554 0 1162 1080
31301 545 0 1153 1080
31302 542 0 1150 1080
31303 543 0 1151 1080
31304 538 0 1146 1080
31305 522 0 1130 1080
31306 505 0 1113 1080
31307 495 0 1103 1080
31308 497 0 1105 1080
31309 510 0 1118 1080
31310 551 0 1159 1080
31311 588 0 1196 1080
31312 633 0 1241 1080
31313 676 0 1284 1080
31314 709 0 1317 1080
31315 727 0 1335 1080
31316 727 0 1335 1080
31317 725 0 1333 1080
31318 706 0 1314 1080
31319 691 0 1299 1080
31320 684 0 1292 1080
31321 684 0 1292 1080
31322 690 0 1298 1080
31323 692 0 1300 1080
31324 686 0 1294 1080
31325 766 0 1374 1080
31326 808 0 1416 1080
31327 812 0 1420 1080
31328 784 0 1392 1080
31329 749 0 1357 1080
31330 705 0 1313 1080
31331 663 0 1271 1080
31332 633 0 1241 1080
31333 619 0 1227 1080
31334 625 0 1233 1080
31335 646 0 1254 1080
31336 676 0 1284 1080
31337 710 0 1318 1080
31338 742 0 1350 1080
31339 767 0 1375 1080
31340 784 0 1392 1080
31341 791 0 1399 1080
31342 791 0 1399 1080
31343 786 0 1394 1080
31344 813 0 1421 1080
31345 865 0 1473 1080
31346 929 0 1537 1080
31347 995 0 1603 1080
31348 1052 0 1660 1080
31349 1095 0 1703 1080
31350 1122 0 1730 1080
31351 1133 0 1741 1080
31352 1132 0 1740 1080
31353 1124 0 1732 1080
31354 1113 0 1721 1080
31355 1099 0 1707 1080
31356 1086 0 1694 1080
31357 1073 0 1681 1080
31358 1062 0 1670 1080
31359 1054 0 1662 1080
31360 1047 0 1655 1080
31361 1041 0 1649 1080
31362 1036 0 1644 1080
31363 1031 0 1639 1080
31364 1027 0 1635 1080
31365 1027 0 1635 1080
31366 1030 0 1638 1080
31367 1039 0 1647 1080
31368 1047 0 1655 1080
31369 1054 0 1662 1080
31370 1059 0 1667 1080
31371 1060 0 1668 1080
31372 1072 0 1680 1080
31373 1096 0 1704 1080
31374 1126 0 1734 1080
31375 1158 0 1766 1080
31376 1186 0 1794 1080
31377 1206 0 1814 1080
31378 1216 0 1824 1080
31379 1217 0 1825 1080
31380 1209 0 1817 1080
31381 1197 0 1805 1080
31382 1186 0 1794 1080
31383 1178 0 1786 1080
31384 1175 0 1783 1080
31385 1181 0 1789 1080
31386 1193 0 1801 1080
31387 1209 0 1817 1080
31388 1225 0 1833 1080
31389 1239 0 1847 1080
31390 1249 0 1857 1080
31391 1255 0 1863 1080
31392 1258 0 1866 1080
31393 1258 0 1866 1080
31394 1257 0 1865 1080
31395 1255 0 1863 1080
31396 1235 0 1843 1080
31397 1201 0 1809 1080
31398 1163 0 1771 1080
31399 1126 0 1734 1080
31400 1098 0 1706 1080
31401 1080 0 1688 1080
31402 1060 0 1668 1080
31403 1039 0 1647 1080
31404 1021 0 1629 1080
31405 1011 0 1619 1080
31406 1007 0 1615 1080
31407 1010 0 1618 1080
31408 1018 0 1626 1080
31409 1031 0 1639 1080
31410 1045 0 1653 1080
31411 1056 0 1664 1080
31412 1062 0 1670 1080
31413 1062 0 1670 1080
31414 1057 0 1665 1080
31415 1048 0 1656 1080
31416 1037 0 1645 1080
31417 1025 0 1633 1080
31418 1012 0 1620 1080
31419 1003 0 1611 1080
31420 992 0 1600 1080
31421 983 0 1591 1080
31422 977 0 1585 1080
31423 973 0 1581 1080
31424 971 0 1579 1080
31425 972 0 1580 1080
31426 974 0 1582 1080
31427 975 0 1583 1080
31428 974 0 1582 1080
31429 1033 0 1641 1080
31430 1057 0 1665 1080
31431 1050 0 1658 1080
31432 1020 0 1628 1080
31433 979 0 1587 1080
31434 939 0 1547 1080
31435 867 0 1475 1080
31436 787 0 1395 1080
31437 714 0 1322 1080
31438 682 0 1290 1080
31439 689 0 1297 1080
31440 728 0 1336 1080
31441 785 0 1393 1080
31442 843 0 1451 1080
31443 889 0 1497 1080
31444 916 0 1524 1080
31445 922 0 1530 1080
31446 906 0 1514 1080
31447 879 0 1487 1080
31448 846 0 1454 1080
31449 816 0 1424 1080
31450 795 0 1403 1080
31451 786 0 1394 1080
31452 789 0 1397 1080
31453 801 0 1409 1080
31454 815 0 1423 1080
31455 829 0 1437 1080
31456 841 0 1449 1080
31457 849 0 1457 1080
31458 853 0 1461 1080
31459 854 0 1462 1080
31460 851 0 1459 1080
31461 846 0 1454 1080
31462 841 0 1449 1080
31463 838 0 1446 1080
31464 841 0 1449 1080
31465 849 0 1457 1080
31466 860 0 1468 1080
31467 871 0 1479 1080
31468 882 0 1490 1080
31469 891 0 1499 1080
31470 900 0 1508 1080
31471 909 0 1517 1080
31472 919 0 1527 1080
31473 932 0 1540 1080
31474 946 0 1554 1080
31475 962 0 1570 1080
31476 977 0 1585 1080
31477 990 0 1598 1080
31478 999 0 1607 1080
31479 1005 0 1613 1080
31480 1010 0 1618 1080
31481 1017 0 1625 1080
31482 1026 0 1634 1080
31483 1036 0 1644 1080
31484 1046 0 1654 1080
31485 1055 0 1663 1080
31486 1062 0 1670 1080
31487 1065 0 1673 1080
31488 1061 0 1669 1080
31489 1051 0 1659 1080
31490 1038 0 1646 1080
31491 1026 0 1634 1080
31492 1019 0 1627 1080
31493 1020 0 1628 1080
31494 1027 0 1635 1080
31495 1038 0 1646 1080
31496 1051 0 1659 1080
31497 1062 0 1670 1080
31498 1066 0 1674 1080
31499 1064 0 1672 1080
31500 1057 0 1665 1080
31501 1048 0 1656 1080
31502 1040 0 1648 1080
31503 1032 0 1640 1080
31504 1026 0 1634 1080
31505 1022 0 1630 1080
31506 1021 0 1629 1080
31507 1017 0 1625 1080
31508 1011 0 1619 1080
31509 1001 0 1609 1080
31510 991 0 1599 1080
31511 982 0 1590 1080
31512 977 0 1585 1080
31513 977 0 1585 1080
31514 980 0 1588 1080
31515 984 0 1592 1080
31516 989 0 1597 1080
31517 992 0 1600 1080
31518 991 0 1599 1080
31519 988 0 1596 1080
31520 985 0 1593 1080
31521 983 0 1591 1080
31522 982 0 1590 1080
31523 982 0 1590 1080
31524 983 0 1591 1080
31525 983 0 1591 1080
31526 981 0 1589 1080
31527 976 0 1584 1080
31528 969 0 1577 1080
31529 960 0 1568 1080
31530 952 0 1560 1080
31531 947 0 1555 1080
31532 945 0 1553 1080
31533 946 0 1554 1080
31534 949 0 1557 1080
31535 952 0 1560 1080
31536 953 0 1561 1080
31537 948 0 1556 1080
31538 938 0 1546 1080
31539 923 0 1531 1080
31540 907 0 1515 1080
31541 896 0 1504 1080
31542 891 0 1499 1080
31543 895 0 1503 1080
31544 905 0 1513 1080
31545 920 0 1528 1080
31546 937 0 1545 1080
31547 951 0 1559 1080
31548 960 0 1568 1080
31549 965 0 1573 1080
31550 966 0 1574 1080
31551 966 0 1574 1080
31552 965 0 1573 1080
31553 966 0 1574 1080
31554 969 0 1577 1080
31555 973 0 1581 1080
31556 979 0 1587 1080
31557 985 0 1593 1080
31558 991 0 1599 1080
31559 997 0 1605 1080
31560 1003 0 1611 1080
31561 1009 0 1617 1080
31562 1014 0 1622 1080
31563 1020 0 1628 1080
31564 1026 0 1634 1080
31565 1031 0 1639 1080
31566 1036 0 1644 1080
31567 1040 0 1648 1080
31568 1043 0 1651 1080
31569 1044 0 1652 1080
31570 1044 0 1652 1080
31571 1044 0 1652 1080
31572 1044 0 1652 1080
31573 1045 0 1653 1080
31574 1045 0 1653 1080
31575 1047 0 1655 1080
31576 1050 0 1658 1080
31577 1053 0 1661 1080
31578 1054 0 1662 1080
31579 1054 0 1662 1080
31580 1051 0 1659 1080
31581 1048 0 1656 1080
31582 1043 0 1651 1080
31583 1038 0 1646 1080
31584 1032 0 1640 1080
31585 1025 0 1633 1080
31586 1015 0 1623 1080
31587 1003 0 1611 1080
31588 984 0 1592 1080
31589 957 0 1565 1080
31590 926 0 1534 1080
31591 896 0 1504 1080
31592 872 0 1480 1080
31593 857 0 1465 1080
31594 827 0 1435 1080
31595 802 0 1410 1080
31596 782 0 1390 1080
31597 768 0 1376 1080
31598 758 0 1366 1080
31599 751 0 1359 1080
31600 736 0 1344 1080
31601 714 0 1322 1080
31602 669 0 1277 1080
31603 629 0 1237 1080
31604 595 0 1203 1080
31605 571 0 1179 1080
31606 556 0 1164 1080
31607 550 0 1158 1080
31608 546 0 1154 1080
31609 539 0 1147 1080
31610 530 0 1138 1080
31611 518 0 1126 1080
31612 501 0 1109 1080
31613 482 0 1090 1080
31614 460 0 1068 1080
31615 454 0 1062 1080
31616 430 0 1038 1080
31617 410 0 1018 1080
31618 393 0 1001 1080
31619 379 0 987 1080
31620 373 0 981 1080
31621 373 0 981 1080
31622 378 0 986 1080
31623 386 0 994 1080
31624 394 0 1002 1080
31625 397 0 1005 1080
31626 383 0 991 1080
31627 356 0 964 1080
31628 329 0 937 1080
31629 306 0 914 1080
31630 283 0 891 1080
31631 262 0 870 1080
31632 246 0 854 1080
31633 234 0 842 1080
31634 228 0 836 1080
31635 228 0 836 1080
31636 234 0 842 1080
31637 240 0 848 1080
31638 244 0 852 1080
31639 246 0 854 1080
31640 245 0 853 1080
31641 242 0 850 1080
31642 254 0 862 1080
31643 279 0 887 1080
31644 311 0 919 1080
31645 347 0 955 1080
31646 381 0 989 1080
31647 408 0 1016 1080
31648 460 0 1068 1080
31649 525 0 1133 1080
31650 587 0 1195 1080
31651 634 0 1242 1080
31652 661 0 1269 1080
31653 680 0 1288 1080
31654 698 0 1306 1080
31655 730 0 1338 1080
31656 776 0 1384 1080
31657 831 0 1439 1080
31658 892 0 1500 1080
31659 952 0 1560 1080
31660 1005 0 1613 1080
31661 1044 0 1652 1080
31662 1065 0 1673 1080
31663 1081 0 1689 1080
31664 1090 0 1698 1080
31665 1092 0 1700 1080
31666 1089 0 1697 1080
31667 1082 0 1690 1080
31668 1074 0 1682 1080
31669 1066 0 1674 1080
31670 1059 0 1667 1080
31671 1054 0 1662 1080
31672 1052 0 1660 1080
31673 1051 0 1659 1080
31674 1050 0 1658 1080
31675 1048 0 1656 1080
31676 1045 0 1653 1080
31677 1040 0 1648 1080
31678 1033 0 1641 1080
31679 1023 0 1631 1080
31680 1010 0 1618 1080
31681 990 0 1598 1080
31682 965 0 1573 1080
31683 936 0 1544 1080
31684 909 0 1517 1080
31685 886 0 1494 1080
31686 867 0 1475 1080
31687 847 0 1455 1080
31688 826 0 1434 1080
31689 803 0 1411 1080
31690 779 0 1387 1080
31691 758 0 1366 1080
31692 741 0 1349 1080
31693 726 0 1334 1080
31694 713 0 1321 1080
31695 703 0 1311 1080
31696 680 0 1288 1080
31697 643 0 1251 1080
31698 609 0 1217 1080
31699 580 0 1188 1080
31700 544 0 1152 1080
31701 506 0 1114 1080
31702 473 0 1081 1080
31703 463 0 1071 1080
31704 460 0 1068 1080
31705 447 0 1055 1080
31706 430 0 1038 1080
31707 409 0 1017 1080
31708 388 0 996 1080
31709 371 0 979 1080
31710 359 0 967 1080
31711 351 0 959 1080
31712 347 0 955 1080
31713 344 0 952 1080
31714 336 0 944 1080
31715 325 0 933 1080
31716 313 0 921 1080
31717 302 0 910 1080
31718 292 0 900 1080
31719 281 0 889 1080
31720 270 0 878 1080
31721 258 0 866 1080
31722 246 0 854 1080
31723 235 0 843 1080
31724 225 0 833 1080
31725 216 0 824 1080
31726 208 0 816 1080
31727 199 0 807 1080
31728 190 0 798 1080
31729 180 0 788 1080
31730 169 0 777 1080
31731 159 0 767 1080
31732 151 0 759 1080
31733 144 0 752 1080
31734 135 0 743 1080
31735 125 0 733 1080
31736 113 0 721 1080
31737 102 0 710 1080
31738 92 0 700 1080
31739 85 0 693 1080
31740 103 0 711 1080
31741 137 0 745 1080
31742 174 0 782 1080
31743 204 0 812 1080
31744 221 0 829 1080
31745 221 0 829 1080
31746 195 0 803 1080
31747 152 0 760 1080
31748 104 0 712 1080
31749 61 0 669 1080
31750 31 0 639 1080
31751 17 0 625 1080
31752 19 0 627 1080
31753 34 0 642 1080
31754 55 0 663 1080
31755 78 0 686 1080
31756 99 0 707 1080
31757 112 0 720 1080
31758 119 0 727 1080
31759 124 0 732 1080
31760 128 0 736 1080
31761 131 0 739 1080
31762 136 0 744 1080
31763 141 0 749 1080
31764 150 0 758 1080
31765 161 0 769 1080
31766 176 0 784 1080
31767 191 0 799 1080
31768 208 0 816 1080
31769 220 0 828 1080
31770 224 0 832 1080
31771 221 0 829 1080
31772 213 0 821 1080
31773 203 0 811 1080
31774 197 0 805 1080
31775 198 0 806 1080
31776 207 0 815 1080
31777 218 0 826 1080
31778 229 0 837 1080
31779 237 0 845 1080
31780 244 0 852 1080
31781 254 0 862 1080
31782 270 0 878 1080
31783 292 0 900 1080
31784 312 0 920 1080
31785 328 0 936 1080
31786 338 0 946 1080
31787 344 0 952 1080
31788 347 0 955 1080
31789 348 0 956 1080
31790 349 0 957 1080
31791 351 0 959 1080
31792 350 0 958 1080
31793 347 0 955 1080
31794 359 0 967 1080
31795 360 0 968 1080
31796 355 0 963 1080
31797 347 0 955 1080
31798 341 0 949 1080
31799 343 0 951 1080
31800 348 0 956 1080
31801 354 0 962 1080
31802 360 0 968 1080
31803 365 0 973 1080
31804 369 0 977 1080
31805 374 0 982 1080
31806 381 0 989 1080
31807 392 0 1000 1080
31808 400 0 1008 1080
31809 404 0 1012 1080
31810 421 0 1029 1080
31811 501 0 1109 1080
31812 541 0 1149 1080
31813 543 0 1151 1080
31814 523 0 1131 1080
31815 523 0 1131 1080
31816 538 0 1146 1080
31817 563 0 1171 1080
31818 594 0 1202 1080
31819 584 0 1192 1080
31820 542 0 1150 1080
31821 483 0 1091 1080
31822 424 0 1032 1080
31823 375 0 983 1080
31824 346 0 954 1080
31825 340 0 948 1080
31826 355 0 963 1080
31827 385 0 993 1080
31828 419 0 1027 1080
31829 452 0 1060 1080
31830 479 0 1087 1080
31831 497 0 1105 1080
31832 506 0 1114 1080
31833 504 0 1112 1080
31834 493 0 1101 1080
31835 475 0 1083 1080
31836 454 0 1062 1080
31837 434 0 1042 1080
31838 423 0 1031 1080
31839 420 0 1028 1080
31840 426 0 1034 1080
31841 438 0 1046 1080
31842 452 0 1060 1080
31843 464 0 1072 1080
31844 472 0 1080 1080
31845 474 0 1082 1080
31846 468 0 1076 1080
31847 456 0 1064 1080
31848 439 0 1047 1080
31849 415 0 1023 1080
31850 387 0 995 1080
31851 356 0 964 1080
31852 290 0 898 1080
31853 210 0 818 1080
31854 136 0 744 1080
31855 85 0 693 1080
31856 67 0 675 1080
31857 79 0 687 1080
31858 112 0 720 1080
31859 109 0 717 1080
31860 78 0 686 1080
31861 33 0 641 1080
31862 0 0 608 1080
31863 0 0 608 1080
31864 0 0 608 1080
31865 0 0 608 1080
31866 45 0 653 1080
31867 125 0 733 1080
31868 204 0 812 1080
31869 263 0 871 1080
31870 298 0 906 1080
31871 314 0 922 1080
31872 315 0 923 1080
31873 310 0 918 1080
31874 305 0 913 1080
31875 304 0 912 1080
31876 308 0 916 1080
31877 315 0 923 1080
31878 348 0 956 1080
31879 394 0 1002 1080
31880 442 0 1050 1080
31881 482 0 1090 1080
31882 509 0 1117 1080
31883 521 0 1129 1080
31884 519 0 1127 1080
31885 506 0 1114 1080
31886 487 0 1095 1080
31887 469 0 1077 1080
31888 485 0 1093 1080
31889 526 0 1134 1080
31890 583 0 1191 1080
31891 641 0 1249 1080
31892 691 0 1299 1080
31893 727 0 1335 1080
31894 747 0 1355 1080
31895 753 0 1361 1080
31896 746 0 1354 1080
31897 732 0 1340 1080
31898 716 0 1324 1080
31899 697 0 1305 1080
31900 683 0 1291 1080
31901 682 0 1290 1080
31902 692 0 1300 1080
31903 713 0 1321 1080
31904 741 0 1349 1080
31905 772 0 1380 1080
31906 802 0 1410 1080
31907 824 0 1432 1080
31908 837 0 1445 1080
31909 841 0 1449 1080
31910 837 0 1445 1080
31911 828 0 1436 1080
31912 818 0 1426 1080
31913 807 0 1415 1080
31914 798 0 1406 1080
31915 795 0 1403 1080
31916 796 0 1404 1080
31917 798 0 1406 1080
31918 798 0 1406 1080
31919 794 0 1402 1080
31920 784 0 1392 1080
31921 769 0 1377 1080
31922 762 0 1370 1080
31923 762 0 1370 1080
31924 767 0 1375 1080
31925 777 0 1385 1080
31926 791 0 1399 1080
31927 807 0 1415 1080
31928 821 0 1429 1080
31929 830 0 1438 1080
31930 835 0 1443 1080
31931 834 0 1442 1080
31932 830 0 1438 1080
31933 823 0 1431 1080
31934 817 0 1425 1080
31935 816 0 1424 1080
31936 816 0 1424 1080
31937 824 0 1432 1080
31938 854 0 1462 1080
31939 880 0 1488 1080
31940 896 0 1504 1080
31941 902 0 1510 1080
31942 910 0 1518 1080
31943 927 0 1535 1080
31944 949 0 1557 1080
31945 962 0 1570 1080
31946 973 0 1581 1080
31947 983 0 1591 1080
31948 991 0 1599 1080
31949 997 0 1605 1080
31950 1003 0 1611 1080
31951 1010 0 1618 1080
31952 1019 0 1627 1080
31953 1032 0 1640 1080
31954 1048 0 1656 1080
31955 1066 0 1674 1080
31956 1085 0 1693 1080
31957 1102 0 1710 1080
31958 1117 0 1725 1080
31959 1127 0 1735 1080
31960 1134 0 1742 1080
31961 1139 0 1747 1080
31962 1142 0 1750 1080
31963 1144 0 1752 1080
31964 1147 0 1755 1080
31965 1151 0 1759 1080
31966 1157 0 1765 1080
31967 1164 0 1772 1080
31968 1174 0 1782 1080
31969 1187 0 1795 1080
31970 1202 0 1810 1080
31971 1218 0 1826 1080
31972 1223 0 1831 1080
31973 1245 0 1853 1080
31974 1263 0 1871 1080
31975 1294 0 1902 1080
31976 1312 0 1920 1080
31977 1312 0 1920 1080
31978 1312 0 1920 1080
31979 1312 0 1920 1080
31980 1312 0 1920 1080
31981 1312 0 1920 1080
31982 1312 0 1920 1080
31983 1312 0 1920 1080
31984 1312 0 1920 1080
31985 1312 0 1920 1080
31986 1312 0 1920 1080
31987 1312 0 1920 1080
31988 1312 0 1920 1080
31989 1312 0 1920 1080
31990 1312 0 1920 1080
31991 1312 0 1920 1080
31992 1312 0 1920 1080
31993 1312 0 1920 1080
31994 1312 0 1920 1080
31995 1312 0 1920 1080
31996 1312 0 1920 1080
31997 1312 0 1920 1080
31998 1312 0 1920 1080
31999 1312 0 1920 1080
32000 1312 0 1920 1080
32001 1312 0 1920 1080
32002 1312 0 1920 1080
32003 1312 0 1920 1080
32004 1312 0 1920 1080
32005 1312 0 1920 1080
32006 1312 0 1920 1080
32007 1312 0 1920 1080
32008 1312 0 1920 1080
32009 1312 0 1920 1080
32010 1312 0 1920 1080
32011 1312 0 1920 1080
32012 1312 0 1920 1080
32013 1312 0 1920 1080
32014 1312 0 1920 1080
32015 1312 0 1920 1080
32016 1312 0 1920 1080
32017 1312 0 1920 1080
32018 1312 0 1920 1080
32019 1312 0 1920 1080
32020 1312 0 1920 1080
32021 1312 0 1920 1080
32022 1312 0 1920 1080
32023 1312 0 1920 1080
32024 1312 0 1920 1080
32025 1312 0 1920 1080
32026 1312 0 1920 1080
32027 1312 0 1920 1080
32028 1312 0 1920 1080
32029 1312 0 1920 1080
32030 1312 0 1920 1080
32031 1312 0 1920 1080
32032 1312 0 1920 1080
32033 1312 0 1920 1080
32034 1312 0 1920 1080
32035 1312 0 1920 1080
32036 1312 0 1920 1080
32037 1307 0 1915 1080
32038 1302 0 1910 1080
32039 1301 0 1909 1080
32040 1303 0 1911 1080
32041 1307 0 1915 1080
32042 1311 0 1919 1080
32043 1312 0 1920 1080
32044 1312 0 1920 1080
32045 1312 0 1920 1080
32046 1312 0 1920 1080
32047 1306 0 1914 1080
32048 1297 0 1905 1080
32049 1288 0 1896 1080
32050 1279 0 1887 1080
32051 1272 0 1880 1080
32052 1268 0 1876 1080
32053 1265 0 1873 1080
32054 1262 0 1870 1080
32055 1259 0 1867 1080
32056 1256 0 1864 1080
32057 1251 0 1859 1080
32058 1247 0 1855 1080
32059 1243 0 1851 1080
32060 1239 0 1847 1080
32061 1237 0 1845 1080
32062 1236 0 1844 1080
32063 1236 0 1844 1080
32064 1237 0 1845 1080
32065 1240 0 1848 1080
32066 1243 0 1851 1080
32067 1247 0 1855 1080
32068 1250 0 1858 1080
32069 1251 0 1859 1080
32070 1250 0 1858 1080
32071 1248 0 1856 1080
32072 1243 0 1851 1080
32073 1238 0 1846 1080
32074 1233 0 1841 1080
32075 1231 0 1839 1080
32076 1232 0 1840 1080
32077 1243 0 1851 1080
32078 1252 0 1860 1080
32079 1259 0 1867 1080
32080 1261 0 1869 1080
32081 1259 0 1867 1080
32082 1254 0 1862 1080
32083 1245 0 1853 1080
32084 1235 0 1843 1080
32085 1217 0 1825 1080
32086 1209 0 1817 1080
32087 1199 0 1807 1080
32088 1193 0 1801 1080
32089 1191 0 1799 1080
32090 1192 0 1800 1080
32091 1193 0 1801 1080
32092 1196 0 1804 1080
32093 1201 0 1809 1080
32094 1208 0 1816 1080
32095 1216 0 1824 1080
32096 1225 0 1833 1080
32097 1234 0 1842 1080
32098 1242 0 1850 1080
32099 1250 0 1858 1080
32100 1256 0 1864 1080
32101 1260 0 1868 1080
32102 1263 0 1871 1080
32103 1265 0 1873 1080
32104 1283 0 1891 1080
32105 1309 0 1917 1080
32106 1312 0 1920 1080
32107 1312 0 1920 1080
32108 1312 0 1920 1080
32109 1312 0 1920 1080
32110 1312 0 1920 1080
32111 1312 0 1920 1080
32112 1312 0 1920 1080
32113 1312 0 1920 1080
32114 1312 0 1920 1080
32115 1312 0 1920 1080
32116 1312 0 1920 1080
32117 1312 0 1920 1080
32118 1312 0 1920 1080
32119 1312 0 1920 1080
32120 1312 0 1920 1080
32121 1312 0 1920 1080
32122 1312 0 1920 1080
32123 1312 0 1920 1080
32124 1307 0 1915 1080
32125 1292 0 1900 1080
32126 1285 0 1893 1080
32127 1285 0 1893 1080
32128 1288 0 1896 1080
32129 1292 0 1900 1080
32130 1298 0 1906 1080
32131 1303 0 1911 1080
32132 1267 0 1875 1080
32133 1202 0 1810 1080
32134 1125 0 1733 1080
32135 1052 0 1660 1080
32136 995 0 1603 1080
32137 970 0 1578 1080
32138 974 0 1582 1080
32139 1000 0 1608 1080
32140 1037 0 1645 1080
32141 1075 0 1683 1080
32142 1105 0 1713 1080
32143 1169 0 1777 1080
32144 1245 0 1853 1080
32145 1269 0 1877 1080
32146 1245 0 1853 1080
32147 1187 0 1795 1080
32148 1113 0 1721 1080
32149 1038 0 1646 1080
32150 978 0 1586 1080
32151 940 0 1548 1080
32152 926 0 1534 1080
32153 926 0 1534 1080
32154 938 0 1546 1080
32155 960 0 1568 1080
32156 993 0 1601 1080
32157 1027 0 1635 1080
32158 1056 0 1664 1080
32159 1073 0 1681 1080
32160 1082 0 1690 1080
32161 1078 0 1686 1080
32162 1073 0 1681 1080
32163 1068 0 1676 1080
32164 1064 0 1672 1080
32165 1062 0 1670 1080
32166 1071 0 1679 1080
32167 1090 0 1698 1080
32168 1115 0 1723 1080
32169 1154 0 1762 1080
32170 1185 0 1793 1080
32171 1204 0 1812 1080
32172 1217 0 1825 1080
32173 1216 0 1824 1080
32174 1204 0 1812 1080
32175 1186 0 1794 1080
32176 1167 0 1775 1080
32177 1150 0 1758 1080
32178 1140 0 1748 1080
32179 1136 0 1744 1080
32180 1139 0 1747 1080
32181 1146 0 1754 1080
32182 1156 0 1764 1080
32183 1155 0 1763 1080
32184 1158 0 1766 1080
32185 1166 0 1774 1080
32186 1177 0 1785 1080
32187 1187 0 1795 1080
32188 1196 0 1804 1080
32189 1204 0 1812 1080
32190 1208 0 1816 1080
32191 1206 0 1814 1080
32192 1195 0 1803 1080
32193 1172 0 1780 1080
32194 1145 0 1753 1080
32195 1118 0 1726 1080
32196 1094 0 1702 1080
32197 1076 0 1684 1080
32198 1063 0 1671 1080
32199 1056 0 1664 1080
32200 1087 0 1695 1080
32201 1107 0 1715 1080
32202 1114 0 1722 1080
32203 1108 0 1716 1080
32204 1037 0 1645 1080
32205 957 0 1565 1080
32206 877 0 1485 1080
32207 797 0 1405 1080
32208 717 0 1325 1080
32209 639 0 1247 1080
32210 574 0 1182 1080
32211 526 0 1134 1080
32212 496 0 1104 1080
32213 482 0 1090 1080
32214 562 0 1170 1080
32215 612 0 1220 1080
32216 623 0 1231 1080
32217 596 0 1204 1080
32218 538 0 1146 1080
32219 461 0 1069 1080
32220 381 0 989 1080
32221 461 0 1069 1080
32222 495 0 1103 1080
32223 481 0 1089 1080
32224 425 0 1033 1080
32225 345 0 953 1080
32226 265 0 873 1080
32227 191 0 799 1080
32228 148 0 756 1080
32229 139 0 747 1080
32230 149 0 757 1080
32231 177 0 785 1080
32232 220 0 828 1080
32233 276 0 884 1080
32234 338 0 946 1080
32235 395 0 1003 1080
32236 468 0 1076 1080
32237 544 0 1152 1080
32238 609 0 1217 1080
32239 653 0 1261 1080
32240 673 0 1281 1080
32241 669 0 1277 1080
32242 652 0 1260 1080
32243 630 0 1238 1080
32244 610 0 1218 1080
32245 599 0 1207 1080
32246 582 0 1190 1080
32247 578 0 1186 1080
32248 599 0 1207 1080
32249 595 0 1203 1080
32250 610 0 1218 1080
32251 636 0 1244 1080
32252 665 0 1273 1080
32253 705 0 1313 1080
32254 748 0 1356 1080
32255 790 0 1398 1080
32256 825 0 1433 1080
32257 852 0 1460 1080
32258 870 0 1478 1080
32259 880 0 1488 1080
32260 883 0 1491 1080
32261 884 0 1492 1080
32262 884 0 1492 1080
32263 882 0 1490 1080
32264 962 0 1570 1080
32265 1014 0 1622 1080
32266 1036 0 1644 1080
32267 1034 0 1642 1080
32268 1014 0 1622 1080
32269 984 0 1592 1080
32270 958 0 1566 1080
32271 943 0 1551 1080
32272 938 0 1546 1080
32273 952 0 1560 1080
32274 977 0 1585 1080
32275 1013 0 1621 1080
32276 1051 0 1659 1080
32277 1104 0 1712 1080
32278 1149 0 1757 1080
32279 1200 0 1808 1080
32280 1249 0 1857 1080
32281 1293 0 1901 1080
32282 1312 0 1920 1080
32283 1312 0 1920 1080
32284 1312 0 1920 1080
32285 1312 0 1920 1080
32286 1312 0 1920 1080
32287 1312 0 1920 1080
32288 1312 0 1920 1080
32289 1312 0 1920 1080
32290 1312 0 1920 1080
32291 1312 0 1920 1080
32292 1312 0 1920 1080
32293 1312 0 1920 1080
32294 1312 0 1920 1080
32295 1312 0 1920 1080
32296 1312 0 1920 1080
32297 1312 0 1920 1080
32298 1309 0 1917 1080
32299 1229 0 1837 1080
32300 1158 0 1766 1080
32301 1115 0 1723 1080
32302 1101 0 1709 1080
32303 1115 0 1723 1080
32304 1144 0 1752 1080
32305 1224 0 1832 1080
32306 1304 0 1912 1080
32307 1312 0 1920 1080
32308 1312 0 1920 1080
32309 1312 0 1920 1080
32310 1312 0 1920 1080
32311 1312 0 1920 1080
32312 1312 0 1920 1080
32313 1312 0 1920 1080
32314 1312 0 1920 1080
32315 1312 0 1920 1080
32316 1312 0 1920 1080
32317 1312 0 1920 1080
32318 1312 0 1920 1080
32319 1312 0 1920 1080
32320 1312 0 1920 1080
32321 1312 0 1920 1080
32322 1312 0 1920 1080
32323 1312 0 1920 1080
32324 1312 0 1920 1080
32325 1312 0 1920 1080
32326 1312 0 1920 1080
32327 1312 0 1920 1080
32328 1312 0 1920 1080
32329 1312 0 1920 1080
32330 1312 0 1920 1080
32331 1312 0 1920 1080
32332 1312 0 1920 1080
32333 1312 0 1920 1080
32334 1312 0 1920 1080
32335 1312 0 1920 1080
32336 1312 0 1920 1080
32337 1291 0 1899 1080
32338 1212 0 1820 1080
32339 1149 0 1757 1080
32340 1112 0 1720 1080
32341 1103 0 1711 1080
32342 1120 0 1728 1080
32343 1156 0 1764 1080
32344 1201 0 1809 1080
32345 1243 0 1851 1080
32346 1275 0 1883 1080
32347 1293 0 1901 1080
32348 1298 0 1906 1080
32349 1291 0 1899 1080
32350 1276 0 1884 1080
32351 1258 0 1866 1080
32352 1241 0 1849 1080
32353 1227 0 1835 1080
32354 1218 0 1826 1080
32355 1216 0 1824 1080
32356 1219 0 1827 1080
32357 1226 0 1834 1080
32358 1234 0 1842 1080
32359 1242 0 1850 1080
32360 1248 0 1856 1080
32361 1251 0 1859 1080
32362 1250 0 1858 1080
32363 1247 0 1855 1080
32364 1241 0 1849 1080
32365 1234 0 1842 1080
32366 1225 0 1833 1080
32367 1218 0 1826 1080
32368 1213 0 1821 1080
32369 1211 0 1819 1080
32370 1268 0 1876 1080
32371 1312 0 1920 1080
32372 1312 0 1920 1080
32373 1312 0 1920 1080
32374 1312 0 1920 1080
32375 1312 0 1920 1080
32376 1312 0 1920 1080
32377 1312 0 1920 1080
32378 1312 0 1920 1080
32379 1312 0 1920 1080
32380 1312 0 1920 1080
32381 1312 0 1920 1080
32382 1312 0 1920 1080
32383 1312 0 1920 1080
32384 1312 0 1920 1080
32385 1312 0 1920 1080
32386 1312 0 1920 1080
32387 1312 0 1920 1080
32388 1312 0 1920 1080
32389 1312 0 1920 1080
32390 1312 0 1920 1080
32391 1312 0 1920 1080
32392 1312 0 1920 1080
32393 1312 0 1920 1080
32394 1312 0 1920 1080
32395 1312 0 1920 1080
32396 1312 0 1920 1080
32397 1312 0 1920 1080
32398 1312 0 1920 1080
32399 1312 0 1920 1080
32400 1312 0 1920 1080
32401 1312 0 1920 1080
32402 1312 0 1920 1080
32403 1312 0 1920 1080
32404 1312 0 1920 1080
32405 1312 0 1920 1080
32406 1312 0 1920 1080
32407 1312 0 1920 1080
32408 1312 0 1920 1080
32409 1312 0 1920 1080
32410 1312 0 1920 1080
32411 1312 0 1920 1080
32412 1312 0 1920 1080
32413 1312 0 1920 1080
32414 1312 0 1920 1080
32415 1312 0 1920 1080
32416 1312 0 1920 1080
32417 1312 0 1920 1080
32418 1312 0 1920 1080
32419 1312 0 1920 1080
32420 1312 0 1920 1080
32421 1312 0 1920 1080
32422 1312 0 1920 1080
32423 1312 0 1920 1080
32424 1312 0 1920 1080
32425 1312 0 1920 1080
32426 1312 0 1920 1080
32427 1312 0 1920 1080
32428 1312 0 1920 1080
32429 1312 0 1920 1080
32430 1312 0 1920 1080
32431 1312 0 1920 1080
32432 1312 0 1920 1080
32433 1312 0 1920 1080
32434 1312 0 1920 1080
32435 1312 0 1920 1080
32436 1312 0 1920 1080
32437 1312 0 1920 1080
32438 1312 0 1920 1080
32439 1312 0 1920 1080
32440 1312 0 1920 1080
32441 1312 0 1920 1080
32442 1312 0 1920 1080
32443 1312 0 1920 1080
32444 1312 0 1920 1080
32445 1312 0 1920 1080
32446 1312 0 1920 1080
32447 1312 0 1920 1080
32448 1312 0 1920 1080
32449 1312 0 1920 1080
32450 1312 0 1920 1080
32451 1312 0 1920 1080
32452 1312 0 1920 1080
32453 1312 0 1920 1080
32454 1312 0 1920 1080
32455 1312 0 1920 1080
32456 1312 0 1920 1080
32457 1312 0 1920 1080
32458 1312 0 1920 1080
32459 1312 0 1920 1080
32460 1312 0 1920 1080
32461 1312 0 1920 1080
32462 1312 0 1920 1080
32463 1312 0 1920 1080
32464 1312 0 1920 1080
32465 1312 0 1920 1080
32466 1312 0 1920 1080
32467 1312 0 1920 1080
32468 1312 0 1920 1080
32469 1312 0 1920 1080
32470 1312 0 1920 1080
32471 1312 0 1920 1080
32472 1312 0 1920 1080
32473 1312 0 1920 1080
32474 1312 0 1920 1080
32475 1312 0 1920 1080
32476 1312 0 1920 1080
32477 1312 0 1920 1080
32478 1312 0 1920 1080
32479 1312 0 1920 1080
32480 1312 0 1920 1080
32481 1312 0 1920 1080
32482 1312 0 1920 1080
32483 1312 0 1920 1080
32484 1312 0 1920 1080
32485 1312 0 1920 1080
32486 1312 0 1920 1080
32487 1312 0 1920 1080
32488 1312 0 1920 1080
32489 1312 0 1920 1080
32490 1312 0 1920 1080
32491 1312 0 1920 1080
32492 1312 0 1920 1080
32493 1312 0 1920 1080
32494 1296 0 1904 1080
32495 1216 0 1824 1080
32496 1136 0 1744 1080
32497 1056 0 1664 1080
32498 1050 0 1658 1080
32499 1130 0 1738 1080
32500 1210 0 1818 1080
32501 1290 0 1898 1080
32502 1312 0 1920 1080
32503 1312 0 1920 1080
32504 1312 0 1920 1080
32505 1312 0 1920 1080
32506 1312 0 1920 1080
32507 1312 0 1920 1080
32508 1312 0 1920 1080
32509 1312 0 1920 1080
32510 1312 0 1920 1080
32511 1312 0 1920 1080
32512 1312 0 1920 1080
32513 1312 0 1920 1080
32514 1312 0 1920 1080
32515 1312 0 1920 1080
32516 1312 0 1920 1080
32517 1312 0 1920 1080
32518 1312 0 1920 1080
32519 1312 0 1920 1080
32520 1312 0 1920 1080
32521 1312 0 1920 1080
32522 1312 0 1920 1080
32523 1312 0 1920 1080
32524 1312 0 1920 1080
32525 1312 0 1920 1080
32526 1312 0 1920 1080
32527 1312 0 1920 1080
32528 1312 0 1920 1080
32529 1312 0 1920 1080
32530 1312 0 1920 1080
32531 1312 0 1920 1080
32532 1312 0 1920 1080
32533 1312 0 1920 1080
32534 1312 0 1920 1080
32535 1312 0 1920 1080
32536 1312 0 1920 1080
32537 1312 0 1920 1080
32538 1312 0 1920 1080
32539 1312 0 1920 1080
32540 1312 0 1920 1080
32541 1312 0 1920 1080
32542 1312 0 1920 1080
32543 1312 0 1920 1080
32544 1312 0 1920 1080
32545 1312 0 1920 1080
32546 1312 0 1920 1080
32547 1312 0 1920 1080
32548 1312 0 1920 1080
32549 1312 0 1920 1080
32550 1312 0 1920 1080
32551 1312 0 1920 1080
32552 1312 0 1920 1080
32553 1312 0 1920 1080
32554 1312 0 1920 1080
32555 1312 0 1920 1080
32556 1312 0 1920 1080
32557 1312 0 1920 1080
32558 1312 0 1920 1080
32559 1312 0 1920 1080
32560 1312 0 1920 1080
32561 1312 0 1920 1080
32562 1312 0 1920 1080
32563 1312 0 1920 1080
32564 1312 0 1920 1080
32565 1312 0 1920 1080
32566 1312 0 1920 1080
32567 1312 0 1920 1080
32568 1312 0 1920 1080
32569 1312 0 1920 1080
32570 1312 0 1920 1080
32571 1312 0 1920 1080
32572 1312 0 1920 1080
32573 1312 0 1920 1080
32574 1312 0 1920 1080
32575 1312 0 1920 1080
32576 1312 0 1920 1080
32577 1312 0 1920 1080
32578 1312 0 1920 1080
32579 1312 0 1920 1080
32580 1312 0 1920 1080
32581 1312 0 1920 1080
32582 1312 0 1920 1080
32583 1312 0 1920 1080
32584 1312 0 1920 1080
32585 1312 0 1920 1080
32586 1312 0 1920 1080
32587 1308 0 1916 1080
32588 1295 0 1903 1080
32589 1284 0 1892 1080
32590 1280 0 1888 1080
32591 1281 0 1889 1080
32592 1288 0 1896 1080
32593 1298 0 1906 1080
32594 1307 0 1915 1080
32595 1312 0 1920 1080
32596 1312 0 1920 1080
32597 1312 0 1920 1080
32598 1312 0 1920 1080
32599 1312 0 1920 1080
32600 1312 0 1920 1080
32601 1312 0 1920 1080
32602 1312 0 1920 1080
32603 1312 0 1920 1080
32604 1312 0 1920 1080
32605 1312 0 1920 1080
32606 1312 0 1920 1080
32607 1312 0 1920 1080
32608 1312 0 1920 1080
32609 1312 0 1920 1080
32610 1312 0 1920 1080
32611 1312 0 1920 1080
32612 1312 0 1920 1080
32613 1312 0 1920 1080
32614 1312 0 1920 1080
32615 1312 0 1920 1080
32616 1312 0 1920 1080
32617 1312 0 1920 1080
32618 1312 0 1920 1080
32619 1312 0 1920 1080
32620 1312 0 1920 1080
32621 1312 0 1920 1080
32622 1312 0 1920 1080
32623 1312 0 1920 1080
32624 1312 0 1920 1080
32625 1312 0 1920 1080
32626 1312 0 1920 1080
32627 1312 0 1920 1080
32628 1312 0 1920 1080
32629 1312 0 1920 1080
32630 1312 0 1920 1080
32631 1312 0 1920 1080
32632 1312 0 1920 1080
32633 1312 0 1920 1080
32634 1312 0 1920 1080
32635 1312 0 1920 1080
32636 1312 0 1920 1080
32637 1312 0 1920 1080
32638 1312 0 1920 1080
32639 1312 0 1920 1080
32640 1312 0 1920 1080
32641 1312 0 1920 1080
32642 1312 0 1920 1080
32643 1312 0 1920 1080
32644 1312 0 1920 1080
32645 1306 0 1914 1080
32646 1296 0 1904 1080
32647 1287 0 1895 1080
32648 1279 0 1887 1080
32649 1271 0 1879 1080
32650 1261 0 1869 1080
32651 1250 0 1858 1080
32652 1235 0 1843 1080
32653 1217 0 1825 1080
32654 1199 0 1807 1080
32655 1184 0 1792 1080
32656 1173 0 1781 1080
32657 1102 0 1710 1080
32658 1022 0 1630 1080
32659 942 0 1550 1080
32660 862 0 1470 1080
32661 799 0 1407 1080
32662 756 0 1364 1080
32663 737 0 1345 1080
32664 740 0 1348 1080
32665 720 0 1328 1080
32666 684 0 1292 1080
32667 643 0 1251 1080
32668 606 0 1214 1080
32669 584 0 1192 1080
32670 578 0 1186 1080
32671 590 0 1198 1080
32672 615 0 1223 1080
32673 648 0 1256 1080
32674 682 0 1290 1080
32675 713 0 1321 1080
32676 736 0 1344 1080
32677 750 0 1358 1080
32678 756 0 1364 1080
32679 755 0 1363 1080
32680 752 0 1360 1080
32681 747 0 1355 1080
32682 746 0 1354 1080
32683 750 0 1358 1080
32684 759 0 1367 1080
32685 773 0 1381 1080
32686 790 0 1398 1080
32687 806 0 1414 1080
32688 821 0 1429 1080
32689 831 0 1439 1080
32690 836 0 1444 1080
32691 837 0 1445 1080
32692 835 0 1443 1080
32693 831 0 1439 1080
32694 814 0 1422 1080
32695 734 0 1342 1080
32696 676 0 1284 1080
32697 648 0 1256 1080
32698 650 0 1258 1080
32699 675 0 1283 1080
32700 716 0 1324 1080
32701 760 0 1368 1080
32702 694 0 1302 1080
32703 659 0 1267 1080
32704 655 0 1263 1080
32705 679 0 1287 1080
32706 720 0 1328 1080
32707 767 0 1375 1080
32708 810 0 1418 1080
32709 735 0 1343 1080
32710 655 0 1263 1080
32711 575 0 1183 1080
32712 495 0 1103 1080
32713 415 0 1023 1080
32714 335 0 943 1080
32715 258 0 866 1080
32716 200 0 808 1080
32717 168 0 776 1080
32718 164 0 772 1080
32719 182 0 790 1080
32720 262 0 870 1080
32721 329 0 937 1080
32722 370 0 978 1080
32723 384 0 992 1080
32724 372 0 980 1080
32725 343 0 951 1080
32726 273 0 881 1080
32727 193 0 801 1080
32728 113 0 721 1080
32729 33 0 641 1080
32730 0 0 608 1080
32731 0 0 608 1080
32732 0 0 608 1080
32733 0 0 608 1080
32734 0 0 608 1080
32735 0 0 608 1080
32736 0 0 608 1080
32737 0 0 608 1080
32738 0 0 608 1080
32739 57 0 665 1080
32740 137 0 745 1080
32741 217 0 825 1080
32742 297 0 905 1080
32743 377 0 985 1080
32744 457 0 1065 1080
32745 537 0 1145 1080
32746 617 0 1225 1080
32747 686 0 1294 1080
32748 727 0 1335 1080
32749 732 0 1340 1080
32750 706 0 1314 1080
32751 654 0 1262 1080
32752 590 0 1198 1080
32753 529 0 1137 1080
32754 475 0 1083 1080
32755 435 0 1043 1080
32756 414 0 1022 1080
32757 408 0 1016 1080
32758 415 0 1023 1080
32759 429 0 1037 1080
32760 446 0 1054 1080
32761 462 0 1070 1080
32762 472 0 1080 1080
32763 475 0 1083 1080
32764 470 0 1078 1080
32765 457 0 1065 1080
32766 438 0 1046 1080
32767 416 0 1024 1080
32768 395 0 1003 1080
32769 377 0 985 1080
32770 365 0 973 1080
32771 362 0 970 1080
32772 364 0 972 1080
32773 372 0 980 1080
32774 381 0 989 1080
32775 388 0 996 1080
32776 387 0 995 1080
32777 377 0 985 1080
32778 354 0 962 1080
32779 322 0 930 1080
32780 286 0 894 1080
32781 242 0 850 1080
32782 191 0 799 1080
32783 160 0 768 1080
32784 151 0 759 1080
32785 160 0 768 1080
32786 180 0 788 1080
32787 202 0 810 1080
32788 210 0 818 1080
32789 204 0 812 1080
32790 188 0 796 1080
32791 168 0 776 1080
32792 147 0 755 1080
32793 129 0 737 1080
32794 115 0 723 1080
32795 105 0 713 1080
32796 99 0 707 1080
32797 96 0 704 1080
32798 93 0 701 1080
32799 92 0 700 1080
32800 90 0 698 1080
32801 85 0 693 1080
32802 80 0 688 1080
32803 76 0 684 1080
32804 72 0 680 1080
32805 68 0 676 1080
32806 64 0 672 1080
32807 85 0 693 1080
32808 122 0 730 1080
32809 165 0 773 1080
32810 205 0 813 1080
32811 241 0 849 1080
32812 266 0 874 1080
32813 277 0 885 1080
32814 275 0 883 1080
32815 258 0 866 1080
32816 232 0 840 1080
32817 205 0 813 1080
32818 180 0 788 1080
32819 161 0 769 1080
32820 164 0 772 1080
32821 184 0 792 1080
32822 214 0 822 1080
32823 247 0 855 1080
32824 275 0 883 1080
32825 294 0 902 1080
32826 303 0 911 1080
32827 303 0 911 1080
32828 297 0 905 1080
32829 288 0 896 1080
32830 280 0 888 1080
32831 274 0 882 1080
32832 273 0 881 1080
32833 275 0 883 1080
32834 281 0 889 1080
32835 271 0 879 1080
32836 265 0 873 1080
32837 205 0 813 1080
32838 159 0 767 1080
32839 135 0 743 1080
32840 149 0 757 1080
32841 192 0 800 1080
32842 254 0 862 1080
32843 321 0 929 1080
32844 381 0 989 1080
32845 428 0 1036 1080
32846 457 0 1065 1080
32847 471 0 1079 1080
32848 475 0 1083 1080
32849 473 0 1081 1080
32850 481 0 1089 1080
32851 561 0 1169 1080
32852 641 0 1249 1080
32853 721 0 1329 1080
32854 801 0 1409 1080
32855 881 0 1489 1080
32856 961 0 1569 1080
32857 1041 0 1649 1080
32858 1121 0 1729 1080
32859 1201 0 1809 1080
32860 1281 0 1889 1080
32861 1312 0 1920 1080
32862 1312 0 1920 1080
32863 1312 0 1920 1080
32864 1281 0 1889 1080
32865 1201 0 1809 1080
32866 1121 0 1729 1080
32867 1041 0 1649 1080
32868 961 0 1569 1080
32869 881 0 1489 1080
32870 872 0 1480 1080
32871 792 0 1400 1080
32872 712 0 1320 1080
32873 632 0 1240 1080
32874 552 0 1160 1080
32875 472 0 1080 1080
32876 392 0 1000 1080
32877 312 0 920 1080
32878 246 0 854 1080
32879 177 0 785 1080
32880 122 0 730 1080
32881 90 0 698 1080
32882 170 0 778 1080
32883 236 0 844 1080
32884 283 0 891 1080
32885 308 0 916 1080
32886 310 0 918 1080
32887 295 0 903 1080
32888 269 0 877 1080
32889 239 0 847 1080
32890 211 0 819 1080
32891 192 0 800 1080
32892 136 0 744 1080
32893 62 0 670 1080
32894 0 0 608 1080
32895 0 0 608 1080
32896 0 0 608 1080
32897 0 0 608 1080
32898 0 0 608 1080
32899 0 0 608 1080
32900 66 0 674 1080
32901 146 0 754 1080
32902 226 0 834 1080
32903 306 0 914 1080
32904 386 0 994 1080
32905 466 0 1074 1080
32906 544 0 1152 1080
32907 613 0 1221 1080
32908 660 0 1268 1080
32909 662 0 1270 1080
32910 644 0 1252 1080
32911 611 0 1219 1080
32912 575 0 1183 1080
32913 495 0 1103 1080
32914 415 0 1023 1080
32915 335 0 943 1080
32916 255 0 863 1080
32917 175 0 783 1080
32918 255 0 863 1080
32919 263 0 871 1080
32920 210 0 818 1080
32921 130 0 738 1080
32922 50 0 658 1080
32923 0 0 608 1080
32924 0 0 608 1080
32925 0 0 608 1080
32926 43 0 651 1080
32927 73 0 681 1080
32928 73 0 681 1080
32929 48 0 656 1080
32930 9 0 617 1080
32931 0 0 608 1080
32932 46 0 654 1080
32933 89 0 697 1080
32934 95 0 703 1080
32935 68 0 676 1080
32936 21 0 629 1080
32937 0 0 608 1080
32938 0 0 608 1080
32939 0 0 608 1080
32940 47 0 655 1080
32941 64 0 672 1080
32942 50 0 658 1080
32943 13 0 621 1080
32944 0 0 608 1080
32945 0 0 608 1080
32946 0 0 608 1080
32947 46 0 654 1080
32948 58 0 666 1080
32949 38 0 646 1080
32950 0 0 608 1080
32951 0 0 608 1080
32952 0 0 608 1080
32953 0 0 608 1080
32954 26 0 634 1080
32955 40 0 648 1080
32956 34 0 642 1080
32957 14 0 622 1080
32958 0 0 608 1080
32959 0 0 608 1080
32960 0 0 608 1080
32961 0 0 608 1080
32962 0 0 608 1080
32963 0 0 608 1080
32964 0 0 608 1080
32965 0 0 608 1080
32966 0 0 608 1080
32967 0 0 608 1080
32968 0 0 608 1080
32969 0 0 608 1080
32970 0 0 608 1080
32971 0 0 608 1080
32972 0 0 608 1080
32973 0 0 608 1080
32974 0 0 608 1080
32975 0 0 608 1080
32976 0 0 608 1080
32977 0 0 608 1080
32978 11 0 619 1080
32979 24 0 632 1080
32980 32 0 640 1080
32981 34 0 642 1080
32982 32 0 640 1080
32983 28 0 636 1080
32984 22 0 630 1080
32985 17 0 625 1080
32986 16 0 624 1080
32987 22 0 630 1080
32988 33 0 641 1080
32989 45 0 653 1080
32990 55 0 663 1080
32991 59 0 667 1080
32992 56 0 664 1080
32993 51 0 659 1080
32994 44 0 652 1080
32995 36 0 644 1080
32996 31 0 639 1080
32997 31 0 639 1080
32998 34 0 642 1080
32999 39 0 647 1080
33000 42 0 650 1080
33001 44 0 652 1080
33002 43 0 651 1080
33003 42 0 650 1080
33004 38 0 646 1080
33005 36 0 644 1080
33006 36 0 644 1080
33007 42 0 650 1080
33008 51 0 659 1080
33009 61 0 669 1080
33010 69 0 677 1080
33011 74 0 682 1080
33012 75 0 683 1080
33013 72 0 680 1080
33014 70 0 678 1080
33015 70 0 678 1080
33016 72 0 680 1080
33017 73 0 681 1080
33018 72 0 680 1080
33019 70 0 678 1080
33020 66 0 674 1080
33021 63 0 671 1080
33022 61 0 669 1080
33023 61 0 669 1080
33024 62 0 670 1080
33025 63 0 671 1080
33026 65 0 673 1080
33027 71 0 679 1080
33028 80 0 688 1080
33029 92 0 700 1080
33030 104 0 712 1080
33031 116 0 724 1080
33032 125 0 733 1080
33033 132 0 740 1080
33034 134 0 742 1080
33035 132 0 740 1080
33036 125 0 733 1080
33037 116 0 724 1080
33038 106 0 714 1080
33039 96 0 704 1080
33040 91 0 699 1080
33041 91 0 699 1080
33042 99 0 707 1080
33043 111 0 719 1080
33044 124 0 732 1080
33045 137 0 745 1080
33046 146 0 754 1080
33047 151 0 759 1080
33048 152 0 760 1080
33049 152 0 760 1080
33050 150 0 758 1080
33051 149 0 757 1080
33052 148 0 756 1080
33053 147 0 755 1080
33054 147 0 755 1080
33055 148 0 756 1080
33056 148 0 756 1080
33057 153 0 761 1080
33058 157 0 765 1080
33059 161 0 769 1080
33060 165 0 773 1080
33061 169 0 777 1080
33062 172 0 780 1080
33063 175 0 783 1080
33064 182 0 790 1080
33065 189 0 797 1080
33066 195 0 803 1080
33067 200 0 808 1080
33068 203 0 811 1080
33069 204 0 812 1080
33070 202 0 810 1080
33071 203 0 811 1080
33072 201 0 809 1080
33073 197 0 805 1080
33074 192 0 800 1080
33075 188 0 796 1080
33076 184 0 792 1080
33077 181 0 789 1080
33078 184 0 792 1080
33079 192 0 800 1080
33080 201 0 809 1080
33081 211 0 819 1080
33082 216 0 824 1080
33083 245 0 853 1080
33084 286 0 894 1080
33085 326 0 934 1080
33086 360 0 968 1080
33087 380 0 988 1080
33088 384 0 992 1080
33089 375 0 983 1080
33090 357 0 965 1080
33091 308 0 916 1080
33092 247 0 855 1080
33093 192 0 800 1080
33094 154 0 762 1080
33095 139 0 747 1080
33096 151 0 759 1080
33097 185 0 793 1080
33098 233 0 841 1080
33099 284 0 892 1080
33100 331 0 939 1080
33101 368 0 976 1080
33102 393 0 1001 1080
33103 405 0 1013 1080
33104 408 0 1016 1080
33105 452 0 1060 1080
33106 525 0 1133 1080
33107 605 0 1213 1080
33108 685 0 1293 1080
33109 758 0 1366 1080
33110 818 0 1426 1080
33111 859 0 1467 1080
33112 884 0 1492 1080
33113 896 0 1504 1080
33114 901 0 1509 1080
33115 906 0 1514 1080
33116 915 0 1523 1080
33117 931 0 1539 1080
33118 955 0 1563 1080
33119 987 0 1595 1080
33120 1024 0 1632 1080
33121 1063 0 1671 1080
33122 1102 0 1710 1080
33123 1137 0 1745 1080
33124 1169 0 1777 1080
33125 1197 0 1805 1080
33126 1222 0 1830 1080
33127 1245 0 1853 1080
33128 1247 0 1855 1080
33129 1229 0 1837 1080
33130 1200 0 1808 1080
33131 1166 0 1774 1080
33132 1134 0 1742 1080
33133 1111 0 1719 1080
33134 1098 0 1706 1080
33135 1086 0 1694 1080
33136 1078 0 1686 1080
33137 1074 0 1682 1080
33138 1071 0 1679 1080
33139 1069 0 1677 1080
33140 1068 0 1676 1080
33141 1068 0 1676 1080
33142 1069 0 1677 1080
33143 1070 0 1678 1080
33144 1071 0 1679 1080
33145 1071 0 1679 1080
33146 1071 0 1679 1080
33147 1070 0 1678 1080
33148 1067 0 1675 1080
33149 1063 0 1671 1080
33150 1059 0 1667 1080
33151 1060 0 1668 1080
33152 1067 0 1675 1080
33153 1074 0 1682 1080
33154 1080 0 1688 1080
33155 1082 0 1690 1080
33156 1081 0 1689 1080
33157 1115 0 1723 1080
33158 1131 0 1739 1080
33159 1129 0 1737 1080
33160 1152 0 1760 1080
33161 1190 0 1798 1080
33162 1232 0 1840 1080
33163 1270 0 1878 1080
33164 1297 0 1905 1080
33165 1310 0 1918 1080
33166 1274 0 1882 1080
33167 1205 0 1813 1080
33168 1156 0 1764 1080
33169 1134 0 1742 1080
33170 1138 0 1746 1080
33171 1163 0 1771 1080
33172 1199 0 1807 1080
33173 1237 0 1845 1080
33174 1269 0 1877 1080
33175 1289 0 1897 1080
33176 1294 0 1902 1080
33177 1286 0 1894 1080
33178 1269 0 1877 1080
33179 1264 0 1872 1080
33180 1270 0 1878 1080
33181 1293 0 1901 1080
33182 1312 0 1920 1080
33183 1312 0 1920 1080
33184 1312 0 1920 1080
33185 1312 0 1920 1080
33186 1312 0 1920 1080
33187 1312 0 1920 1080
33188 1312 0 1920 1080
33189 1287 0 1895 1080
33190 1253 0 1861 1080
33191 1239 0 1847 1080
33192 1236 0 1844 1080
33193 1255 0 1863 1080
33194 1289 0 1897 1080
33195 1312 0 1920 1080
33196 1312 0 1920 1080
33197 1312 0 1920 1080
33198 1312 0 1920 1080
33199 1294 0 1902 1080
33200 1299 0 1907 1080
33201 1312 0 1920 1080
33202 1312 0 1920 1080
33203 1312 0 1920 1080
33204 1312 0 1920 1080
33205 1312 0 1920 1080
33206 1312 0 1920 1080
33207 1312 0 1920 1080
33208 1312 0 1920 1080
33209 1312 0 1920 1080
33210 1287 0 1895 1080
33211 1272 0 1880 1080
33212 1276 0 1884 1080
33213 1293 0 1901 1080
33214 1312 0 1920 1080
33215 1312 0 1920 1080
33216 1312 0 1920 1080
33217 1312 0 1920 1080
33218 1312 0 1920 1080
33219 1312 0 1920 1080
33220 1312 0 1920 1080
33221 1312 0 1920 1080
33222 1312 0 1920 1080
33223 1312 0 1920 1080
33224 1308 0 1916 1080
33225 1278 0 1886 1080
33226 1239 0 1847 1080
33227 1202 0 1810 1080
33228 1202 0 1810 1080
33229 1203 0 1811 1080
33230 1232 0 1840 1080
33231 1262 0 1870 1080
33232 1303 0 1911 1080
33233 1312 0 1920 1080
33234 1312 0 1920 1080
33235 1312 0 1920 1080
33236 1312 0 1920 1080
33237 1291 0 1899 1080
33238 1211 0 1819 1080
33239 1174 0 1782 1080
33240 1186 0 1794 1080
33241 1237 0 1845 1080
33242 1224 0 1832 1080
33243 1253 0 1861 1080
33244 1221 0 1829 1080
33245 1147 0 1755 1080
33246 1067 0 1675 1080
33247 987 0 1595 1080
33248 907 0 1515 1080
33249 827 0 1435 1080
33250 757 0 1365 1080
33251 714 0 1322 1080
33252 702 0 1310 1080
33253 717 0 1325 1080
33254 755 0 1363 1080
33255 802 0 1410 1080
33256 848 0 1456 1080
33257 885 0 1493 1080
33258 910 0 1518 1080
33259 921 0 1529 1080
33260 919 0 1527 1080
33261 906 0 1514 1080
33262 888 0 1496 1080
33263 870 0 1478 1080
33264 852 0 1460 1080
33265 838 0 1446 1080
33266 827 0 1435 1080
33267 821 0 1429 1080
33268 823 0 1431 1080
33269 831 0 1439 1080
33270 841 0 1449 1080
33271 850 0 1458 1080
33272 858 0 1466 1080
33273 861 0 1469 1080
33274 857 0 1465 1080
33275 846 0 1454 1080
33276 828 0 1436 1080
33277 809 0 1417 1080
33278 793 0 1401 1080
33279 784 0 1392 1080
33280 783 0 1391 1080
33281 789 0 1397 1080
33282 799 0 1407 1080
33283 808 0 1416 1080
33284 813 0 1421 1080
33285 812 0 1420 1080
33286 806 0 1414 1080
33287 795 0 1403 1080
33288 785 0 1393 1080
33289 777 0 1385 1080
33290 772 0 1380 1080
33291 774 0 1382 1080
33292 779 0 1387 1080
33293 785 0 1393 1080
33294 788 0 1396 1080
33295 787 0 1395 1080
33296 781 0 1389 1080
33297 771 0 1379 1080
33298 761 0 1369 1080
33299 753 0 1361 1080
33300 750 0 1358 1080
33301 752 0 1360 1080
33302 757 0 1365 1080
33303 764 0 1372 1080
33304 770 0 1378 1080
33305 774 0 1382 1080
33306 773 0 1381 1080
33307 768 0 1376 1080
33308 759 0 1367 1080
33309 749 0 1357 1080
33310 740 0 1348 1080
33311 733 0 1341 1080
33312 730 0 1338 1080
33313 730 0 1338 1080
33314 732 0 1340 1080
33315 738 0 1346 1080
33316 744 0 1352 1080
33317 751 0 1359 1080
33318 756 0 1364 1080
33319 760 0 1368 1080
33320 764 0 1372 1080
33321 766 0 1374 1080
33322 768 0 1376 1080
33323 769 0 1377 1080
33324 766 0 1374 1080
33325 760 0 1368 1080
33326 753 0 1361 1080
33327 747 0 1355 1080
33328 743 0 1351 1080
33329 742 0 1350 1080
33330 743 0 1351 1080
33331 746 0 1354 1080
33332 750 0 1358 1080
33333 752 0 1360 1080
33334 753 0 1361 1080
33335 753 0 1361 1080
33336 753 0 1361 1080
33337 750 0 1358 1080
33338 744 0 1352 1080
33339 734 0 1342 1080
33340 720 0 1328 1080
33341 707 0 1315 1080
33342 696 0 1304 1080
33343 690 0 1298 1080
33344 688 0 1296 1080
33345 689 0 1297 1080
33346 694 0 1302 1080
33347 701 0 1309 1080
33348 708 0 1316 1080
33349 713 0 1321 1080
33350 715 0 1323 1080
33351 715 0 1323 1080
33352 714 0 1322 1080
33353 714 0 1322 1080
33354 714 0 1322 1080
33355 715 0 1323 1080
33356 720 0 1328 1080
33357 727 0 1335 1080
33358 736 0 1344 1080
33359 745 0 1353 1080
33360 753 0 1361 1080
33361 759 0 1367 1080
33362 762 0 1370 1080
33363 762 0 1370 1080
33364 761 0 1369 1080
33365 759 0 1367 1080
33366 759 0 1367 1080
33367 764 0 1372 1080
33368 777 0 1385 1080
33369 819 0 1427 1080
33370 876 0 1484 1080
33371 934 0 1542 1080
33372 983 0 1591 1080
33373 1017 0 1625 1080
33374 1037 0 1645 1080
33375 1082 0 1690 1080
33376 1141 0 1749 1080
33377 1204 0 1812 1080
33378 1259 0 1867 1080
33379 1299 0 1907 1080
33380 1312 0 1920 1080
33381 1312 0 1920 1080
33382 1306 0 1914 1080
33383 1283 0 1891 1080
33384 1258 0 1866 1080
33385 1237 0 1845 1080
33386 1223 0 1831 1080
33387 1218 0 1826 1080
33388 1222 0 1830 1080
33389 1232 0 1840 1080
33390 1245 0 1853 1080
33391 1258 0 1866 1080
33392 1269 0 1877 1080
33393 1277 0 1885 1080
33394 1280 0 1888 1080
33395 1280 0 1888 1080
33396 1277 0 1885 1080
33397 1273 0 1881 1080
33398 1270 0 1878 1080
33399 1267 0 1875 1080
33400 1265 0 1873 1080
33401 1264 0 1872 1080
33402 1265 0 1873 1080
33403 1267 0 1875 1080
33404 1270 0 1878 1080
33405 1272 0 1880 1080
33406 1274 0 1882 1080
33407 1275 0 1883 1080
33408 1276 0 1884 1080
33409 1277 0 1885 1080
33410 1276 0 1884 1080
33411 1275 0 1883 1080
33412 1273 0 1881 1080
33413 1272 0 1880 1080
33414 1272 0 1880 1080
33415 1272 0 1880 1080
33416 1273 0 1881 1080
33417 1274 0 1882 1080
33418 1275 0 1883 1080
33419 1277 0 1885 1080
33420 1278 0 1886 1080
33421 1279 0 1887 1080
33422 1279 0 1887 1080
33423 1280 0 1888 1080
33424 1280 0 1888 1080
33425 1277 0 1885 1080
33426 1273 0 1881 1080
33427 1269 0 1877 1080
33428 1263 0 1871 1080
33429 1256 0 1864 1080
33430 1251 0 1859 1080
33431 1246 0 1854 1080
33432 1242 0 1850 1080
33433 1240 0 1848 1080
33434 1238 0 1846 1080
33435 1237 0 1845 1080
33436 1237 0 1845 1080
33437 1235 0 1843 1080
33438 1233 0 1841 1080
33439 1230 0 1838 1080
33440 1226 0 1834 1080
33441 1221 0 1829 1080
33442 1215 0 1823 1080
33443 1208 0 1816 1080
33444 1201 0 1809 1080
33445 1194 0 1802 1080
33446 1189 0 1797 1080
33447 1186 0 1794 1080
33448 1183 0 1791 1080
33449 1183 0 1791 1080
33450 1184 0 1792 1080
33451 1186 0 1794 1080
33452 1189 0 1797 1080
33453 1191 0 1799 1080
33454 1192 0 1800 1080
33455 1186 0 1794 1080
33456 1181 0 1789 1080
33457 1178 0 1786 1080
33458 1177 0 1785 1080
33459 1178 0 1786 1080
33460 1196 0 1804 1080
33461 1222 0 1830 1080
33462 1202 0 1810 1080
33463 1198 0 1806 1080
33464 1209 0 1817 1080
33465 1229 0 1837 1080
33466 1253 0 1861 1080
33467 1276 0 1884 1080
33468 1293 0 1901 1080
33469 1213 0 1821 1080
33470 1161 0 1769 1080
33471 1143 0 1751 1080
33472 1155 0 1763 1080
33473 1190 0 1798 1080
33474 1236 0 1844 1080
33475 1281 0 1889 1080
33476 1201 0 1809 1080
33477 1154 0 1762 1080
33478 1143 0 1751 1080
33479 1163 0 1771 1080
33480 1204 0 1812 1080
33481 1254 0 1862 1080
33482 1302 0 1910 1080
33483 1222 0 1830 1080
33484 1173 0 1781 1080
33485 1158 0 1766 1080
33486 1174 0 1782 1080
33487 1212 0 1820 1080
33488 1261 0 1869 1080
33489 1308 0 1916 1080
33490 1228 0 1836 1080
33491 1179 0 1787 1080
33492 1166 0 1774 1080
33493 1184 0 1792 1080
33494 1224 0 1832 1080
33495 1273 0 1881 1080
33496 1312 0 1920 1080
33497 1240 0 1848 1080
33498 1191 0 1799 1080
33499 1177 0 1785 1080
33500 1195 0 1803 1080
33501 1169 0 1777 1080
33502 1114 0 1722 1080
33503 1049 0 1657 1080
33504 989 0 1597 1080
33505 947 0 1555 1080
33506 928 0 1536 1080
33507 933 0 1541 1080
33508 957 0 1565 1080
33509 992 0 1600 1080
33510 1033 0 1641 1080
33511 1069 0 1677 1080
33512 1095 0 1703 1080
33513 1107 0 1715 1080
33514 1105 0 1713 1080
33515 1094 0 1702 1080
33516 1079 0 1687 1080
33517 1064 0 1672 1080
33518 1051 0 1659 1080
33519 1045 0 1653 1080
33520 1045 0 1653 1080
33521 1052 0 1660 1080
33522 1064 0 1672 1080
33523 1078 0 1686 1080
33524 1092 0 1700 1080
33525 1103 0 1711 1080
33526 1108 0 1716 1080
33527 1108 0 1716 1080
33528 1102 0 1710 1080
33529 1095 0 1703 1080
33530 1087 0 1695 1080
33531 1081 0 1689 1080
33532 1076 0 1684 1080
33533 1074 0 1682 1080
33534 1074 0 1682 1080
33535 1075 0 1683 1080
33536 1076 0 1684 1080
33537 1072 0 1680 1080
33538 1064 0 1672 1080
33539 1041 0 1649 1080
33540 1019 0 1627 1080
33541 998 0 1606 1080
33542 963 0 1571 1080
33543 920 0 1528 1080
33544 873 0 1481 1080
33545 828 0 1436 1080
33546 789 0 1397 1080
33547 757 0 1365 1080
33548 733 0 1341 1080
33549 715 0 1323 1080
33550 701 0 1309 1080
33551 687 0 1295 1080
33552 672 0 1280 1080
33553 653 0 1261 1080
33554 630 0 1238 1080
33555 605 0 1213 1080
33556 576 0 1184 1080
33557 546 0 1154 1080
33558 516 0 1124 1080
33559 488 0 1096 1080
33560 460 0 1068 1080
33561 435 0 1043 1080
33562 410 0 1018 1080
33563 387 0 995 1080
33564 364 0 972 1080
33565 341 0 949 1080
33566 318 0 926 1080
33567 294 0 902 1080
33568 269 0 877 1080
33569 210 0 818 1080
33570 134 0 742 1080
33571 59 0 667 1080
33572 37 0 645 1080
33573 65 0 673 1080
33574 130 0 738 1080
33575 210 0 818 1080
33576 290 0 898 1080
33577 361 0 969 1080
33578 414 0 1022 1080
33579 387 0 995 1080
33580 364 0 972 1080
33581 350 0 958 1080
33582 350 0 958 1080
33583 364 0 972 1080
33584 389 0 997 1080
33585 422 0 1030 1080
33586 457 0 1065 1080
33587 498 0 1106 1080
33588 538 0 1146 1080
33589 570 0 1178 1080
33590 591 0 1199 1080
33591 593 0 1201 1080
33592 588 0 1196 1080
33593 577 0 1185 1080
33594 564 0 1172 1080
33595 555 0 1163 1080
33596 551 0 1159 1080
33597 553 0 1161 1080
33598 559 0 1167 1080
33599 569 0 1177 1080
33600 579 0 1187 1080
33601 588 0 1196 1080
33602 595 0 1203 1080
33603 597 0 1205 1080
33604 597 0 1205 1080
33605 592 0 1200 1080
33606 583 0 1191 1080
33607 576 0 1184 1080
33608 574 0 1182 1080
33609 574 0 1182 1080
33610 574 0 1182 1080
33611 567 0 1175 1080
33612 549 0 1157 1080
33613 533 0 1141 1080
33614 521 0 1129 1080
33615 515 0 1123 1080
33616 516 0 1124 1080
33617 509 0 1117 1080
33618 498 0 1106 1080
33619 487 0 1095 1080
33620 480 0 1088 1080
33621 478 0 1086 1080
33622 481 0 1089 1080
33623 492 0 1100 1080
33624 509 0 1117 1080
33625 530 0 1138 1080
33626 553 0 1161 1080
33627 574 0 1182 1080
33628 589 0 1197 1080
33629 597 0 1205 1080
33630 597 0 1205 1080
33631 592 0 1200 1080
33632 586 0 1194 1080
33633 581 0 1189 1080
33634 555 0 1163 1080
33635 517 0 1125 1080
33636 479 0 1087 1080
33637 449 0 1057 1080
33638 429 0 1037 1080
33639 451 0 1059 1080
33640 500 0 1108 1080
33641 561 0 1169 1080
33642 596 0 1204 1080
33643 606 0 1214 1080
33644 592 0 1200 1080
33645 559 0 1167 1080
33646 517 0 1125 1080
33647 491 0 1099 1080
33648 490 0 1098 1080
33649 566 0 1174 1080
33650 646 0 1254 1080
33651 726 0 1334 1080
33652 806 0 1414 1080
33653 880 0 1488 1080
33654 931 0 1539 1080
33655 951 0 1559 1080
33656 947 0 1555 1080
33657 916 0 1524 1080
33658 866 0 1474 1080
33659 807 0 1415 1080
33660 750 0 1358 1080
33661 703 0 1311 1080
33662 673 0 1281 1080
33663 664 0 1272 1080
33664 673 0 1281 1080
33665 696 0 1304 1080
33666 720 0 1328 1080
33667 737 0 1345 1080
33668 747 0 1355 1080
33669 748 0 1356 1080
33670 742 0 1350 1080
33671 732 0 1340 1080
33672 735 0 1343 1080
33673 746 0 1354 1080
33674 761 0 1369 1080
33675 774 0 1382 1080
33676 783 0 1391 1080
33677 787 0 1395 1080
33678 785 0 1393 1080
33679 778 0 1386 1080
33680 767 0 1375 1080
33681 755 0 1363 1080
33682 742 0 1350 1080
33683 730 0 1338 1080
33684 720 0 1328 1080
33685 715 0 1323 1080
33686 710 0 1318 1080
33687 705 0 1313 1080
33688 700 0 1308 1080
33689 695 0 1303 1080
33690 690 0 1298 1080
33691 685 0 1293 1080
33692 681 0 1289 1080
33693 677 0 1285 1080
33694 675 0 1283 1080
33695 670 0 1278 1080
33696 665 0 1273 1080
33697 641 0 1249 1080
33698 608 0 1216 1080
33699 576 0 1184 1080
33700 551 0 1159 1080
33701 538 0 1146 1080
33702 543 0 1151 1080
33703 561 0 1169 1080
33704 563 0 1171 1080
33705 554 0 1162 1080
33706 545 0 1153 1080
33707 542 0 1150 1080
33708 543 0 1151 1080
33709 538 0 1146 1080
33710 522 0 1130 1080
33711 505 0 1113 1080
33712 495 0 1103 1080
33713 497 0 1105 1080
33714 510 0 1118 1080
33715 551 0 1159 1080
33716 588 0 1196 1080
33717 633 0 1241 1080
33718 676 0 1284 1080
33719 709 0 1317 1080
33720 727 0 1335 1080
33721 727 0 1335 1080
33722 725 0 1333 1080
33723 706 0 1314 1080
33724 691 0 1299 1080
33725 684 0 1292 1080
33726 684 0 1292 1080
33727 690 0 1298 1080
33728 692 0 1300 1080
33729 686 0 1294 1080
33730 766 0 1374 1080
33731 808 0 1416 1080
33732 812 0 1420 1080
33733 784 0 1392 1080
33734 749 0 1357 1080
33735 705 0 1313 1080
33736 663 0 1271 1080
33737 633 0 1241 1080
33738 619 0 1227 1080
33739 625 0 1233 1080
33740 646 0 1254 1080
33741 676 0 1284 1080
33742 710 0 1318 1080
33743 742 0 1350 1080
33744 767 0 1375 1080
33745 784 0 1392 1080
33746 791 0 1399 1080
33747 791 0 1399 1080
33748 786 0 1394 1080
33749 813 0 1421 1080
33750 865 0 1473 1080
33751 929 0 1537 1080
33752 995 0 1603 1080
33753 1052 0 1660 1080
33754 1095 0 1703 1080
33755 1122 0 1730 1080
33756 1133 0 1741 1080
33757 1132 0 1740 1080
33758 1124 0 1732 1080
33759 1113 0 1721 1080
33760 1099 0 1707 1080
33761 1086 0 1694 1080
33762 1073 0 1681 1080
33763 1062 0 1670 1080
33764 1054 0 1662 1080
33765 1047 0 1655 1080
33766 1041 0 1649 1080
33767 1036 0 1644 1080
33768 1031 0 1639 1080
33769 1027 0 1635 1080
33770 1027 0 1635 1080
33771 1030 0 1638 1080
33772 1039 0 1647 1080
33773 1047 0 1655 1080
33774 1054 0 1662 1080
33775 1059 0 1667 1080
33776 1060 0 1668 1080
33777 1072 0 1680 1080
33778 1096 0 1704 1080
33779 1126 0 1734 1080
33780 1158 0 1766 1080
33781 1186 0 1794 1080
33782 1206 0 1814 1080
33783 1216 0 1824 1080
33784 1217 0 1825 1080
33785 1209 0 1817 1080
33786 1197 0 1805 1080
33787 1186 0 1794 1080
33788 1178 0 1786 1080
33789 1175 0 1783 1080
33790 1181 0 1789 1080
33791 1193 0 1801 1080
33792 1209 0 1817 1080
33793 1225 0 1833 1080
33794 1239 0 1847 1080
33795 1249 0 1857 1080
33796 1255 0 1863 1080
33797 1258 0 1866 1080
33798 1258 0 1866 1080
33799 1257 0 1865 1080
33800 1255 0 1863 1080
33801 1235 0 1843 1080
33802 1201 0 1809 1080
33803 1163 0 1771 1080
33804 1126 0 1734 1080
33805 1098 0 1706 1080
33806 1080 0 1688 1080
33807 1060 0 1668 1080
33808 1039 0 1647 1080
33809 1021 0 1629 1080
33810 1011 0 1619 1080
33811 1007 0 1615 1080
33812 1010 0 1618 1080
33813 1018 0 1626 1080
33814 1031 0 1639 1080
33815 1045 0 1653 1080
33816 1056 0 1664 1080
33817 1062 0 1670 1080
33818 1062 0 1670 1080
33819 1057 0 1665 1080
33820 1048 0 1656 1080
33821 1037 0 1645 1080
33822 1025 0 1633 1080
33823 1012 0 1620 1080
33824 1003 0 1611 1080
33825 992 0 1600 1080
33826 983 0 1591 1080
33827 977 0 1585 1080
33828 973 0 1581 1080
33829 971 0 1579 1080
33830 972 0 1580 1080
33831 974 0 1582 1080
33832 975 0 1583 1080
33833 974 0 1582 1080
33834 1033 0 1641 1080
33835 1057 0 1665 1080
33836 1050 0 1658 1080
33837 1020 0 1628 1080
33838 979 0 1587 1080
33839 939 0 1547 1080
33840 867 0 1475 1080
33841 787 0 1395 1080
33842 714 0 1322 1080
33843 682 0 1290 1080
33844 689 0 1297 1080
33845 728 0 1336 1080
33846 785 0 1393 1080
33847 843 0 1451 1080
33848 889 0 1497 1080
33849 916 0 1524 1080
33850 922 0 1530 1080
33851 906 0 1514 1080
33852 879 0 1487 1080
33853 846 0 1454 1080
33854 816 0 1424 1080
33855 795 0 1403 1080
33856 786 0 1394 1080
33857 789 0 1397 1080
33858 801 0 1409 1080
33859 815 0 1423 1080
33860 829 0 1437 1080
33861 841 0 1449 1080
33862 849 0 1457 1080
33863 853 0 1461 1080
33864 854 0 1462 1080
33865 851 0 1459 1080
33866 846 0 1454 1080
33867 841 0 1449 1080
33868 838 0 1446 1080
33869 841 0 1449 1080
33870 849 0 1457 1080
33871 860 0 1468 1080
33872 871 0 1479 1080
33873 882 0 1490 1080
33874 891 0 1499 1080
33875 900 0 1508 1080
33876 909 0 1517 1080
33877 919 0 1527 1080
33878 932 0 1540 1080
33879 946 0 1554 1080
33880 962 0 1570 1080
33881 977 0 1585 1080
33882 990 0 1598 1080
33883 999 0 1607 1080
33884 1005 0 1613 1080
33885 1010 0 1618 1080
33886 1017 0 1625 1080
33887 1026 0 1634 1080
33888 1036 0 1644 1080
33889 1046 0 1654 1080
33890 1055 0 1663 1080
33891 1062 0 1670 1080
33892 1065 0 1673 1080
33893 1061 0 1669 1080
33894 1051 0 1659 1080
33895 1038 0 1646 1080
33896 1026 0 1634 1080
33897 1019 0 1627 1080
33898 1020 0 1628 1080
33899 1027 0 1635 1080
33900 1038 0 1646 1080
33901 1051 0 1659 1080
33902 1062 0 1670 1080
33903 1066 0 1674 1080
33904 1064 0 1672 1080
33905 1057 0 1665 1080
33906 1048 0 1656 1080
33907 1040 0 1648 1080
33908 1032 0 1640 1080
33909 1026 0 1634 1080
33910 1022 0 1630 1080
33911 1021 0 1629 1080
33912 1017 0 1625 1080
33913 1011 0 1619 1080
33914 1001 0 1609 1080
33915 991 0 1599 1080
33916 982 0 1590 1080
33917 977 0 1585 1080
33918 977 0 1585 1080
33919 980 0 1588 1080
33920 984 0 1592 1080
33921 989 0 1597 1080
33922 992 0 1600 1080
33923 991 0 1599 1080
33924 988 0 1596 1080
33925 985 0 1593 1080
33926 983 0 1591 1080
33927 982 0 1590 1080
33928 982 0 1590 1080
33929 983 0 1591 1080
33930 983 0 1591 1080
33931 981 0 1589 1080
33932 976 0 1584 1080
33933 969 0 1577 1080
33934 960 0 1568 1080
33935 952 0 1560 1080
33936 947 0 1555 1080
33937 945 0 1553 1080
33938 946 0 1554 1080
33939 949 0 1557 1080
33940 952 0 1560 1080
33941 953 0 1561 1080
33942 948 0 1556 1080
33943 938 0 1546 1080
33944 923 0 1531 1080
33945 907 0 1515 1080
33946 896 0 1504 1080
33947 891 0 1499 1080
33948 895 0 1503 1080
33949 905 0 1513 1080
33950 920 0 1528 1080
33951 937 0 1545 1080
33952 951 0 1559 1080
33953 960 0 1568 1080
33954 965 0 1573 1080
33955 966 0 1574 1080
33956 966 0 1574 1080
33957 965 0 1573 1080
33958 966 0 1574 1080
33959 969 0 1577 1080
33960 973 0 1581 1080
33961 979 0 1587 1080
33962 985 0 1593 1080
33963 991 0 1599 1080
33964 997 0 1605 1080
33965 1003 0 1611 1080
33966 1009 0 1617 1080
33967 1014 0 1622 1080
33968 1020 0 1628 1080
33969 1026 0 1634 1080
33970 1031 0 1639 1080
33971 1036 0 1644 1080
33972 1040 0 1648 1080
33973 1043 0 1651 1080
33974 1044 0 1652 1080
33975 1044 0 1652 1080
33976 1044 0 1652 1080
33977 1044 0 1652 1080
33978 1045 0 1653 1080
33979 1045 0 1653 1080
33980 1047 0 1655 1080
33981 1050 0 1658 1080
33982 1053 0 1661 1080
33983 1054 0 1662 1080
33984 1054 0 1662 1080
33985 1051 0 1659 1080
33986 1048 0 1656 1080
33987 1043 0 1651 1080
33988 1038 0 1646 1080
33989 1032 0 1640 1080
33990 1025 0 1633 1080
33991 1015 0 1623 1080
33992 1003 0 1611 1080
33993 984 0 1592 1080
33994 957 0 1565 1080
33995 926 0 1534 1080
33996 896 0 1504 1080
33997 872 0 1480 1080
33998 857 0 1465 1080
33999 827 0 1435 1080
34000 802 0 1410 1080
34001 782 0 1390 1080
34002 768 0 1376 1080
34003 758 0 1366 1080
34004 751 0 1359 1080
34005 736 0 1344 1080
34006 714 0 1322 1080
34007 669 0 1277 1080
34008 629 0 1237 1080
34009 595 0 1203 1080
34010 571 0 1179 1080
34011 556 0 1164 1080
34012 550 0 1158 1080
34013 546 0 1154 1080
34014 539 0 1147 1080
34015 530 0 1138 1080
34016 518 0 1126 1080
34017 501 0 1109 1080
34018 482 0 1090 1080
34019 460 0 1068 1080
34020 454 0 1062 1080
34021 430 0 1038 1080
34022 410 0 1018 1080
34023 393 0 1001 1080
34024 379 0 987 1080
34025 373 0 981 1080
34026 373 0 981 1080
34027 378 0 986 1080
34028 386 0 994 1080
34029 394 0 1002 1080
34030 397 0 1005 1080
34031 383 0 991 1080
34032 356 0 964 1080
34033 329 0 937 1080
34034 306 0 914 1080
34035 283 0 891 1080
34036 262 0 870 1080
34037 246 0 854 1080
34038 234 0 842 1080
34039 228 0 836 1080
34040 228 0 836 1080
34041 234 0 842 1080
34042 240 0 848 1080
34043 244 0 852 1080
34044 246 0 854 1080
34045 245 0 853 1080
34046 242 0 850 1080
34047 254 0 862 1080
34048 279 0 887 1080
34049 311 0 919 1080
34050 347 0 955 1080
34051 381 0 989 1080
34052 408 0 1016 1080
34053 460 0 1068 1080
34054 525 0 1133 1080
34055 587 0 1195 1080
34056 634 0 1242 1080
34057 661 0 1269 1080
34058 680 0 1288 1080
34059 698 0 1306 1080
34060 730 0 1338 1080
34061 776 0 1384 1080
34062 831 0 1439 1080
34063 892 0 1500 1080
34064 952 0 1560 1080
34065 1005 0 1613 1080
34066 1044 0 1652 1080
34067 1065 0 1673 1080
34068 1081 0 1689 1080
34069 1090 0 1698 1080
34070 1092 0 1700 1080
34071 1089 0 1697 1080
34072 1082 0 1690 1080
34073 1074 0 1682 1080
34074 1066 0 1674 1080
34075 1059 0 1667 1080
34076 1054 0 1662 1080
34077 1052 0 1660 1080
34078 1051 0 1659 1080
34079 1050 0 1658 1080
34080 1048 0 1656 1080
34081 1045 0 1653 1080
34082 1040 0 1648 1080
34083 1033 0 1641 1080
34084 1023 0 1631 1080
34085 1010 0 1618 1080
34086 990 0 1598 1080
34087 965 0 1573 1080
34088 936 0 1544 1080
34089 909 0 1517 1080
34090 886 0 1494 1080
34091 867 0 1475 1080
34092 847 0 1455 1080
34093 826 0 1434 1080
34094 803 0 1411 1080
34095 779 0 1387 1080
34096 758 0 1366 1080
34097 741 0 1349 1080
34098 726 0 1334 1080
34099 713 0 1321 1080
34100 703 0 1311 1080
34101 680 0 1288 1080
34102 643 0 1251 1080
34103 609 0 1217 1080
34104 580 0 1188 1080
34105 544 0 1152 1080
34106 506 0 1114 1080
34107 473 0 1081 1080
34108 463 0 1071 1080
34109 460 0 1068 1080
34110 447 0 1055 1080
34111 430 0 1038 1080
34112 409 0 1017 1080
34113 388 0 996 1080
34114 371 0 979 1080
34115 359 0 967 1080
34116 351 0 959 1080
34117 347 0 955 1080
34118 344 0 952 1080
34119 336 0 944 1080
34120 325 0 933 1080
34121 313 0 921 1080
34122 302 0 910 1080
34123 292 0 900 1080
34124 281 0 889 1080
34125 270 0 878 1080
34126 258 0 866 1080
34127 246 0 854 1080
34128 235 0 843 1080
34129 225 0 833 1080
34130 216 0 824 1080
34131 208 0 816 1080
34132 199 0 807 1080
34133 190 0 798 1080
34134 180 0 788 1080
34135 169 0 777 1080
34136 159 0 767 1080
34137 151 0 759 1080
34138 144 0 752 1080
34139 135 0 743 1080
34140 125 0 733 1080
34141 113 0 721 1080
34142 102 0 710 1080
34143 92 0 700 1080
34144 85 0 693 1080
34145 103 0 711 1080
34146 137 0 745 1080
34147 174 0 782 1080
34148 204 0 812 1080
34149 221 0 829 1080
34150 221 0 829 1080
34151 195 0 803 1080
34152 152 0 760 1080
34153 104 0 712 1080
34154 61 0 669 1080
34155 31 0 639 1080
34156 17 0 625 1080
34157 19 0 627 1080
34158 34 0 642 1080
34159 55 0 663 1080
34160 78 0 686 1080
34161 99 0 707 1080
34162 112 0 720 1080
34163 119 0 727 1080
34164 124 0 732 1080
34165 128 0 736 1080
34166 131 0 739 1080
34167 136 0 744 1080
34168 141 0 749 1080
34169 150 0 758 1080
34170 161 0 769 1080
34171 176 0 784 1080
34172 191 0 799 1080
34173 208 0 816 1080
34174 220 0 828 1080
34175 224 0 832 1080
34176 221 0 829 1080
34177 213 0 821 1080
34178 203 0 811 1080
34179 197 0 805 1080
34180 198 0 806 1080
34181 207 0 815 1080
34182 218 0 826 1080
34183 229 0 837 1080
34184 237 0 845 1080
34185 244 0 852 1080
34186 254 0 862 1080
34187 270 0 878 1080
34188 292 0 900 1080
34189 312 0 920 1080
34190 328 0 936 1080
34191 338 0 946 1080
34192 344 0 952 1080
34193 347 0 955 1080
34194 348 0 956 1080
34195 349 0 957 1080
34196 351 0 959 1080
34197 350 0 958 1080
34198 347 0 955 1080
34199 359 0 967 1080
34200 360 0 968 1080
34201 355 0 963 1080
34202 347 0 955 1080
34203 341 0 949 1080
34204 343 0 951 1080
34205 348 0 956 1080
34206 354 0 962 1080
34207 360 0 968 1080
34208 365 0 973 1080
34209 369 0 977 1080
34210 374 0 982 1080
34211 381 0 989 1080
34212 392 0 1000 1080
34213 400 0 1008 1080
34214 404 0 1012 1080
34215 421 0 1029 1080
34216 501 0 1109 1080
34217 541 0 1149 1080
34218 543 0 1151 1080
34219 523 0 1131 1080
34220 523 0 1131 1080
34221 538 0 1146 1080
34222 563 0 1171 1080
34223 594 0 1202 1080
34224 584 0 1192 1080
34225 542 0 1150 1080
34226 483 0 1091 1080
34227 424 0 1032 1080
34228 375 0 983 1080
34229 346 0 954 1080
34230 340 0 948 1080
34231 355 0 963 1080
34232 385 0 993 1080
34233 419 0 1027 1080
34234 452 0 1060 1080
34235 479 0 1087 1080
34236 497 0 1105 1080
34237 506 0 1114 1080
34238 504 0 1112 1080
34239 493 0 1101 1080
34240 475 0 1083 1080
34241 454 0 1062 1080
34242 434 0 1042 1080
34243 423 0 1031 1080
34244 420 0 1028 1080
34245 426 0 1034 1080
34246 438 0 1046 1080
34247 452 0 1060 1080
34248 464 0 1072 1080
34249 472 0 1080 1080
34250 474 0 1082 1080
34251 468 0 1076 1080
34252 456 0 1064 1080
34253 439 0 1047 1080
34254 415 0 1023 1080
34255 387 0 995 1080
34256 356 0 964 1080
34257 290 0 898 1080
34258 210 0 818 1080
34259 136 0 744 1080
34260 85 0 693 1080
34261 67 0 675 1080
34262 79 0 687 1080
34263 112 0 720 1080
34264 109 0 717 1080
34265 78 0 686 1080
34266 33 0 641 1080
34267 0 0 608 1080
34268 0 0 608 1080
34269 0 0 608 1080
34270 0 0 608 1080
34271 45 0 653 1080
34272 125 0 733 1080
34273 204 0 812 1080
34274 263 0 871 1080
34275 298 0 906 1080
34276 314 0 922 1080
34277 315 0 923 1080
34278 310 0 918 1080
34279 305 0 913 1080
34280 304 0 912 1080
34281 308 0 916 1080
34282 315 0 923 1080
34283 348 0 956 1080
34284 394 0 1002 1080
34285 442 0 1050 1080
34286 482 0 1090 1080
34287 509 0 1117 1080
34288 521 0 1129 1080
34289 519 0 1127 1080
34290 506 0 1114 1080
34291 487 0 1095 1080
34292 469 0 1077 1080
34293 485 0 1093 1080
34294 526 0 1134 1080
34295 583 0 1191 1080
34296 641 0 1249 1080
34297 691 0 1299 1080
34298 727 0 1335 1080
34299 747 0 1355 1080
34300 753 0 1361 1080
34301 746 0 1354 1080
34302 732 0 1340 1080
34303 716 0 1324 1080
34304 697 0 1305 1080
34305 683 0 1291 1080
34306 682 0 1290 1080
34307 692 0 1300 1080
34308 713 0 1321 1080
34309 741 0 1349 1080
34310 772 0 1380 1080
34311 802 0 1410 1080
34312 824 0 1432 1080
34313 837 0 1445 1080
34314 841 0 1449 1080
34315 837 0 1445 1080
34316 828 0 1436 1080
34317 818 0 1426 1080
34318 807 0 1415 1080
34319 798 0 1406 1080
34320 795 0 1403 1080
34321 796 0 1404 1080
34322 798 0 1406 1080
34323 798 0 1406 1080
34324 794 0 1402 1080
34325 784 0 1392 1080
34326 769 0 1377 1080
34327 762 0 1370 1080
34328 762 0 1370 1080
34329 767 0 1375 1080
34330 777 0 1385 1080
34331 791 0 1399 1080
34332 807 0 1415 1080
34333 821 0 1429 1080
34334 830 0 1438 1080
34335 835 0 1443 1080
34336 834 0 1442 1080
34337 830 0 1438 1080
34338 823 0 1431 1080
34339 817 0 1425 1080
34340 816 0 1424 1080
34341 816 0 1424 1080
34342 824 0 1432 1080
34343 854 0 1462 1080
34344 880 0 1488 1080
34345 896 0 1504 1080
34346 902 0 1510 1080
34347 910 0 1518 1080
34348 927 0 1535 1080
34349 949 0 1557 1080
34350 962 0 1570 1080
34351 973 0 1581 1080
34352 983 0 1591 1080
34353 991 0 1599 1080
34354 997 0 1605 1080
34355 1003 0 1611 1080
34356 1010 0 1618 1080
34357 1019 0 1627 1080
34358 1032 0 1640 1080
34359 1048 0 1656 1080
34360 1066 0 1674 1080
34361 1085 0 1693 1080
34362 1102 0 1710 1080
34363 1117 0 1725 1080
34364 1127 0 1735 1080
34365 1134 0 1742 1080
34366 1139 0 1747 1080
34367 1142 0 1750 1080
34368 1144 0 1752 1080
34369 1147 0 1755 1080
34370 1151 0 1759 1080
34371 1157 0 1765 1080
34372 1164 0 1772 1080
34373 1174 0 1782 1080
34374 1187 0 1795 1080
34375 1202 0 1810 1080
34376 1218 0 1826 1080
34377 1223 0 1831 1080
34378 1245 0 1853 1080
34379 1263 0 1871 1080
34380 1294 0 1902 1080
34381 1312 0 1920 1080
34382 1312 0 1920 1080
34383 1312 0 1920 1080
34384 1312 0 1920 1080
34385 1312 0 1920 1080
34386 1312 0 1920 1080
34387 1312 0 1920 1080
34388 1312 0 1920 1080
34389 1312 0 1920 1080
34390 1312 0 1920 1080
34391 1312 0 1920 1080
34392 1312 0 1920 1080
34393 1312 0 1920 1080
34394 1312 0 1920 1080
34395 1312 0 1920 1080
34396 1312 0 1920 1080
34397 1312 0 1920 1080
34398 1312 0 1920 1080
34399 1312 0 1920 1080
34400 1312 0 1920 1080
34401 1312 0 1920 1080
34402 1312 0 1920 1080
34403 1312 0 1920 1080
34404 1312 0 1920 1080
34405 1312 0 1920 1080
34406 1312 0 1920 1080
34407 1312 0 1920 1080
34408 1312 0 1920 1080
34409 1312 0 1920 1080
34410 1312 0 1920 1080
34411 1312 0 1920 1080
34412 1312 0 1920 1080
34413 1312 0 1920 1080
34414 1312 0 1920 1080
34415 1312 0 1920 1080
34416 1312 0 1920 1080
34417 1312 0 1920 1080
34418 1312 0 1920 1080
34419 1312 0 1920 1080
34420 1312 0 1920 1080
34421 1312 0 1920 1080
34422 1312 0 1920 1080
34423 1312 0 1920 1080
34424 1312 0 1920 1080
34425 1312 0 1920 1080
34426 1312 0 1920 1080
34427 1312 0 1920 1080
34428 1312 0 1920 1080
34429 1312 0 1920 1080
34430 1312 0 1920 1080
34431 1312 0 1920 1080
34432 1312 0 1920 1080
34433 1312 0 1920 1080
34434 1312 0 1920 1080
34435 1312 0 1920 1080
34436 1312 0 1920 1080
34437 1312 0 1920 1080
34438 1312 0 1920 1080
34439 1312 0 1920 1080
34440 1312 0 1920 1080
34441 1312 0 1920 1080
34442 1307 0 1915 1080
34443 1302 0 1910 1080
34444 1301 0 1909 1080
34445 1303 0 1911 1080
34446 1307 0 1915 1080
34447 1311 0 1919 1080
34448 1312 0 1920 1080
34449 1312 0 1920 1080
34450 1312 0 1920 1080
34451 1312 0 1920 1080
34452 1306 0 1914 1080
34453 1297 0 1905 1080
34454 1288 0 1896 1080
34455 1279 0 1887 1080
34456 1272 0 1880 1080
34457 1268 0 1876 1080
34458 1265 0 1873 1080
34459 1262 0 1870 1080
34460 1259 0 1867 1080
34461 1256 0 1864 1080
34462 1251 0 1859 1080
34463 1247 0 1855 1080
34464 1243 0 1851 1080
34465 1239 0 1847 1080
34466 1237 0 1845 1080
34467 1236 0 1844 1080
34468 1236 0 1844 1080
34469 1237 0 1845 1080
34470 1240 0 1848 1080
34471 1243 0 1851 1080
34472 1247 0 1855 1080
34473 1250 0 1858 1080
34474 1251 0 1859 1080
34475 1250 0 1858 1080
34476 1248 0 1856 1080
34477 1243 0 1851 1080
34478 1238 0 1846 1080
34479 1233 0 1841 1080
34480 1231 0 1839 1080
34481 1232 0 1840 1080
34482 1243 0 1851 1080
34483 1252 0 1860 1080
34484 1259 0 1867 1080
34485 1261 0 1869 1080
34486 1259 0 1867 1080
34487 1254 0 1862 1080
34488 1245 0 1853 1080
34489 1235 0 1843 1080
34490 1217 0 1825 1080
34491 1209 0 1817 1080
34492 1199 0 1807 1080
34493 1193 0 1801 1080
34494 1191 0 1799 1080
34495 1192 0 1800 1080
34496 1193 0 1801 1080
34497 1196 0 1804 1080
34498 1201 0 1809 1080
34499 1208 0 1816 1080
34500 1216 0 1824 1080
34501 1225 0 1833 1080
34502 1234 0 1842 1080
34503 1242 0 1850 1080
34504 1250 0 1858 1080
34505 1256 0 1864 1080
34506 1260 0 1868 1080
34507 1263 0 1871 1080
34508 1265 0 1873 1080
34509 1283 0 1891 1080
34510 1309 0 1917 1080
34511 1312 0 1920 1080
34512 1312 0 1920 1080
34513 1312 0 1920 1080
34514 1312 0 1920 1080
34515 1312 0 1920 1080
34516 1312 0 1920 1080
34517 1312 0 1920 1080
34518 1312 0 1920 1080
34519 1312 0 1920 1080
34520 1312 0 1920 1080
34521 1312 0 1920 1080
34522 1312 0 1920 1080
34523 1312 0 1920 1080
34524 1312 0 1920 1080
34525 1312 0 1920 1080
34526 1312 0 1920 1080
34527 1312 0 1920 1080
34528 1312 0 1920 1080
34529 1307 0 1915 1080
34530 1292 0 1900 1080
34531 1285 0 1893 1080
34532 1285 0 1893 1080
34533 1288 0 1896 1080
34534 1292 0 1900 1080
34535 1298 0 1906 1080
34536 1303 0 1911 1080
34537 1267 0 1875 1080
34538 1202 0 1810 1080
34539 1125 0 1733 1080
34540 1052 0 1660 1080
34541 995 0 1603 1080
34542 970 0 1578 1080
34543 974 0 1582 1080
34544 1000 0 1608 1080
34545 1037 0 1645 1080
34546 1075 0 1683 1080
34547 1105 0 1713 1080
34548 1169 0 1777 1080
34549 1245 0 1853 1080
34550 1269 0 1877 1080
34551 1245 0 1853 1080
34552 1187 0 1795 1080
34553 1113 0 1721 1080
34554 1038 0 1646 1080
34555 978 0 1586 1080
34556 940 0 1548 1080
34557 926 0 1534 1080
34558 926 0 1534 1080
34559 938 0 1546 1080
34560 960 0 1568 1080
34561 993 0 1601 1080
34562 1027 0 1635 1080
34563 1056 0 1664 1080
34564 1073 0 1681 1080
34565 1082 0 1690 1080
34566 1078 0 1686 1080
34567 1073 0 1681 1080
34568 1068 0 1676 1080
34569 1064 0 1672 1080
34570 1062 0 1670 1080
34571 1071 0 1679 1080
34572 1090 0 1698 1080
34573 1115 0 1723 1080
34574 1154 0 1762 1080
34575 1185 0 1793 1080
34576 1204 0 1812 1080
34577 1217 0 1825 1080
34578 1216 0 1824 1080
34579 1204 0 1812 1080
34580 1186 0 1794 1080
34581 1167 0 1775 1080
34582 1150 0 1758 1080
34583 1140 0 1748 1080
34584 1136 0 1744 1080
34585 1139 0 1747 1080
34586 1146 0 1754 1080
34587 1156 0 1764 1080
34588 1155 0 1763 1080
34589 1158 0 1766 1080
34590 1166 0 1774 1080
34591 1177 0 1785 1080
34592 1187 0 1795 1080
34593 1196 0 1804 1080
34594 1204 0 1812 1080
34595 1208 0 1816 1080
34596 1206 0 1814 1080
34597 1195 0 1803 1080
34598 1172 0 1780 1080
34599 1145 0 1753 1080
34600 1118 0 1726 1080
34601 1094 0 1702 1080
34602 1076 0 1684 1080
34603 1063 0 1671 1080
34604 1056 0 1664 1080
34605 1087 0 1695 1080
34606 1107 0 1715 1080
34607 1114 0 1722 1080
34608 1108 0 1716 1080
34609 1037 0 1645 1080
34610 957 0 1565 1080
34611 877 0 1485 1080
34612 797 0 1405 1080
34613 717 0 1325 1080
34614 639 0 1247 1080
34615 574 0 1182 1080
34616 526 0 1134 1080
34617 496 0 1104 1080
34618 482 0 1090 1080
34619 562 0 1170 1080
34620 612 0 1220 1080
34621 623 0 1231 1080
34622 596 0 1204 1080
34623 538 0 1146 1080
34624 461 0 1069 1080
34625 381 0 989 1080
34626 461 0 1069 1080
34627 495 0 1103 1080
34628 481 0 1089 1080
34629 425 0 1033 1080
34630 345 0 953 1080
34631 265 0 873 1080
34632 191 0 799 1080
34633 148 0 756 1080
34634 139 0 747 1080
34635 149 0 757 1080
34636 177 0 785 1080
34637 220 0 828 1080
34638 276 0 884 1080
34639 338 0 946 1080
34640 395 0 1003 1080
34641 468 0 1076 1080
34642 544 0 1152 1080
34643 609 0 1217 1080
34644 653 0 1261 1080
34645 673 0 1281 1080
34646 669 0 1277 1080
34647 652 0 1260 1080
34648 630 0 1238 1080
34649 610 0 1218 1080
34650 599 0 1207 1080
34651 582 0 1190 1080
34652 578 0 1186 1080
34653 599 0 1207 1080
34654 595 0 1203 1080
34655 610 0 1218 1080
34656 636 0 1244 1080
34657 665 0 1273 1080
34658 705 0 1313 1080
34659 748 0 1356 1080
34660 790 0 1398 1080
34661 825 0 1433 1080
34662 852 0 1460 1080
34663 870 0 1478 1080
34664 880 0 1488 1080
34665 883 0 1491 1080
34666 884 0 1492 1080
34667 884 0 1492 1080
34668 882 0 1490 1080
34669 962 0 1570 1080
34670 1014 0 1622 1080
34671 1036 0 1644 1080
34672 1034 0 1642 1080
34673 1014 0 1622 1080
34674 984 0 1592 1080
34675 958 0 1566 1080
34676 943 0 1551 1080
34677 938 0 1546 1080
34678 952 0 1560 1080
34679 977 0 1585 1080
34680 1013 0 1621 1080
34681 1051 0 1659 1080
34682 1104 0 1712 1080
34683 1149 0 1757 1080
34684 1200 0 1808 1080
34685 1249 0 1857 1080
34686 1293 0 1901 1080
34687 1312 0 1920 1080
34688 1312 0 1920 1080
34689 1312 0 1920 1080
34690 1312 0 1920 1080
34691 1312 0 1920 1080
34692 1312 0 1920 1080
34693 1312 0 1920 1080
34694 1312 0 1920 1080
34695 1312 0 1920 1080
34696 1312 0 1920 1080
34697 1312 0 1920 1080
34698 1312 0 1920 1080
34699 1312 0 1920 1080
34700 1312 0 1920 1080
34701 1312 0 1920 1080
34702 1312 0 1920 1080
34703 1309 0 1917 1080
34704 1229 0 1837 1080
34705 1158 0 1766 1080
34706 1115 0 1723 1080
34707 1101 0 1709 1080
34708 1115 0 1723 1080
34709 1144 0 1752 1080
34710 1224 0 1832 1080
34711 1304 0 1912 1080
34712 1312 0 1920 1080
34713 1312 0 1920 1080
34714 1312 0 1920 1080
34715 1312 0 1920 1080
34716 1312 0 1920 1080
34717 1312 0 1920 1080
34718 1312 0 1920 1080
34719 1312 0 1920 1080
34720 1312 0 1920 1080
34721 1312 0 1920 1080
34722 1312 0 1920 1080
34723 1312 0 1920 1080
34724 1312 0 1920 1080
34725 1312 0 1920 1080
34726 1312 0 1920 1080
34727 1312 0 1920 1080
34728 1312 0 1920 1080
34729 1312 0 1920 1080
34730 1312 0 1920 1080
34731 1312 0 1920 1080
34732 1312 0 1920 1080
34733 1312 0 1920 1080
34734 1312 0 1920 1080
34735 1312 0 1920 1080
34736 1312 0 1920 1080
34737 1312 0 1920 1080
34738 1312 0 1920 1080
34739 1312 0 1920 1080
34740 1312 0 1920 1080
34741 1312 0 1920 1080
34742 1291 0 1899 1080
34743 1212 0 1820 1080
34744 1149 0 1757 1080
34745 1112 0 1720 1080
34746 1103 0 1711 1080
34747 1120 0 1728 1080
34748 1156 0 1764 1080
34749 1201 0 1809 1080
34750 1243 0 1851 1080
34751 1275 0 1883 1080
34752 1293 0 1901 1080
34753 1298 0 1906 1080
34754 1291 0 1899 1080
34755 1276 0 1884 1080
34756 1258 0 1866 1080
34757 1241 0 1849 1080
34758 1227 0 1835 1080
34759 1218 0 1826 1080
34760 1216 0 1824 1080
34761 1219 0 1827 1080
34762 1226 0 1834 1080
34763 1234 0 1842 1080
34764 1242 0 1850 1080
34765 1248 0 1856 1080
34766 1251 0 1859 1080
34767 1250 0 1858 1080
34768 1247 0 1855 1080
34769 1241 0 1849 1080
34770 1234 0 1842 1080
34771 1225 0 1833 1080
34772 1218 0 1826 1080
34773 1213 0 1821 1080
34774 1211 0 1819 1080
34775 1268 0 1876 1080
34776 1312 0 1920 1080
34777 1312 0 1920 1080
34778 1312 0 1920 1080
34779 1312 0 1920 1080
34780 1312 0 1920 1080
34781 1312 0 1920 1080
34782 1312 0 1920 1080
34783 1312 0 1920 1080
34784 1312 0 1920 1080
34785 1312 0 1920 1080
34786 1312 0 1920 1080
34787 1312 0 1920 1080
34788 1312 0 1920 1080
34789 1312 0 1920 1080
34790 1312 0 1920 1080
34791 1312 0 1920 1080
34792 1312 0 1920 1080
34793 1312 0 1920 1080
34794 1312 0 1920 1080
34795 1312 0 1920 1080
34796 1312 0 1920 1080
34797 1312 0 1920 1080
34798 1312 0 1920 1080
34799 1312 0 1920 1080
34800 1312 0 1920 1080
34801 1312 0 1920 1080
34802 1312 0 1920 1080
34803 1312 0 1920 1080
34804 1312 0 1920 1080
34805 1312 0 1920 1080
34806 1312 0 1920 1080
34807 1312 0 1920 1080
34808 1312 0 1920 1080
34809 1312 0 1920 1080
34810 1312 0 1920 1080
34811 1312 0 1920 1080
34812 1312 0 1920 1080
34813 1312 0 1920 1080
34814 1312 0 1920 1080
34815 1312 0 1920 1080
34816 1312 0 1920 1080
34817 1312 0 1920 1080
34818 1312 0 1920 1080
34819 1312 0 1920 1080
34820 1312 0 1920 1080
34821 1312 0 1920 1080
34822 1312 0 1920 1080
34823 1312 0 1920 1080
34824 1312 0 1920 1080
34825 1312 0 1920 1080
34826 1312 0 1920 1080
34827 1312 0 1920 1080
34828 1312 0 1920 1080
34829 1312 0 1920 1080
34830 1312 0 1920 1080
34831 1312 0 1920 1080
34832 1312 0 1920 1080
34833 1312 0 1920 1080
34834 1312 0 1920 1080
34835 1312 0 1920 1080
34836 1312 0 1920 1080
34837 1312 0 1920 1080
34838 1312 0 1920 1080
34839 1312 0 1920 1080
34840 1312 0 1920 1080
34841 1312 0 1920 1080
34842 1312 0 1920 1080
34843 1312 0 1920 1080
34844 1312 0 1920 1080
34845 1312 0 1920 1080
34846 1312 0 1920 1080
34847 1312 0 1920 1080
34848 1312 0 1920 1080
34849 1312 0 1920 1080
34850 1312 0 1920 1080
34851 1312 0 1920 1080
34852 1312 0 1920 1080
34853 1312 0 1920 1080
34854 1312 0 1920 1080
34855 1312 0 1920 1080
34856 1312 0 1920 1080
34857 1312 0 1920 1080
34858 1312 0 1920 1080
34859 1312 0 1920 1080
34860 1312 0 1920 1080
34861 1312 0 1920 1080
34862 1312 0 1920 1080
34863 1312 0 1920 1080
34864 1312 0 1920 1080
34865 1312 0 1920 1080
34866 1312 0 1920 1080
34867 1312 0 1920 1080
34868 1312 0 1920 1080
34869 1312 0 1920 1080
34870 1312 0 1920 1080
34871 1312 0 1920 1080
34872 1312 0 1920 1080
34873 1312 0 1920 1080
34874 1312 0 1920 1080
34875 1312 0 1920 1080
34876 1312 0 1920 1080
34877 1312 0 1920 1080
34878 1312 0 1920 1080
34879 1312 0 1920 1080
34880 1312 0 1920 1080
34881 1312 0 1920 1080
34882 1312 0 1920 1080
34883 1312 0 1920 1080
34884 1312 0 1920 1080
34885 1312 0 1920 1080
34886 1312 0 1920 1080
34887 1312 0 1920 1080
34888 1312 0 1920 1080
34889 1312 0 1920 1080
34890 1312 0 1920 1080
34891 1312 0 1920 1080
34892 1312 0 1920 1080
34893 1312 0 1920 1080
34894 1312 0 1920 1080
34895 1312 0 1920 1080
34896 1312 0 1920 1080
34897 1312 0 1920 1080
34898 1312 0 1920 1080
34899 1296 0 1904 1080
34900 1216 0 1824 1080
34901 1136 0 1744 1080
34902 1056 0 1664 1080
34903 1050 0 1658 1080
34904 1130 0 1738 1080
34905 1210 0 1818 1080
34906 1290 0 1898 1080
34907 1312 0 1920 1080
34908 1312 0 1920 1080
34909 1312 0 1920 1080
34910 1312 0 1920 1080
34911 1312 0 1920 1080
34912 1312 0 1920 1080
34913 1312 0 1920 1080
34914 1312 0 1920 1080
34915 1312 0 1920 1080
34916 1312 0 1920 1080
34917 1312 0 1920 1080
34918 1312 0 1920 1080
34919 1312 0 1920 1080
34920 1312 0 1920 1080
34921 1312 0 1920 1080
34922 1312 0 1920 1080
34923 1312 0 1920 1080
34924 1312 0 1920 1080
34925 1312 0 1920 1080
34926 1312 0 1920 1080
34927 1312 0 1920 1080
34928 1312 0 1920 1080
34929 1312 0 1920 1080
34930 1312 0 1920 1080
34931 1312 0 1920 1080
34932 1312 0 1920 1080
34933 1312 0 1920 1080
34934 1312 0 1920 1080
34935 1312 0 1920 1080
34936 1312 0 1920 1080
34937 1312 0 1920 1080
34938 1312 0 1920 1080
34939 1312 0 1920 1080
34940 1312 0 1920 1080
34941 1312 0 1920 1080
34942 1312 0 1920 1080
34943 1312 0 1920 1080
34944 1312 0 1920 1080
34945 1312 0 1920 1080
34946 1312 0 1920 1080
34947 1312 0 1920 1080
34948 1312 0 1920 1080
34949 1312 0 1920 1080
34950 1312 0 1920 1080
34951 1312 0 1920 1080
34952 1312 0 1920 1080
34953 1312 0 1920 1080
34954 1312 0 1920 1080
34955 1312 0 1920 1080
34956 1312 0 1920 1080
34957 1312 0 1920 1080
34958 1312 0 1920 1080
34959 1312 0 1920 1080
34960 1312 0 1920 1080
34961 1312 0 1920 1080
34962 1312 0 1920 1080
34963 1312 0 1920 1080
34964 1312 0 1920 1080
34965 1312 0 1920 1080
34966 1312 0 1920 1080
34967 1312 0 1920 1080
34968 1312 0 1920 1080
34969 1312 0 1920 1080
34970 1312 0 1920 1080
34971 1312 0 1920 1080
34972 1312 0 1920 1080
34973 1312 0 1920 1080
34974 1312 0 1920 1080
34975 1312 0 1920 1080
34976 1312 0 1920 1080
34977 1312 0 1920 1080
34978 1312 0 1920 1080
34979 1312 0 1920 1080
34980 1312 0 1920 1080
34981 1312 0 1920 1080
34982 1312 0 1920 1080
34983 1312 0 1920 1080
34984 1312 0 1920 1080
34985 1312 0 1920 1080
34986 1312 0 1920 1080
34987 1312 0 1920 1080
34988 1312 0 1920 1080
34989 1312 0 1920 1080
34990 1312 0 1920 1080
34991 1312 0 1920 1080
34992 1308 0 1916 1080
34993 1295 0 1903 1080
34994 1284 0 1892 1080
34995 1280 0 1888 1080
34996 1281 0 1889 1080
34997 1288 0 1896 1080
34998 1298 0 1906 1080
34999 1307 0 1915 1080
35000 1312 0 1920 1080
35001 1312 0 1920 1080
35002 1312 0 1920 1080
35003 1312 0 1920 1080
35004 1312 0 1920 1080
35005 1312 0 1920 1080
35006 1312 0 1920 1080
35007 1312 0 1920 1080
35008 1312 0 1920 1080
35009 1312 0 1920 1080
35010 1312 0 1920 1080
35011 1312 0 1920 1080
35012 1312 0 1920 1080
35013 1312 0 1920 1080
35014 1312 0 1920 1080
35015 1312 0 1920 1080
35016 1312 0 1920 1080
35017 1312 0 1920 1080
35018 1312 0 1920 1080
35019 1312 0 1920 1080
35020 1312 0 1920 1080
35021 1312 0 1920 1080
35022 1312 0 1920 1080
35023 1312 0 1920 1080
35024 1312 0 1920 1080
35025 1312 0 1920 1080
35026 1312 0 1920 1080
35027 1312 0 1920 1080
35028 1312 0 1920 1080
35029 1312 0 1920 1080
35030 1312 0 1920 1080
35031 1312 0 1920 1080
35032 1312 0 1920 1080
35033 1312 0 1920 1080
35034 1312 0 1920 1080
35035 1312 0 1920 1080
35036 1312 0 1920 1080
35037 1312 0 1920 1080
35038 1312 0 1920 1080
35039 1312 0 1920 1080
35040 1312 0 1920 1080
35041 1312 0 1920 1080
35042 1312 0 1920 1080
35043 1312 0 1920 1080
35044 1312 0 1920 1080
35045 1312 0 1920 1080
35046 1312 0 1920 1080
35047 1312 0 1920 1080
35048 1312 0 1920 1080
35049 1312 0 1920 1080
35050 1306 0 1914 1080
35051 1296 0 1904 1080
35052 1287 0 1895 1080
35053 1279 0 1887 1080
35054 1271 0 1879 1080
35055 1261 0 1869 1080
35056 1250 0 1858 1080
35057 1235 0 1843 1080
35058 1217 0 1825 1080
35059 1199 0 1807 1080
35060 1184 0 1792 1080
35061 1173 0 1781 1080
35062 1102 0 1710 1080
35063 1022 0 1630 1080
35064 942 0 1550 1080
35065 862 0 1470 1080
35066 799 0 1407 1080
35067 756 0 1364 1080
35068 737 0 1345 1080
35069 740 0 1348 1080
35070 720 0 1328 1080
35071 684 0 1292 1080
35072 643 0 1251 1080
35073 606 0 1214 1080
35074 584 0 1192 1080
35075 578 0 1186 1080
35076 590 0 1198 1080
35077 615 0 1223 1080
35078 648 0 1256 1080
35079 682 0 1290 1080
35080 713 0 1321 1080
35081 736 0 1344 1080
35082 750 0 1358 1080
35083 756 0 1364 1080
35084 755 0 1363 1080
35085 752 0 1360 1080
35086 747 0 1355 1080
35087 746 0 1354 1080
35088 750 0 1358 1080
35089 759 0 1367 1080
35090 773 0 1381 1080
35091 790 0 1398 1080
35092 806 0 1414 1080
35093 821 0 1429 1080
35094 831 0 1439 1080
35095 836 0 1444 1080
35096 837 0 1445 1080
35097 835 0 1443 1080
35098 831 0 1439 1080
35099 814 0 1422 1080
35100 734 0 1342 1080
35101 676 0 1284 1080
35102 648 0 1256 1080
35103 650 0 1258 1080
35104 675 0 1283 1080
35105 716 0 1324 1080
35106 760 0 1368 1080
35107 694 0 1302 1080
35108 659 0 1267 1080
35109 655 0 1263 1080
35110 679 0 1287 1080
35111 720 0 1328 1080
35112 767 0 1375 1080
35113 810 0 1418 1080
35114 735 0 1343 1080
35115 655 0 1263 1080
35116 575 0 1183 1080
35117 495 0 1103 1080
35118 415 0 1023 1080
35119 335 0 943 1080
35120 258 0 866 1080
35121 200 0 808 1080
35122 168 0 776 1080
35123 164 0 772 1080
35124 182 0 790 1080
35125 262 0 870 1080
35126 329 0 937 1080
35127 370 0 978 1080
35128 384 0 992 1080
35129 372 0 980 1080
35130 343 0 951 1080
35131 273 0 881 1080
35132 193 0 801 1080
35133 113 0 721 1080
35134 33 0 641 1080
35135 0 0 608 1080
35136 0 0 608 1080
35137 0 0 608 1080
35138 0 0 608 1080
35139 0 0 608 1080
35140 0 0 608 1080
35141 0 0 608 1080
35142 0 0 608 1080
35143 0 0 608 1080
35144 57 0 665 1080
35145 137 0 745 1080
35146 217 0 825 1080
35147 297 0 905 1080
35148 377 0 985 1080
35149 457 0 1065 1080
35150 537 0 1145 1080
35151 617 0 1225 1080
35152 686 0 1294 1080
35153 727 0 1335 1080
35154 732 0 1340 1080
35155 706 0 1314 1080
35156 654 0 1262 1080
35157 590 0 1198 1080
35158 529 0 1137 1080
35159 475 0 1083 1080
35160 435 0 1043 1080
35161 414 0 1022 1080
35162 408 0 1016 1080
35163 415 0 1023 1080
35164 429 0 1037 1080
35165 446 0 1054 1080
35166 462 0 1070 1080
35167 472 0 1080 1080
35168 475 0 1083 1080
35169 470 0 1078 1080
35170 457 0 1065 1080
35171 438 0 1046 1080
35172 416 0 1024 1080
35173 395 0 1003 1080
35174 377 0 985 1080
35175 365 0 973 1080
35176 362 0 970 1080
35177 364 0 972 1080
35178 372 0 980 1080
35179 381 0 989 1080
35180 388 0 996 1080
35181 387 0 995 1080
35182 377 0 985 1080
35183 354 0 962 1080
35184 322 0 930 1080
35185 286 0 894 1080
35186 242 0 850 1080
35187 191 0 799 1080
35188 160 0 768 1080
35189 151 0 759 1080
35190 160 0 768 1080
35191 180 0 788 1080
35192 202 0 810 1080
35193 210 0 818 1080
35194 204 0 812 1080
35195 188 0 796 1080
35196 168 0 776 1080
35197 147 0 755 1080
35198 129 0 737 1080
35199 115 0 723 1080
35200 105 0 713 1080
35201 99 0 707 1080
35202 96 0 704 1080
35203 93 0 701 1080
35204 92 0 700 1080
35205 90 0 698 1080
35206 85 0 693 1080
35207 80 0 688 1080
35208 76 0 684 1080
35209 72 0 680 1080
35210 68 0 676 1080
35211 64 0 672 1080
35212 85 0 693 1080
35213 122 0 730 1080
35214 165 0 773 1080
35215 205 0 813 1080
35216 241 0 849 1080
35217 266 0 874 1080
35218 277 0 885 1080
35219 275 0 883 1080
35220 258 0 866 1080
35221 232 0 840 1080
35222 205 0 813 1080
35223 180 0 788 1080
35224 161 0 769 1080
35225 164 0 772 1080
35226 184 0 792 1080
35227 214 0 822 1080
35228 247 0 855 1080
35229 275 0 883 1080
35230 294 0 902 1080
35231 303 0 911 1080
35232 303 0 911 1080
35233 297 0 905 1080
35234 288 0 896 1080
35235 280 0 888 1080
35236 274 0 882 1080
35237 273 0 881 1080
35238 275 0 883 1080
35239 281 0 889 1080
35240 271 0 879 1080
35241 265 0 873 1080
35242 205 0 813 1080
35243 159 0 767 1080
35244 135 0 743 1080
35245 149 0 757 1080
35246 192 0 800 1080
35247 254 0 862 1080
35248 321 0 929 1080
35249 381 0 989 1080
35250 428 0 1036 1080
35251 457 0 1065 1080
35252 471 0 1079 1080
35253 475 0 1083 1080
35254 473 0 1081 1080
35255 481 0 1089 1080
35256 561 0 1169 1080
35257 641 0 1249 1080
35258 721 0 1329 1080
35259 801 0 1409 1080
35260 881 0 1489 1080
35261 961 0 1569 1080
35262 1041 0 1649 1080
35263 1121 0 1729 1080
35264 1201 0 1809 1080
35265 1281 0 1889 1080
35266 1312 0 1920 1080
35267 1312 0 1920 1080
35268 1312 0 1920 1080
35269 1281 0 1889 1080
35270 1201 0 1809 1080
35271 1121 0 1729 1080
35272 1041 0 1649 1080
35273 961 0 1569 1080
35274 881 0 1489 1080
35275 872 0 1480 1080
35276 792 0 1400 1080
35277 712 0 1320 1080
35278 632 0 1240 1080
35279 552 0 1160 1080
35280 472 0 1080 1080
35281 392 0 1000 1080
35282 312 0 920 1080
35283 246 0 854 1080
35284 177 0 785 1080
35285 122 0 730 1080
35286 90 0 698 1080
35287 170 0 778 1080
35288 236 0 844 1080
35289 283 0 891 1080
35290 308 0 916 1080
35291 310 0 918 1080
35292 295 0 903 1080
35293 269 0 877 1080
35294 239 0 847 1080
35295 211 0 819 1080
35296 192 0 800 1080
35297 136 0 744 1080
35298 62 0 670 1080
35299 0 0 608 1080
35300 0 0 608 1080
35301 0 0 608 1080
35302 0 0 608 1080
35303 0 0 608 1080
35304 0 0 608 1080
35305 66 0 674 1080
35306 146 0 754 1080
35307 226 0 834 1080
35308 306 0 914 1080
35309 386 0 994 1080
35310 466 0 1074 1080
35311 544 0 1152 1080
35312 613 0 1221 1080
35313 660 0 1268 1080
35314 662 0 1270 1080
35315 644 0 1252 1080
35316 611 0 1219 1080
35317 575 0 1183 1080
35318 495 0 1103 1080
35319 415 0 1023 1080
35320 335 0 943 1080
35321 255 0 863 1080
35322 175 0 783 1080
35323 255 0 863 1080
35324 263 0 871 1080
35325 210 0 818 1080
35326 130 0 738 1080
35327 50 0 658 1080
35328 0 0 608 1080
35329 0 0 608 1080
35330 0 0 608 1080
35331 43 0 651 1080
35332 73 0 681 1080
35333 73 0 681 1080
35334 48 0 656 1080
35335 9 0 617 1080
35336 0 0 608 1080
35337 46 0 654 1080
35338 89 0 697 1080
35339 95 0 703 1080
35340 68 0 676 1080
35341 21 0 629 1080
35342 0 0 608 1080
35343 0 0 608 1080
35344 0 0 608 1080
35345 47 0 655 1080
35346 64 0 672 1080
35347 50 0 658 1080
35348 13 0 621 1080
35349 0 0 608 1080
35350 0 0 608 1080
35351 0 0 608 1080
35352 46 0 654 1080
35353 58 0 666 1080
35354 38 0 646 1080
35355 0 0 608 1080
35356 0 0 608 1080
35357 0 0 608 1080
35358 0 0 608 1080
35359 26 0 634 1080
35360 40 0 648 1080
35361 34 0 642 1080
35362 14 0 622 1080
35363 0 0 608 1080
35364 0 0 608 1080
35365 0 0 608 1080
35366 0 0 608 1080
35367 0 0 608 1080
35368 0 0 608 1080
35369 0 0 608 1080
35370 0 0 608 1080
35371 0 0 608 1080
35372 0 0 608 1080
35373 0 0 608 1080
35374 0 0 608 1080
35375 0 0 608 1080
35376 0 0 608 1080
35377 0 0 608 1080
35378 0 0 608 1080
35379 0 0 608 1080
35380 0 0 608 1080
35381 0 0 608 1080
35382 0 0 608 1080
35383 11 0 619 1080
35384 24 0 632 1080
35385 32 0 640 1080
35386 34 0 642 1080
35387 32 0 640 1080
35388 28 0 636 1080
35389 22 0 630 1080
35390 17 0 625 1080
35391 16 0 624 1080
35392 22 0 630 1080
35393 33 0 641 1080
35394 45 0 653 1080
35395 55 0 663 1080
35396 59 0 667 1080
35397 56 0 664 1080
35398 51 0 659 1080
35399 44 0 652 1080
35400 36 0 644 1080
35401 31 0 639 1080
35402 31 0 639 1080
35403 34 0 642 1080
35404 39 0 647 1080
35405 42 0 650 1080
35406 44 0 652 1080
35407 43 0 651 1080
35408 42 0 650 1080
35409 38 0 646 1080
35410 36 0 644 1080
35411 36 0 644 1080
35412 42 0 650 1080
35413 51 0 659 1080
35414 61 0 669 1080
35415 69 0 677 1080
35416 74 0 682 1080
35417 75 0 683 1080
35418 72 0 680 1080
35419 70 0 678 1080
35420 70 0 678 1080
35421 72 0 680 1080
35422 73 0 681 1080
35423 72 0 680 1080
35424 70 0 678 1080
35425 66 0 674 1080
35426 63 0 671 1080
35427 61 0 669 1080
35428 61 0 669 1080
35429 62 0 670 1080
35430 63 0 671 1080
35431 65 0 673 1080
35432 71 0 679 1080
35433 80 0 688 1080
35434 92 0 700 1080
35435 104 0 712 1080
35436 116 0 724 1080
35437 125 0 733 1080
35438 132 0 740 1080
35439 134 0 742 1080
35440 132 0 740 1080
35441 125 0 733 1080
35442 116 0 724 1080
35443 106 0 714 1080
35444 96 0 704 1080
35445 91 0 699 1080
35446 91 0 699 1080
35447 99 0 707 1080
35448 111 0 719 1080
35449 124 0 732 1080
35450 137 0 745 1080
35451 146 0 754 1080
35452 151 0 759 1080
35453 152 0 760 1080
35454 152 0 760 1080
35455 150 0 758 1080
35456 149 0 757 1080
35457 148 0 756 1080
35458 147 0 755 1080
35459 147 0 755 1080
35460 148 0 756 1080
35461 148 0 756 1080
35462 153 0 761 1080
35463 157 0 765 1080
35464 161 0 769 1080
35465 165 0 773 1080
35466 169 0 777 1080
35467 172 0 780 1080
35468 175 0 783 1080
35469 182 0 790 1080
35470 189 0 797 1080
35471 195 0 803 1080
35472 200 0 808 1080
35473 203 0 811 1080
35474 204 0 812 1080
35475 202 0 810 1080
35476 203 0 811 1080
35477 201 0 809 1080
35478 197 0 805 1080
35479 192 0 800 1080
35480 188 0 796 1080
35481 184 0 792 1080
35482 181 0 789 1080
35483 184 0 792 1080
35484 192 0 800 1080
35485 201 0 809 1080
35486 211 0 819 1080
35487 216 0 824 1080
35488 245 0 853 1080
35489 286 0 894 1080
35490 326 0 934 1080
35491 360 0 968 1080
35492 380 0 988 1080
35493 384 0 992 1080
35494 375 0 983 1080
35495 357 0 965 1080
35496 308 0 916 1080
35497 247 0 855 1080
35498 192 0 800 1080
35499 154 0 762 1080
35500 139 0 747 1080
35501 151 0 759 1080
35502 185 0 793 1080
35503 233 0 841 1080
35504 284 0 892 1080
35505 331 0 939 1080
35506 368 0 976 1080
35507 393 0 1001 1080
35508 405 0 1013 1080
35509 408 0 1016 1080
35510 452 0 1060 1080
35511 525 0 1133 1080
35512 605 0 1213 1080
35513 685 0 1293 1080
35514 758 0 1366 1080
35515 818 0 1426 1080
35516 859 0 1467 1080
35517 884 0 1492 1080
35518 896 0 1504 1080
35519 901 0 1509 1080
35520 906 0 1514 1080
35521 915 0 1523 1080
35522 931 0 1539 1080
35523 955 0 1563 1080
35524 987 0 1595 1080
35525 1024 0 1632 1080
35526 1063 0 1671 1080
35527 1102 0 1710 1080
35528 1137 0 1745 1080
35529 1169 0 1777 1080
35530 1197 0 1805 1080
35531 1222 0 1830 1080
35532 1245 0 1853 1080
35533 1247 0 1855 1080
35534 1229 0 1837 1080
35535 1200 0 1808 1080
35536 1166 0 1774 1080
35537 1134 0 1742 1080
35538 1111 0 1719 1080
35539 1098 0 1706 1080
35540 1086 0 1694 1080
35541 1078 0 1686 1080
35542 1074 0 1682 1080
35543 1071 0 1679 1080
35544 1069 0 1677 1080
35545 1068 0 1676 1080
35546 1068 0 1676 1080
35547 1069 0 1677 1080
35548 1070 0 1678 1080
35549 1071 0 1679 1080
35550 1071 0 1679 1080
35551 1071 0 1679 1080
35552 1070 0 1678 1080
35553 1067 0 1675 1080
35554 1063 0 1671 1080
35555 1059 0 1667 1080
35556 1060 0 1668 1080
35557 1067 0 1675 1080
35558 1074 0 1682 1080
35559 1080 0 1688 1080
35560 1082 0 1690 1080
35561 1081 0 1689 1080
35562 1115 0 1723 1080
35563 1131 0 1739 1080
35564 1129 0 1737 1080
35565 1152 0 1760 1080
35566 1190 0 1798 1080
35567 1232 0 1840 1080
35568 1270 0 1878 1080
35569 1297 0 1905 1080
35570 1310 0 1918 1080
35571 1274 0 1882 1080
35572 1205 0 1813 1080
35573 1156 0 1764 1080
35574 1134 0 1742 1080
35575 1138 0 1746 1080
35576 1163 0 1771 1080
35577 1199 0 1807 1080
35578 1237 0 1845 1080
35579 1269 0 1877 1080
35580 1289 0 1897 1080
35581 1294 0 1902 1080
35582 1286 0 1894 1080
35583 1269 0 1877 1080
35584 1264 0 1872 1080
35585 1270 0 1878 1080
35586 1293 0 1901 1080
35587 1312 0 1920 1080
35588 1312 0 1920 1080
35589 1312 0 1920 1080
35590 1312 0 1920 1080
35591 1312 0 1920 1080
35592 1312 0 1920 1080
35593 1312 0 1920 1080
35594 1287 0 1895 1080
35595 1253 0 1861 1080
35596 1239 0 1847 1080
35597 1236 0 1844 1080
35598 1255 0 1863 1080
35599 1289 0 1897 1080
35600 1312 0 1920 1080
35601 1312 0 1920 1080
35602 1312 0 1920 1080
35603 1312 0 1920 1080
35604 1294 0 1902 1080
35605 1299 0 1907 1080
35606 1312 0 1920 1080
35607 1312 0 1920 1080
35608 1312 0 1920 1080
35609 1312 0 1920 1080
35610 1312 0 1920 1080
35611 1312 0 1920 1080
35612 1312 0 1920 1080
35613 1312 0 1920 1080
35614 1312 0 1920 1080
35615 1287 0 1895 1080
35616 1272 0 1880 1080
35617 1276 0 1884 1080
35618 1293 0 1901 1080
35619 1312 0 1920 1080
35620 1312 0 1920 1080
35621 1312 0 1920 1080
35622 1312 0 1920 1080
35623 1312 0 1920 1080
35624 1312 0 1920 1080
35625 1312 0 1920 1080
35626 1312 0 1920 1080
35627 1312 0 1920 1080
35628 1312 0 1920 1080
35629 1308 0 1916 1080
35630 1278 0 1886 1080
35631 1239 0 1847 1080
35632 1202 0 1810 1080
35633 1202 0 1810 1080
35634 1203 0 1811 1080
35635 1232 0 1840 1080
35636 1262 0 1870 1080
35637 1303 0 1911 1080
35638 1312 0 1920 1080
35639 1312 0 1920 1080
35640 1312 0 1920 1080
35641 1312 0 1920 1080
35642 1291 0 1899 1080
35643 1211 0 1819 1080
35644 1174 0 1782 1080
35645 1186 0 1794 1080
35646 1237 0 1845 1080
35647 1224 0 1832 1080
35648 1253 0 1861 1080
35649 1221 0 1829 1080
35650 1147 0 1755 1080
35651 1067 0 1675 1080
35652 987 0 1595 1080
35653 907 0 1515 1080
35654 827 0 1435 1080
35655 757 0 1365 1080
35656 714 0 1322 1080
35657 702 0 1310 1080
35658 717 0 1325 1080
35659 755 0 1363 1080
35660 802 0 1410 1080
35661 848 0 1456 1080
35662 885 0 1493 1080
35663 910 0 1518 1080
35664 921 0 1529 1080
35665 919 0 1527 1080
35666 906 0 1514 1080
35667 888 0 1496 1080
35668 870 0 1478 1080
35669 852 0 1460 1080
35670 838 0 1446 1080
35671 827 0 1435 1080
35672 821 0 1429 1080
35673 823 0 1431 1080
35674 831 0 1439 1080
35675 841 0 1449 1080
35676 850 0 1458 1080
35677 858 0 1466 1080
35678 861 0 1469 1080
35679 857 0 1465 1080
35680 846 0 1454 1080
35681 828 0 1436 1080
35682 809 0 1417 1080
35683 793 0 1401 1080
35684 784 0 1392 1080
35685 783 0 1391 1080
35686 789 0 1397 1080
35687 799 0 1407 1080
35688 808 0 1416 1080
35689 813 0 1421 1080
35690 812 0 1420 1080
35691 806 0 1414 1080
35692 795 0 1403 1080
35693 785 0 1393 1080
35694 777 0 1385 1080
35695 772 0 1380 1080
35696 774 0 1382 1080
35697 779 0 1387 1080
35698 785 0 1393 1080
35699 788 0 1396 1080
35700 787 0 1395 1080
35701 781 0 1389 1080
35702 771 0 1379 1080
35703 761 0 1369 1080
35704 753 0 1361 1080
35705 750 0 1358 1080
35706 752 0 1360 1080
35707 757 0 1365 1080
35708 764 0 1372 1080
35709 770 0 1378 1080
35710 774 0 1382 1080
35711 773 0 1381 1080
35712 768 0 1376 1080
35713 759 0 1367 1080
35714 749 0 1357 1080
35715 740 0 1348 1080
35716 733 0 1341 1080
35717 730 0 1338 1080
35718 730 0 1338 1080
35719 732 0 1340 1080
35720 738 0 1346 1080
35721 744 0 1352 1080
35722 751 0 1359 1080
35723 756 0 1364 1080
35724 760 0 1368 1080
35725 764 0 1372 1080
35726 766 0 1374 1080
35727 768 0 1376 1080
35728 769 0 1377 1080
35729 766 0 1374 1080
35730 760 0 1368 1080
35731 753 0 1361 1080
35732 747 0 1355 1080
35733 743 0 1351 1080
35734 742 0 1350 1080
35735 743 0 1351 1080
35736 746 0 1354 1080
35737 750 0 1358 1080
35738 752 0 1360 1080
35739 753 0 1361 1080
35740 753 0 1361 1080
35741 753 0 1361 1080
35742 750 0 1358 1080
35743 744 0 1352 1080
35744 734 0 1342 1080
35745 720 0 1328 1080
35746 707 0 1315 1080
35747 696 0 1304 1080
35748 690 0 1298 1080
35749 688 0 1296 1080
35750 689 0 1297 1080
35751 694 0 1302 1080
35752 701 0 1309 1080
35753 708 0 1316 1080
35754 713 0 1321 1080
35755 715 0 1323 1080
35756 715 0 1323 1080
35757 714 0 1322 1080
35758 714 0 1322 1080
35759 714 0 1322 1080
35760 715 0 1323 1080
35761 720 0 1328 1080
35762 727 0 1335 1080
35763 736 0 1344 1080
35764 745 0 1353 1080
35765 753 0 1361 1080
35766 759 0 1367 1080
35767 762 0 1370 1080
35768 762 0 1370 1080
35769 761 0 1369 1080
35770 759 0 1367 1080
35771 759 0 1367 1080
35772 764 0 1372 1080
35773 777 0 1385 1080
35774 819 0 1427 1080
35775 876 0 1484 1080
35776 934 0 1542 1080
35777 983 0 1591 1080
35778 1017 0 1625 1080
35779 1037 0 1645 1080
35780 1082 0 1690 1080
35781 1141 0 1749 1080
35782 1204 0 1812 1080
35783 1259 0 1867 1080
35784 1299 0 1907 1080
35785 1312 0 1920 1080
35786 1312 0 1920 1080
35787 1306 0 1914 1080
35788 1283 0 1891 1080
35789 1258 0 1866 1080
35790 1237 0 1845 1080
35791 1223 0 1831 1080
35792 1218 0 1826 1080
35793 1222 0 1830 1080
35794 1232 0 1840 1080
35795 1245 0 1853 1080
35796 1258 0 1866 1080
35797 1269 0 1877 1080
35798 1277 0 1885 1080
35799 1280 0 1888 1080
35800 1280 0 1888 1080
35801 1277 0 1885 1080
35802 1273 0 1881 1080
35803 1270 0 1878 1080
35804 1267 0 1875 1080
35805 1265 0 1873 1080
35806 1264 0 1872 1080
35807 1265 0 1873 1080
35808 1267 0 1875 1080
35809 1270 0 1878 1080
35810 1272 0 1880 1080
35811 1274 0 1882 1080
35812 1275 0 1883 1080
35813 1276 0 1884 1080
35814 1277 0 1885 1080
35815 1276 0 1884 1080
35816 1275 0 1883 1080
35817 1273 0 1881 1080
35818 1272 0 1880 1080
35819 1272 0 1880 1080
35820 1272 0 1880 1080
35821 1273 0 1881 1080
35822 1274 0 1882 1080
35823 1275 0 1883 1080
35824 1277 0 1885 1080
35825 1278 0 1886 1080
35826 1279 0 1887 1080
35827 1279 0 1887 1080
35828 1280 0 1888 1080
35829 1280 0 1888 1080
35830 1277 0 1885 1080
35831 1273 0 1881 1080
35832 1269 0 1877 1080
35833 1263 0 1871 1080
35834 1256 0 1864 1080
35835 1251 0 1859 1080
35836 1246 0 1854 1080
35837 1242 0 1850 1080
35838 1240 0 1848 1080
35839 1238 0 1846 1080
35840 1237 0 1845 1080
35841 1237 0 1845 1080
35842 1235 0 1843 1080
35843 1233 0 1841 1080
35844 1230 0 1838 1080
35845 1226 0 1834 1080
35846 1221 0 1829 1080
35847 1215 0 1823 1080
35848 1208 0 1816 1080
35849 1201 0 1809 1080
35850 1194 0 1802 1080
35851 1189 0 1797 1080
35852 1186 0 1794 1080
35853 1183 0 1791 1080
35854 1183 0 1791 1080
35855 1184 0 1792 1080
35856 1186 0 1794 1080
35857 1189 0 1797 1080
35858 1191 0 1799 1080
35859 1192 0 1800 1080
35860 1186 0 1794 1080
35861 1181 0 1789 1080
35862 1178 0 1786 1080
35863 1177 0 1785 1080
35864 1178 0 1786 1080
35865 1196 0 1804 1080
35866 1222 0 1830 1080
35867 1202 0 1810 1080
35868 1198 0 1806 1080
35869 1209 0 1817 1080
35870 1229 0 1837 1080
35871 1253 0 1861 1080
35872 1276 0 1884 1080
35873 1293 0 1901 1080
35874 1213 0 1821 1080
35875 1161 0 1769 1080
35876 1143 0 1751 1080
35877 1155 0 1763 1080
35878 1190 0 1798 1080
35879 1236 0 1844 1080
35880 1281 0 1889 1080
35881 1201 0 1809 1080
35882 1154 0 1762 1080
35883 1143 0 1751 1080
35884 1163 0 1771 1080
35885 1204 0 1812 1080
35886 1254 0 1862 1080
35887 1302 0 1910 1080
35888 1222 0 1830 1080
35889 1173 0 1781 1080
35890 1158 0 1766 1080
35891 1174 0 1782 1080
35892 1212 0 1820 1080
35893 1261 0 1869 1080
35894 1308 0 1916 1080
35895 1228 0 1836 1080
35896 1179 0 1787 1080
35897 1166 0 1774 1080
35898 1184 0 1792 1080
35899 1224 0 1832 1080
35900 1273 0 1881 1080
35901 1312 0 1920 1080
35902 1240 0 1848 1080
35903 1191 0 1799 1080
35904 1177 0 1785 1080
35905 1195 0 1803 1080
35906 1169 0 1777 1080
35907 1114 0 1722 1080
35908 1049 0 1657 1080
35909 989 0 1597 1080
35910 947 0 1555 1080
35911 928 0 1536 1080
35912 933 0 1541 1080
35913 957 0 1565 1080
35914 992 0 1600 1080
35915 1033 0 1641 1080
35916 1069 0 1677 1080
35917 1095 0 1703 1080
35918 1107 0 1715 1080
35919 1105 0 1713 1080
35920 1094 0 1702 1080
35921 1079 0 1687 1080
35922 1064 0 1672 1080
35923 1051 0 1659 1080
35924 1045 0 1653 1080
35925 1045 0 1653 1080
35926 1052 0 1660 1080
35927 1064 0 1672 1080
35928 1078 0 1686 1080
35929 1092 0 1700 1080
35930 1103 0 1711 1080
35931 1108 0 1716 1080
35932 1108 0 1716 1080
35933 1102 0 1710 1080
35934 1095 0 1703 1080
35935 1087 0 1695 1080
35936 1081 0 1689 1080
35937 1076 0 1684 1080
35938 1074 0 1682 1080
35939 1074 0 1682 1080
35940 1075 0 1683 1080
35941 1076 0 1684 1080
35942 1072 0 1680 1080
35943 1064 0 1672 1080
35944 1041 0 1649 1080
35945 1019 0 1627 1080
35946 998 0 1606 1080
35947 963 0 1571 1080
35948 920 0 1528 1080
35949 873 0 1481 1080
35950 828 0 1436 1080
35951 789 0 1397 1080
35952 757 0 1365 1080
35953 733 0 1341 1080
35954 715 0 1323 1080
35955 701 0 1309 1080
35956 687 0 1295 1080
35957 672 0 1280 1080
35958 653 0 1261 1080
35959 630 0 1238 1080
35960 605 0 1213 1080
35961 576 0 1184 1080
35962 546 0 1154 1080
35963 516 0 1124 1080
35964 488 0 1096 1080
35965 460 0 1068 1080
35966 435 0 1043 1080
35967 410 0 1018 1080
35968 387 0 995 1080
35969 364 0 972 1080
35970 341 0 949 1080
35971 318 0 926 1080
35972 294 0 902 1080
35973 269 0 877 1080
35974 210 0 818 1080
35975 134 0 742 1080
35976 59 0 667 1080
35977 37 0 645 1080
35978 65 0 673 1080
35979 130 0 738 1080
35980 210 0 818 1080
35981 290 0 898 1080
35982 361 0 969 1080
35983 414 0 1022 1080
35984 387 0 995 1080
35985 364 0 972 1080
35986 350 0 958 1080
35987 350 0 958 1080
35988 364 0 972 1080
35989 389 0 997 1080
35990 422 0 1030 1080
35991 457 0 1065 1080
35992 498 0 1106 1080
35993 538 0 1146 1080
35994 570 0 1178 1080
35995 591 0 1199 1080
35996 593 0 1201 1080
35997 588 0 1196 1080
35998 577 0 1185 1080
35999 564 0 1172 1080
36000 555 0 1163 1080
36001 551 0 1159 1080
36002 553 0 1161 1080
36003 559 0 1167 1080
36004 569 0 1177 1080
36005 579 0 1187 1080
36006 588 0 1196 1080
36007 595 0 1203 1080
36008 597 0 1205 1080
36009 597 0 1205 1080
36010 592 0 1200 1080
36011 583 0 1191 1080
36012 576 0 1184 1080
36013 574 0 1182 1080
36014 574 0 1182 1080
36015 574 0 1182 1080
36016 567 0 1175 1080
36017 549 0 1157 1080
36018 533 0 1141 1080
36019 521 0 1129 1080
36020 515 0 1123 1080
36021 516 0 1124 1080
36022 509 0 1117 1080
36023 498 0 1106 1080
36024 487 0 1095 1080
36025 480 0 1088 1080
36026 478 0 1086 1080
36027 481 0 1089 1080
36028 492 0 1100 1080
36029 509 0 1117 1080
36030 530 0 1138 1080
36031 553 0 1161 1080
36032 574 0 1182 1080
36033 589 0 1197 1080
36034 597 0 1205 1080
36035 597 0 1205 1080
36036 592 0 1200 1080
36037 586 0 1194 1080
36038 581 0 1189 1080
36039 555 0 1163 1080
36040 517 0 1125 1080
36041 479 0 1087 1080
36042 449 0 1057 1080
36043 429 0 1037 1080
36044 451 0 1059 1080
36045 500 0 1108 1080
36046 561 0 1169 1080
36047 596 0 1204 1080
36048 606 0 1214 1080
36049 592 0 1200 1080
36050 559 0 1167 1080
36051 517 0 1125 1080
36052 491 0 1099 1080
36053 490 0 1098 1080
36054 566 0 1174 1080
36055 646 0 1254 1080
36056 726 0 1334 1080
36057 806 0 1414 1080
36058 880 0 1488 1080
36059 931 0 1539 1080
36060 951 0 1559 1080
36061 947 0 1555 1080
36062 916 0 1524 1080
36063 866 0 1474 1080
36064 807 0 1415 1080
36065 750 0 1358 1080
36066 703 0 1311 1080
36067 673 0 1281 1080
36068 664 0 1272 1080
36069 673 0 1281 1080
36070 696 0 1304 1080
36071 720 0 1328 1080
36072 737 0 1345 1080
36073 747 0 1355 1080
36074 748 0 1356 1080
36075 742 0 1350 1080
36076 732 0 1340 1080
36077 735 0 1343 1080
36078 746 0 1354 1080
36079 761 0 1369 1080
36080 774 0 1382 1080
36081 783 0 1391 1080
36082 787 0 1395 1080
36083 785 0 1393 1080
36084 778 0 1386 1080
36085 767 0 1375 1080
36086 755 0 1363 1080
36087 742 0 1350 1080
36088 730 0 1338 1080
36089 720 0 1328 1080
36090 715 0 1323 1080
36091 710 0 1318 1080
36092 705 0 1313 1080
36093 700 0 1308 1080
36094 695 0 1303 1080
36095 690 0 1298 1080
36096 685 0 1293 1080
36097 681 0 1289 1080
36098 677 0 1285 1080
36099 675 0 1283 1080
36100 670 0 1278 1080
36101 665 0 1273 1080
36102 641 0 1249 1080
36103 608 0 1216 1080
36104 576 0 1184 1080
36105 551 0 1159 1080
36106 538 0 1146 1080
36107 543 0 1151 1080
36108 561 0 1169 1080
36109 563 0 1171 1080
36110 554 0 1162 1080
36111 545 0 1153 1080
36112 542 0 1150 1080
36113 543 0 1151 1080
36114 538 0 1146 1080
36115 522 0 1130 1080
36116 505 0 1113 1080
36117 495 0 1103 1080
36118 497 0 1105 1080
36119 510 0 1118 1080
36120 551 0 1159 1080
36121 588 0 1196 1080
36122 633 0 1241 1080
36123 676 0 1284 1080
36124 709 0 1317 1080
36125 727 0 1335 1080
36126 727 0 1335 1080
36127 725 0 1333 1080
36128 706 0 1314 1080
36129 691 0 1299 1080
36130 684 0 1292 1080
36131 684 0 1292 1080
36132 690 0 1298 1080
36133 692 0 1300 1080
36134 686 0 1294 1080
36135 766 0 1374 1080
36136 808 0 1416 1080
36137 812 0 1420 1080
36138 784 0 1392 1080
36139 749 0 1357 1080
36140 705 0 1313 1080
36141 663 0 1271 1080
36142 633 0 1241 1080
36143 619 0 1227 1080
36144 625 0 1233 1080
36145 646 0 1254 1080
36146 676 0 1284 1080
36147 710 0 1318 1080
36148 742 0 1350 1080
36149 767 0 1375 1080
36150 784 0 1392 1080
36151 791 0 1399 1080
36152 791 0 1399 1080
36153 786 0 1394 1080
36154 813 0 1421 1080
36155 865 0 1473 1080
36156 929 0 1537 1080
36157 995 0 1603 1080
36158 1052 0 1660 1080
36159 1095 0 1703 1080
36160 1122 0 1730 1080
36161 1133 0 1741 1080
36162 1132 0 1740 1080
36163 1124 0 1732 1080
36164 1113 0 1721 1080
36165 1099 0 1707 1080
36166 1086 0 1694 1080
36167 1073 0 1681 1080
36168 1062 0 1670 1080
36169 1054 0 1662 1080
36170 1047 0 1655 1080
36171 1041 0 1649 1080
36172 1036 0 1644 1080
36173 1031 0 1639 1080
36174 1027 0 1635 1080
36175 1027 0 1635 1080
36176 1030 0 1638 1080
36177 1039 0 1647 1080
36178 1047 0 1655 1080
36179 1054 0 1662 1080
36180 1059 0 1667 1080
36181 1060 0 1668 1080
36182 1072 0 1680 1080
36183 1096 0 1704 1080
36184 1126 0 1734 1080
36185 1158 0 1766 1080
36186 1186 0 1794 1080
36187 1206 0 1814 1080
36188 1216 0 1824 1080
36189 1217 0 1825 1080
36190 1209 0 1817 1080
36191 1197 0 1805 1080
36192 1186 0 1794 1080
36193 1178 0 1786 1080
36194 1175 0 1783 1080
36195 1181 0 1789 1080
36196 1193 0 1801 1080
36197 1209 0 1817 1080
36198 1225 0 1833 1080
36199 1239 0 1847 1080
36200 1249 0 1857 1080
36201 1255 0 1863 1080
36202 1258 0 1866 1080
36203 1258 0 1866 1080
36204 1257 0 1865 1080
36205 1255 0 1863 1080
36206 1235 0 1843 1080
36207 1201 0 1809 1080
36208 1163 0 1771 1080
36209 1126 0 1734 1080
36210 1098 0 1706 1080
36211 1080 0 1688 1080
36212 1060 0 1668 1080
36213 1039 0 1647 1080
36214 1021 0 1629 1080
36215 1011 0 1619 1080
36216 1007 0 1615 1080
36217 1010 0 1618 1080
36218 1018 0 1626 1080
36219 1031 0 1639 1080
36220 1045 0 1653 1080
36221 1056 0 1664 1080
36222 1062 0 1670 1080
36223 1062 0 1670 1080
36224 1057 0 1665 1080
36225 1048 0 1656 1080
36226 1037 0 1645 1080
36227 1025 0 1633 1080
36228 1012 0 1620 1080
36229 1003 0 1611 1080
36230 992 0 1600 1080
36231 983 0 1591 1080
36232 977 0 1585 1080
36233 973 0 1581 1080
36234 971 0 1579 1080
36235 972 0 1580 1080
36236 974 0 1582 1080
36237 975 0 1583 1080
36238 974 0 1582 1080
36239 1033 0 1641 1080
36240 1057 0 1665 1080
36241 1050 0 1658 1080
36242 1020 0 1628 1080
36243 979 0 1587 1080
36244 939 0 1547 1080
36245 867 0 1475 1080
36246 787 0 1395 1080
36247 714 0 1322 1080
36248 682 0 1290 1080
36249 689 0 1297 1080
36250 728 0 1336 1080
36251 785 0 1393 1080
36252 843 0 1451 1080
36253 889 0 1497 1080
36254 916 0 1524 1080
36255 922 0 1530 1080
36256 906 0 1514 1080
36257 879 0 1487 1080
36258 846 0 1454 1080
36259 816 0 1424 1080
36260 795 0 1403 1080
36261 786 0 1394 1080
36262 789 0 1397 1080
36263 801 0 1409 1080
36264 815 0 1423 1080
36265 829 0 1437 1080
36266 841 0 1449 1080
36267 849 0 1457 1080
36268 853 0 1461 1080
36269 854 0 1462 1080
36270 851 0 1459 1080
36271 846 0 1454 1080
36272 841 0 1449 1080
36273 838 0 1446 1080
36274 841 0 1449 1080
36275 849 0 1457 1080
36276 860 0 1468 1080
36277 871 0 1479 1080
36278 882 0 1490 1080
36279 891 0 1499 1080
36280 900 0 1508 1080
36281 909 0 1517 1080
36282 919 0 1527 1080
36283 932 0 1540 1080
36284 946 0 1554 1080
36285 962 0 1570 1080
36286 977 0 1585 1080
36287 990 0 1598 1080
36288 999 0 1607 1080
36289 1005 0 1613 1080
36290 1010 0 1618 1080
36291 1017 0 1625 1080
36292 1026 0 1634 1080
36293 1036 0 1644 1080
36294 1046 0 1654 1080
36295 1055 0 1663 1080
36296 1062 0 1670 1080
36297 1065 0 1673 1080
36298 1061 0 1669 1080
36299 1051 0 1659 1080
36300 1038 0 1646 1080
36301 1026 0 1634 1080
36302 1019 0 1627 1080
36303 1020 0 1628 1080
36304 1027 0 1635 1080
36305 1038 0 1646 1080
36306 1051 0 1659 1080
36307 1062 0 1670 1080
36308 1066 0 1674 1080
36309 1064 0 1672 1080
36310 1057 0 1665 1080
36311 1048 0 1656 1080
36312 1040 0 1648 1080
36313 1032 0 1640 1080
36314 1026 0 1634 1080
36315 1022 0 1630 1080
36316 1021 0 1629 1080
36317 1017 0 1625 1080
36318 1011 0 1619 1080
36319 1001 0 1609 1080
36320 991 0 1599 1080
36321 982 0 1590 1080
36322 977 0 1585 1080
36323 977 0 1585 1080
36324 980 0 1588 1080
36325 984 0 1592 1080
36326 989 0 1597 1080
36327 992 0 1600 1080
36328 991 0 1599 1080
36329 988 0 1596 1080
36330 985 0 1593 1080
36331 983 0 1591 1080
36332 982 0 1590 1080
36333 982 0 1590 1080
36334 983 0 1591 1080
36335 983 0 1591 1080
36336 981 0 1589 1080
36337 976 0 1584 1080
36338 969 0 1577 1080
36339 960 0 1568 1080
36340 952 0 1560 1080
36341 947 0 1555 1080
36342 945 0 1553 1080
36343 946 0 1554 1080
36344 949 0 1557 1080
36345 952 0 1560 1080
36346 953 0 1561 1080
36347 948 0 1556 1080
36348 938 0 1546 1080
36349 923 0 1531 1080
36350 907 0 1515 1080
36351 896 0 1504 1080
36352 891 0 1499 1080
36353 895 0 1503 1080
36354 905 0 1513 1080
36355 920 0 1528 1080
36356 937 0 1545 1080
36357 951 0 1559 1080
36358 960 0 1568 1080
36359 965 0 1573 1080
36360 966 0 1574 1080
36361 966 0 1574 1080
36362 965 0 1573 1080
36363 966 0 1574 1080
36364 969 0 1577 1080
36365 973 0 1581 1080
36366 979 0 1587 1080
36367 985 0 1593 1080
36368 991 0 1599 1080
36369 997 0 1605 1080
36370 1003 0 1611 1080
36371 1009 0 1617 1080
36372 1014 0 1622 1080
36373 1020 0 1628 1080
36374 1026 0 1634 1080
36375 1031 0 1639 1080
36376 1036 0 1644 1080
36377 1040 0 1648 1080
36378 1043 0 1651 1080
36379 1044 0 1652 1080
36380 1044 0 1652 1080
36381 1044 0 1652 1080
36382 1044 0 1652 1080
36383 1045 0 1653 1080
36384 1045 0 1653 1080
36385 1047 0 1655 1080
36386 1050 0 1658 1080
36387 1053 0 1661 1080
36388 1054 0 1662 1080
36389 1054 0 1662 1080
36390 1051 0 1659 1080
36391 1048 0 1656 1080
36392 1043 0 1651 1080
36393 1038 0 1646 1080
36394 1032 0 1640 1080
36395 1025 0 1633 1080
36396 1015 0 1623 1080
36397 1003 0 1611 1080
36398 984 0 1592 1080
36399 957 0 1565 1080
36400 926 0 1534 1080
36401 896 0 1504 1080
36402 872 0 1480 1080
36403 857 0 1465 1080
36404 827 0 1435 1080
36405 802 0 1410 1080
36406 782 0 1390 1080
36407 768 0 1376 1080
36408 758 0 1366 1080
36409 751 0 1359 1080
36410 736 0 1344 1080
36411 714 0 1322 1080
36412 669 0 1277 1080
36413 629 0 1237 1080
36414 595 0 1203 1080
36415 571 0 1179 1080
36416 556 0 1164 1080
36417 550 0 1158 1080
36418 546 0 1154 1080
36419 539 0 1147 1080
36420 530 0 1138 1080
36421 518 0 1126 1080
36422 501 0 1109 1080
36423 482 0 1090 1080
36424 460 0 1068 1080
36425 454 0 1062 1080
36426 430 0 1038 1080
36427 410 0 1018 1080
36428 393 0 1001 1080
36429 379 0 987 1080
36430 373 0 981 1080
36431 373 0 981 1080
36432 378 0 986 1080
36433 386 0 994 1080
36434 394 0 1002 1080
36435 397 0 1005 1080
36436 383 0 991 1080
36437 356 0 964 1080
36438 329 0 937 1080
36439 306 0 914 1080
36440 283 0 891 1080
36441 262 0 870 1080
36442 246 0 854 1080
36443 234 0 842 1080
36444 228 0 836 1080
36445 228 0 836 1080
36446 234 0 842 1080
36447 240 0 848 1080
36448 244 0 852 1080
36449 246 0 854 1080
36450 245 0 853 1080
36451 242 0 850 1080
36452 254 0 862 1080
36453 279 0 887 1080
36454 311 0 919 1080
36455 347 0 955 1080
36456 381 0 989 1080
36457 408 0 1016 1080
36458 460 0 1068 1080
36459 525 0 1133 1080
36460 587 0 1195 1080
36461 634 0 1242 1080
36462 661 0 1269 1080
36463 680 0 1288 1080
36464 698 0 1306 1080
36465 730 0 1338 1080
36466 776 0 1384 1080
36467 831 0 1439 1080
36468 892 0 1500 1080
36469 952 0 1560 1080
36470 1005 0 1613 1080
36471 1044 0 1652 1080
36472 1065 0 1673 1080
36473 1081 0 1689 1080
36474 1090 0 1698 1080
36475 1092 0 1700 1080
36476 1089 0 1697 1080
36477 1082 0 1690 1080
36478 1074 0 1682 1080
36479 1066 0 1674 1080
36480 1059 0 1667 1080
36481 1054 0 1662 1080
36482 1052 0 1660 1080
36483 1051 0 1659 1080
36484 1050 0 1658 1080
36485 1048 0 1656 1080
36486 1045 0 1653 1080
36487 1040 0 1648 1080
36488 1033 0 1641 1080
36489 1023 0 1631 1080
36490 1010 0 1618 1080
36491 990 0 1598 1080
36492 965 0 1573 1080
36493 936 0 1544 1080
36494 909 0 1517 1080
36495 886 0 1494 1080
36496 867 0 1475 1080
36497 847 0 1455 1080
36498 826 0 1434 1080
36499 803 0 1411 1080
36500 779 0 1387 1080
36501 758 0 1366 1080
36502 741 0 1349 1080
36503 726 0 1334 1080
36504 713 0 1321 1080
36505 703 0 1311 1080
36506 680 0 1288 1080
36507 643 0 1251 1080
36508 609 0 1217 1080
36509 580 0 1188 1080
36510 544 0 1152 1080
36511 506 0 1114 1080
36512 473 0 1081 1080
36513 463 0 1071 1080
36514 460 0 1068 1080
36515 447 0 1055 1080
36516 430 0 1038 1080
36517 409 0 1017 1080
36518 388 0 996 1080
36519 371 0 979 1080
36520 359 0 967 1080
36521 351 0 959 1080
36522 347 0 955 1080
36523 344 0 952 1080
36524 336 0 944 1080
36525 325 0 933 1080
36526 313 0 921 1080
36527 302 0 910 1080
36528 292 0 900 1080
36529 281 0 889 1080
36530 270 0 878 1080
36531 258 0 866 1080
36532 246 0 854 1080
36533 235 0 843 1080
36534 225 0 833 1080
36535 216 0 824 1080
36536 208 0 816 1080
36537 199 0 807 1080
36538 190 0 798 1080
36539 180 0 788 1080
36540 169 0 777 1080
36541 159 0 767 1080
36542 151 0 759 1080
36543 144 0 752 1080
36544 135 0 743 1080
36545 125 0 733 1080
36546 113 0 721 1080
36547 102 0 710 1080
36548 92 0 700 1080
36549 85 0 693 1080
36550 103 0 711 1080
36551 137 0 745 1080
36552 174 0 782 1080
36553 204 0 812 1080
36554 221 0 829 1080
36555 221 0 829 1080
36556 195 0 803 1080
36557 152 0 760 1080
36558 104 0 712 1080
36559 61 0 669 1080
36560 31 0 639 1080
36561 17 0 625 1080
36562 19 0 627 1080
36563 34 0 642 1080
36564 55 0 663 1080
36565 78 0 686 1080
36566 99 0 707 1080
36567 112 0 720 1080
36568 119 0 727 1080
36569 124 0 732 1080
36570 128 0 736 1080
36571 131 0 739 1080
36572 136 0 744 1080
36573 141 0 749 1080
36574 150 0 758 1080
36575 161 0 769 1080
36576 176 0 784 1080
36577 191 0 799 1080
36578 208 0 816 1080
36579 220 0 828 1080
36580 224 0 832 1080
36581 221 0 829 1080
36582 213 0 821 1080
36583 203 0 811 1080
36584 197 0 805 1080
36585 198 0 806 1080
36586 207 0 815 1080
36587 218 0 826 1080
36588 229 0 837 1080
36589 237 0 845 1080
36590 244 0 852 1080
36591 254 0 862 1080
36592 270 0 878 1080
36593 292 0 900 1080
36594 312 0 920 1080
36595 328 0 936 1080
36596 338 0 946 1080
36597 344 0 952 1080
36598 347 0 955 1080
36599 348 0 956 1080
36600 349 0 957 1080
36601 351 0 959 1080
36602 350 0 958 1080
36603 347 0 955 1080
36604 359 0 967 1080
36605 360 0 968 1080
36606 355 0 963 1080
36607 347 0 955 1080
36608 341 0 949 1080
36609 343 0 951 1080
36610 348 0 956 1080
36611 354 0 962 1080
36612 360 0 968 1080
36613 365 0 973 1080
36614 369 0 977 1080
36615 374 0 982 1080
36616 381 0 989 1080
36617 392 0 1000 1080
36618 400 0 1008 1080
36619 404 0 1012 1080
36620 421 0 1029 1080
36621 501 0 1109 1080
36622 541 0 1149 1080
36623 543 0 1151 1080
36624 523 0 1131 1080
36625 523 0 1131 1080
36626 538 0 1146 1080
36627 563 0 1171 1080
36628 594 0 1202 1080
36629 584 0 1192 1080
36630 542 0 1150 1080
36631 483 0 1091 1080
36632 424 0 1032 1080
36633 375 0 983 1080
36634 346 0 954 1080
36635 340 0 948 1080
36636 355 0 963 1080
36637 385 0 993 1080
36638 419 0 1027 1080
36639 452 0 1060 1080
36640 479 0 1087 1080
36641 497 0 1105 1080
36642 506 0 1114 1080
36643 504 0 1112 1080
36644 493 0 1101 1080
36645 475 0 1083 1080
36646 454 0 1062 1080
36647 434 0 1042 1080
36648 423 0 1031 1080
36649 420 0 1028 1080
36650 426 0 1034 1080
36651 438 0 1046 1080
36652 452 0 1060 1080
36653 464 0 1072 1080
36654 472 0 1080 1080
36655 474 0 1082 1080
36656 468 0 1076 1080
36657 456 0 1064 1080
36658 439 0 1047 1080
36659 415 0 1023 1080
36660 387 0 995 1080
36661 356 0 964 1080
36662 290 0 898 1080
36663 210 0 818 1080
36664 136 0 744 1080
36665 85 0 693 1080
36666 67 0 675 1080
36667 79 0 687 1080
36668 112 0 720 1080
36669 109 0 717 1080
36670 78 0 686 1080
36671 33 0 641 1080
36672 0 0 608 1080
36673 0 0 608 1080
36674 0 0 608 1080
36675 0 0 608 1080
36676 45 0 653 1080
36677 125 0 733 1080
36678 204 0 812 1080
36679 263 0 871 1080
36680 298 0 906 1080
36681 314 0 922 1080
36682 315 0 923 1080
36683 310 0 918 1080
36684 305 0 913 1080
36685 304 0 912 1080
36686 308 0 916 1080
36687 315 0 923 1080
36688 348 0 956 1080
36689 394 0 1002 1080
36690 442 0 1050 1080
36691 482 0 1090 1080
36692 509 0 1117 1080
36693 521 0 1129 1080
36694 519 0 1127 1080
36695 506 0 1114 1080
36696 487 0 1095 1080
36697 469 0 1077 1080
36698 485 0 1093 1080
36699 526 0 1134 1080
36700 583 0 1191 1080
36701 641 0 1249 1080
36702 691 0 1299 1080
36703 727 0 1335 1080
36704 747 0 1355 1080
36705 753 0 1361 1080
36706 746 0 1354 1080
36707 732 0 1340 1080
36708 716 0 1324 1080
36709 697 0 1305 1080
36710 683 0 1291 1080
36711 682 0 1290 1080
36712 692 0 1300 1080
36713 713 0 1321 1080
36714 741 0 1349 1080
36715 772 0 1380 1080
36716 802 0 1410 1080
36717 824 0 1432 1080
36718 837 0 1445 1080
36719 841 0 1449 1080
36720 837 0 1445 1080
36721 828 0 1436 1080
36722 818 0 1426 1080
36723 807 0 1415 1080
36724 798 0 1406 1080
36725 795 0 1403 1080
36726 796 0 1404 1080
36727 798 0 1406 1080
36728 798 0 1406 1080
36729 794 0 1402 1080
36730 784 0 1392 1080
36731 769 0 1377 1080
36732 762 0 1370 1080
36733 762 0 1370 1080
36734 767 0 1375 1080
36735 777 0 1385 1080
36736 791 0 1399 1080
36737 807 0 1415 1080
36738 821 0 1429 1080
36739 830 0 1438 1080
36740 835 0 1443 1080
36741 834 0 1442 1080
36742 830 0 1438 1080
36743 823 0 1431 1080
36744 817 0 1425 1080
36745 816 0 1424 1080
36746 816 0 1424 1080
36747 824 0 1432 1080
36748 854 0 1462 1080
36749 880 0 1488 1080
36750 896 0 1504 1080
36751 902 0 1510 1080
36752 910 0 1518 1080
36753 927 0 1535 1080
36754 949 0 1557 1080
36755 962 0 1570 1080
36756 973 0 1581 1080
36757 983 0 1591 1080
36758 991 0 1599 1080
36759 997 0 1605 1080
36760 1003 0 1611 1080
36761 1010 0 1618 1080
36762 1019 0 1627 1080
36763 1032 0 1640 1080
36764 1048 0 1656 1080
36765 1066 0 1674 1080
36766 1085 0 1693 1080
36767 1102 0 1710 1080
36768 1117 0 1725 1080
36769 1127 0 1735 1080
36770 1134 0 1742 1080
36771 1139 0 1747 1080
36772 1142 0 1750 1080
36773 1144 0 1752 1080
36774 1147 0 1755 1080
36775 1151 0 1759 1080
36776 1157 0 1765 1080
36777 1164 0 1772 1080
36778 1174 0 1782 1080
36779 1187 0 1795 1080
36780 1202 0 1810 1080
36781 1218 0 1826 1080
36782 1223 0 1831 1080
36783 1245 0 1853 1080
36784 1263 0 1871 1080
36785 1294 0 1902 1080
36786 1312 0 1920 1080
36787 1312 0 1920 1080
36788 1312 0 1920 1080
36789 1312 0 1920 1080
36790 1312 0 1920 1080
36791 1312 0 1920 1080
36792 1312 0 1920 1080
36793 1312 0 1920 1080
36794 1312 0 1920 1080
36795 1312 0 1920 1080
36796 1312 0 1920 1080
36797 1312 0 1920 1080
36798 1312 0 1920 1080
36799 1312 0 1920 1080
36800 1312 0 1920 1080
36801 1312 0 1920 1080
36802 1312 0 1920 1080
36803 1312 0 1920 1080
36804 1312 0 1920 1080
36805 1312 0 1920 1080
36806 1312 0 1920 1080
36807 1312 0 1920 1080
36808 1312 0 1920 1080
36809 1312 0 1920 1080
36810 1312 0 1920 1080
36811 1312 0 1920 1080
36812 1312 0 1920 1080
36813 1312 0 1920 1080
36814 1312 0 1920 1080
36815 1312 0 1920 1080
36816 1312 0 1920 1080
36817 1312 0 1920 1080
36818 1312 0 1920 1080
36819 1312 0 1920 1080
36820 1312 0 1920 1080
36821 1312 0 1920 1080
36822 1312 0 1920 1080
36823 1312 0 1920 1080
36824 1312 0 1920 1080
36825 1312 0 1920 1080
36826 1312 0 1920 1080
36827 1312 0 1920 1080
36828 1312 0 1920 1080
36829 1312 0 1920 1080
36830 1312 0 1920 1080
36831 1312 0 1920 1080
36832 1312 0 1920 1080
36833 1312 0 1920 1080
36834 1312 0 1920 1080
36835 1312 0 1920 1080
36836 1312 0 1920 1080
36837 1312 0 1920 1080
36838 1312 0 1920 1080
36839 1312 0 1920 1080
36840 1312 0 1920 1080
36841 1312 0 1920 1080
36842 1312 0 1920 1080
36843 1312 0 1920 1080
36844 1312 0 1920 1080
36845 1312 0 1920 1080
36846 1312 0 1920 1080
36847 1307 0 1915 1080
36848 1302 0 1910 1080
36849 1301 0 1909 1080
36850 1303 0 1911 1080
36851 1307 0 1915 1080
36852 1311 0 1919 1080
36853 1312 0 1920 1080
36854 1312 0 1920 1080
36855 1312 0 1920 1080
36856 1312 0 1920 1080
36857 1306 0 1914 1080
36858 1297 0 1905 1080
36859 1288 0 1896 1080
36860 1279 0 1887 1080
36861 1272 0 1880 1080
36862 1268 0 1876 1080
36863 1265 0 1873 1080
36864 1262 0 1870 1080
36865 1259 0 1867 1080
36866 1256 0 1864 1080
36867 1251 0 1859 1080
36868 1247 0 1855 1080
36869 1243 0 1851 1080
36870 1239 0 1847 1080
36871 1237 0 1845 1080
36872 1236 0 1844 1080
36873 1236 0 1844 1080
36874 1237 0 1845 1080
36875 1240 0 1848 1080
36876 1243 0 1851 1080
36877 1247 0 1855 1080
36878 1250 0 1858 1080
36879 1251 0 1859 1080
36880 1250 0 1858 1080
36881 1248 0 1856 1080
36882 1243 0 1851 1080
36883 1238 0 1846 1080
36884 1233 0 1841 1080
36885 1231 0 1839 1080
36886 1232 0 1840 1080
36887 1243 0 1851 1080
36888 1252 0 1860 1080
36889 1259 0 1867 1080
36890 1261 0 1869 1080
36891 1259 0 1867 1080
36892 1254 0 1862 1080
36893 1245 0 1853 1080
36894 1235 0 1843 1080
36895 1217 0 1825 1080
36896 1209 0 1817 1080
36897 1199 0 1807 1080
36898 1193 0 1801 1080
36899 1191 0 1799 1080
36900 1192 0 1800 1080
36901 1193 0 1801 1080
36902 1196 0 1804 1080
36903 1201 0 1809 1080
36904 1208 0 1816 1080
36905 1216 0 1824 1080
36906 1225 0 1833 1080
36907 1234 0 1842 1080
36908 1242 0 1850 1080
36909 1250 0 1858 1080
36910 1256 0 1864 1080
36911 1260 0 1868 1080
36912 1263 0 1871 1080
36913 1265 0 1873 1080
36914 1283 0 1891 1080
36915 1309 0 1917 1080
36916 1312 0 1920 1080
36917 1312 0 1920 1080
36918 1312 0 1920 1080
36919 1312 0 1920 1080
36920 1312 0 1920 1080
36921 1312 0 1920 1080
36922 1312 0 1920 1080
36923 1312 0 1920 1080
36924 1312 0 1920 1080
36925 1312 0 1920 1080
36926 1312 0 1920 1080
36927 1312 0 1920 1080
36928 1312 0 1920 1080
36929 1312 0 1920 1080
36930 1312 0 1920 1080
36931 1312 0 1920 1080
36932 1312 0 1920 1080
36933 1312 0 1920 1080
36934 1307 0 1915 1080
36935 1292 0 1900 1080
36936 1285 0 1893 1080
36937 1285 0 1893 1080
36938 1288 0 1896 1080
36939 1292 0 1900 1080
36940 1298 0 1906 1080
36941 1303 0 1911 1080
36942 1267 0 1875 1080
36943 1202 0 1810 1080
36944 1125 0 1733 1080
36945 1052 0 1660 1080
36946 995 0 1603 1080
36947 970 0 1578 1080
36948 974 0 1582 1080
36949 1000 0 1608 1080
36950 1037 0 1645 1080
36951 1075 0 1683 1080
36952 1105 0 1713 1080
36953 1169 0 1777 1080
36954 1245 0 1853 1080
36955 1269 0 1877 1080
36956 1245 0 1853 1080
36957 1187 0 1795 1080
36958 1113 0 1721 1080
36959 1038 0 1646 1080
36960 978 0 1586 1080
36961 940 0 1548 1080
36962 926 0 1534 1080
36963 926 0 1534 1080
36964 938 0 1546 1080
36965 960 0 1568 1080
36966 993 0 1601 1080
36967 1027 0 1635 1080
36968 1056 0 1664 1080
36969 1073 0 1681 1080
36970 1082 0 1690 1080
36971 1078 0 1686 1080
36972 1073 0 1681 1080
36973 1068 0 1676 1080
36974 1064 0 1672 1080
36975 1062 0 1670 1080
36976 1071 0 1679 1080
36977 1090 0 1698 1080
36978 1115 0 1723 1080
36979 1154 0 1762 1080
36980 1185 0 1793 1080
36981 1204 0 1812 1080
36982 1217 0 1825 1080
36983 1216 0 1824 1080
36984 1204 0 1812 1080
36985 1186 0 1794 1080
36986 1167 0 1775 1080
36987 1150 0 1758 1080
36988 1140 0 1748 1080
36989 1136 0 1744 1080
36990 1139 0 1747 1080
36991 1146 0 1754 1080
36992 1156 0 1764 1080
36993 1155 0 1763 1080
36994 1158 0 1766 1080
36995 1166 0 1774 1080
36996 1177 0 1785 1080
36997 1187 0 1795 1080
36998 1196 0 1804 1080
36999 1204 0 1812 1080
37000 1208 0 1816 1080
37001 1206 0 1814 1080
37002 1195 0 1803 1080
37003 1172 0 1780 1080
37004 1145 0 1753 1080
37005 1118 0 1726 1080
37006 1094 0 1702 1080
37007 1076 0 1684 1080
37008 1063 0 1671 1080
37009 1056 0 1664 1080
37010 1087 0 1695 1080
37011 1107 0 1715 1080
37012 1114 0 1722 1080
37013 1108 0 1716 1080
37014 1037 0 1645 1080
37015 957 0 1565 1080
37016 877 0 1485 1080
37017 797 0 1405 1080
37018 717 0 1325 1080
37019 639 0 1247 1080
37020 574 0 1182 1080
37021 526 0 1134 1080
37022 496 0 1104 1080
37023 482 0 1090 1080
37024 562 0 1170 1080
37025 612 0 1220 1080
37026 623 0 1231 1080
37027 596 0 1204 1080
37028 538 0 1146 1080
37029 461 0 1069 1080
37030 381 0 989 1080
37031 461 0 1069 1080
37032 495 0 1103 1080
37033 481 0 1089 1080
37034 425 0 1033 1080
37035 345 0 953 1080
37036 265 0 873 1080
37037 191 0 799 1080
37038 148 0 756 1080
37039 139 0 747 1080
37040 149 0 757 1080
37041 177 0 785 1080
37042 220 0 828 1080
37043 276 0 884 1080
37044 338 0 946 1080
37045 395 0 1003 1080
37046 468 0 1076 1080
37047 544 0 1152 1080
37048 609 0 1217 1080
37049 653 0 1261 1080
37050 673 0 1281 1080
37051 669 0 1277 1080
37052 652 0 1260 1080
37053 630 0 1238 1080
37054 610 0 1218 1080
37055 599 0 1207 1080
37056 582 0 1190 1080
37057 578 0 1186 1080
37058 599 0 1207 1080
37059 595 0 1203 1080
37060 610 0 1218 1080
37061 636 0 1244 1080
37062 665 0 1273 1080
37063 705 0 1313 1080
37064 748 0 1356 1080
37065 790 0 1398 1080
37066 825 0 1433 1080
37067 852 0 1460 1080
37068 870 0 1478 1080
37069 880 0 1488 1080
37070 883 0 1491 1080
37071 884 0 1492 1080
37072 884 0 1492 1080
37073 882 0 1490 1080
37074 962 0 1570 1080
37075 1014 0 1622 1080
37076 1036 0 1644 1080
37077 1034 0 1642 1080
37078 1014 0 1622 1080
37079 984 0 1592 1080
37080 958 0 1566 1080
37081 943 0 1551 1080
37082 938 0 1546 1080
37083 952 0 1560 1080
37084 977 0 1585 1080
37085 1013 0 1621 1080
37086 1051 0 1659 1080
37087 1104 0 1712 1080
37088 1149 0 1757 1080
37089 1200 0 1808 1080
37090 1249 0 1857 1080
37091 1293 0 1901 1080
37092 1312 0 1920 1080
37093 1312 0 1920 1080
37094 1312 0 1920 1080
37095 1312 0 1920 1080
37096 1312 0 1920 1080
37097 1312 0 1920 1080
37098 1312 0 1920 1080
37099 1312 0 1920 1080
37100 1312 0 1920 1080
37101 1312 0 1920 1080
37102 1312 0 1920 1080
37103 1312 0 1920 1080
37104 1312 0 1920 1080
37105 1312 0 1920 1080
37106 1312 0 1920 1080
37107 1312 0 1920 1080
37108 1309 0 1917 1080
37109 1229 0 1837 1080
37110 1158 0 1766 1080
37111 1115 0 1723 1080
37112 1101 0 1709 1080
37113 1115 0 1723 1080
37114 1144 0 1752 1080
37115 1224 0 1832 1080
37116 1304 0 1912 1080
37117 1312 0 1920 1080
37118 1312 0 1920 1080
37119 1312 0 1920 1080
37120 1312 0 1920 1080
37121 1312 0 1920 1080
37122 1312 0 1920 1080
37123 1312 0 1920 1080
37124 1312 0 1920 1080
37125 1312 0 1920 1080
37126 1312 0 1920 1080
37127 1312 0 1920 1080
37128 1312 0 1920 1080
37129 1312 0 1920 1080
37130 1312 0 1920 1080
37131 1312 0 1920 1080
37132 1312 0 1920 1080
37133 1312 0 1920 1080
37134 1312 0 1920 1080
37135 1312 0 1920 1080
37136 1312 0 1920 1080
37137 1312 0 1920 1080
37138 1312 0 1920 1080
37139 1312 0 1920 1080
37140 1312 0 1920 1080
37141 1312 0 1920 1080
37142 1312 0 1920 1080
37143 1312 0 1920 1080
37144 1312 0 1920 1080
37145 1312 0 1920 1080
37146 1312 0 1920 1080
37147 1291 0 1899 1080
37148 1212 0 1820 1080
37149 1149 0 1757 1080
37150 1112 0 1720 1080
37151 1103 0 1711 1080
37152 1120 0 1728 1080
37153 1156 0 1764 1080
37154 1201 0 1809 1080
37155 1243 0 1851 1080
37156 1275 0 1883 1080
37157 1293 0 1901 1080
37158 1298 0 1906 1080
37159 1291 0 1899 1080
37160 1276 0 1884 1080
37161 1258 0 1866 1080
37162 1241 0 1849 1080
37163 1227 0 1835 1080
37164 1218 0 1826 1080
37165 1216 0 1824 1080
37166 1219 0 1827 1080
37167 1226 0 1834 1080
37168 1234 0 1842 1080
37169 1242 0 1850 1080
37170 1248 0 1856 1080
37171 1251 0 1859 1080
37172 1250 0 1858 1080
37173 1247 0 1855 1080
37174 1241 0 1849 1080
37175 1234 0 1842 1080
37176 1225 0 1833 1080
37177 1218 0 1826 1080
37178 1213 0 1821 1080
37179 1211 0 1819 1080
37180 1268 0 1876 1080
37181 1312 0 1920 1080
37182 1312 0 1920 1080
37183 1312 0 1920 1080
37184 1312 0 1920 1080
37185 1312 0 1920 1080
37186 1312 0 1920 1080
37187 1312 0 1920 1080
37188 1312 0 1920 1080
37189 1312 0 1920 1080
37190 1312 0 1920 1080
37191 1312 0 1920 1080
37192 1312 0 1920 1080
37193 1312 0 1920 1080
37194 1312 0 1920 1080
37195 1312 0 1920 1080
37196 1312 0 1920 1080
37197 1312 0 1920 1080
37198 1312 0 1920 1080
37199 1312 0 1920 1080
37200 1312 0 1920 1080
37201 1312 0 1920 1080
37202 1312 0 1920 1080
37203 1312 0 1920 1080
37204 1312 0 1920 1080
37205 1312 0 1920 1080
37206 1312 0 1920 1080
37207 1312 0 1920 1080
37208 1312 0 1920 1080
37209 1312 0 1920 1080
37210 1312 0 1920 1080
37211 1312 0 1920 1080
37212 1312 0 1920 1080
37213 1312 0 1920 1080
37214 1312 0 1920 1080
37215 1312 0 1920 1080
37216 1312 0 1920 1080
37217 1312 0 1920 1080
37218 1312 0 1920 1080
37219 1312 0 1920 1080
37220 1312 0 1920 1080
37221 1312 0 1920 1080
37222 1312 0 1920 1080
37223 1312 0 1920 1080
37224 1312 0 1920 1080
37225 1312 0 1920 1080
37226 1312 0 1920 1080
37227 1312 0 1920 1080
37228 1312 0 1920 1080
37229 1312 0 1920 1080
37230 1312 0 1920 1080
37231 1312 0 1920 1080
37232 1312 0 1920 1080
37233 1312 0 1920 1080
37234 1312 0 1920 1080
37235 1312 0 1920 1080
37236 1312 0 1920 1080
37237 1312 0 1920 1080
37238 1312 0 1920 1080
37239 1312 0 1920 1080
37240 1312 0 1920 1080
37241 1312 0 1920 1080
37242 1312 0 1920 1080
37243 1312 0 1920 1080
37244 1312 0 1920 1080
37245 1312 0 1920 1080
37246 1312 0 1920 1080
37247 1312 0 1920 1080
37248 1312 0 1920 1080
37249 1312 0 1920 1080
37250 1312 0 1920 1080
37251 1312 0 1920 1080
37252 1312 0 1920 1080
37253 1312 0 1920 1080
37254 1312 0 1920 1080
37255 1312 0 1920 1080
37256 1312 0 1920 1080
37257 1312 0 1920 1080
37258 1312 0 1920 1080
37259 1312 0 1920 1080
37260 1312 0 1920 1080
37261 1312 0 1920 1080
37262 1312 0 1920 1080
37263 1312 0 1920 1080
37264 1312 0 1920 1080
37265 1312 0 1920 1080
37266 1312 0 1920 1080
37267 1312 0 1920 1080
37268 1312 0 1920 1080
37269 1312 0 1920 1080
37270 1312 0 1920 1080
37271 1312 0 1920 1080
37272 1312 0 1920 1080
37273 1312 0 1920 1080
37274 1312 0 1920 1080
37275 1312 0 1920 1080
37276 1312 0 1920 1080
37277 1312 0 1920 1080
37278 1312 0 1920 1080
37279 1312 0 1920 1080
37280 1312 0 1920 1080
37281 1312 0 1920 1080
37282 1312 0 1920 1080
37283 1312 0 1920 1080
37284 1312 0 1920 1080
37285 1312 0 1920 1080
37286 1312 0 1920 1080
37287 1312 0 1920 1080
37288 1312 0 1920 1080
37289 1312 0 1920 1080
37290 1312 0 1920 1080
37291 1312 0 1920 1080
37292 1312 0 1920 1080
37293 1312 0 1920 1080
37294 1312 0 1920 1080
37295 1312 0 1920 1080
37296 1312 0 1920 1080
37297 1312 0 1920 1080
37298 1312 0 1920 1080
37299 1312 0 1920 1080
37300 1312 0 1920 1080
37301 1312 0 1920 1080
37302 1312 0 1920 1080
37303 1312 0 1920 1080
37304 1296 0 1904 1080
37305 1216 0 1824 1080
37306 1136 0 1744 1080
37307 1056 0 1664 1080
37308 1050 0 1658 1080
37309 1130 0 1738 1080
37310 1210 0 1818 1080
37311 1290 0 1898 1080
37312 1312 0 1920 1080
37313 1312 0 1920 1080
37314 1312 0 1920 1080
37315 1312 0 1920 1080
37316 1312 0 1920 1080
37317 1312 0 1920 1080
37318 1312 0 1920 1080
37319 1312 0 1920 1080
37320 1312 0 1920 1080
37321 1312 0 1920 1080
37322 1312 0 1920 1080
37323 1312 0 1920 1080
37324 1312 0 1920 1080
37325 1312 0 1920 1080
37326 1312 0 1920 1080
37327 1312 0 1920 1080
37328 1312 0 1920 1080
37329 1312 0 1920 1080
37330 1312 0 1920 1080
37331 1312 0 1920 1080
37332 1312 0 1920 1080
37333 1312 0 1920 1080
37334 1312 0 1920 1080
37335 1312 0 1920 1080
37336 1312 0 1920 1080
37337 1312 0 1920 1080
37338 1312 0 1920 1080
37339 1312 0 1920 1080
37340 1312 0 1920 1080
37341 1312 0 1920 1080
37342 1312 0 1920 1080
37343 1312 0 1920 1080
37344 1312 0 1920 1080
37345 1312 0 1920 1080
37346 1312 0 1920 1080
37347 1312 0 1920 1080
37348 1312 0 1920 1080
37349 1312 0 1920 1080
37350 1312 0 1920 1080
37351 1312 0 1920 1080
37352 1312 0 1920 1080
37353 1312 0 1920 1080
37354 1312 0 1920 1080
37355 1312 0 1920 1080
37356 1312 0 1920 1080
37357 1312 0 1920 1080
37358 1312 0 1920 1080
37359 1312 0 1920 1080
37360 1312 0 1920 1080
37361 1312 0 1920 1080
37362 1312 0 1920 1080
37363 1312 0 1920 1080
37364 1312 0 1920 1080
37365 1312 0 1920 1080
37366 1312 0 1920 1080
37367 1312 0 1920 1080
37368 1312 0 1920 1080
37369 1312 0 1920 1080
37370 1312 0 1920 1080
37371 1312 0 1920 1080
37372 1312 0 1920 1080
37373 1312 0 1920 1080
37374 1312 0 1920 1080
37375 1312 0 1920 1080
37376 1312 0 1920 1080
37377 1312 0 1920 1080
37378 1312 0 1920 1080
37379 1312 0 1920 1080
37380 1312 0 1920 1080
37381 1312 0 1920 1080
37382 1312 0 1920 1080
37383 1312 0 1920 1080
37384 1312 0 1920 1080
37385 1312 0 1920 1080
37386 1312 0 1920 1080
37387 1312 0 1920 1080
37388 1312 0 1920 1080
37389 1312 0 1920 1080
37390 1312 0 1920 1080
37391 1312 0 1920 1080
37392 1312 0 1920 1080
37393 1312 0 1920 1080
37394 1312 0 1920 1080
37395 1312 0 1920 1080
37396 1312 0 1920 1080
37397 1308 0 1916 1080
37398 1295 0 1903 1080
37399 1284 0 1892 1080
37400 1280 0 1888 1080
37401 1281 0 1889 1080
37402 1288 0 1896 1080
37403 1298 0 1906 1080
37404 1307 0 1915 1080
37405 1312 0 1920 1080
37406 1312 0 1920 1080
37407 1312 0 1920 1080
37408 1312 0 1920 1080
37409 1312 0 1920 1080
37410 1312 0 1920 1080
37411 1312 0 1920 1080
37412 1312 0 1920 1080
37413 1312 0 1920 1080
37414 1312 0 1920 1080
37415 1312 0 1920 1080
37416 1312 0 1920 1080
37417 1312 0 1920 1080
37418 1312 0 1920 1080
37419 1312 0 1920 1080
37420 1312 0 1920 1080
37421 1312 0 1920 1080
37422 1312 0 1920 1080
37423 1312 0 1920 1080
37424 1312 0 1920 1080
37425 1312 0 1920 1080
37426 1312 0 1920 1080
37427 1312 0 1920 1080
37428 1312 0 1920 1080
37429 1312 0 1920 1080
37430 1312 0 1920 1080
37431 1312 0 1920 1080
37432 1312 0 1920 1080
37433 1312 0 1920 1080
37434 1312 0 1920 1080
37435 1312 0 1920 1080
37436 1312 0 1920 1080
37437 1312 0 1920 1080
37438 1312 0 1920 1080
37439 1312 0 1920 1080
37440 1312 0 1920 1080
37441 1312 0 1920 1080
37442 1312 0 1920 1080
37443 1312 0 1920 1080
37444 1312 0 1920 1080
37445 1312 0 1920 1080
37446 1312 0 1920 1080
37447 1312 0 1920 1080
37448 1312 0 1920 1080
37449 1312 0 1920 1080
37450 1312 0 1920 1080
37451 1312 0 1920 1080
37452 1312 0 1920 1080
37453 1312 0 1920 1080
37454 1312 0 1920 1080
37455 1306 0 1914 1080
37456 1296 0 1904 1080
37457 1287 0 1895 1080
37458 1279 0 1887 1080
37459 1271 0 1879 1080
37460 1261 0 1869 1080
37461 1250 0 1858 1080
37462 1235 0 1843 1080
37463 1217 0 1825 1080
37464 1199 0 1807 1080
37465 1184 0 1792 1080
37466 1173 0 1781 1080
37467 1102 0 1710 1080
37468 1022 0 1630 1080
37469 942 0 1550 1080
37470 862 0 1470 1080
37471 799 0 1407 1080
37472 756 0 1364 1080
37473 737 0 1345 1080
37474 740 0 1348 1080
37475 720 0 1328 1080
37476 684 0 1292 1080
37477 643 0 1251 1080
37478 606 0 1214 1080
37479 584 0 1192 1080
37480 578 0 1186 1080
37481 590 0 1198 1080
37482 615 0 1223 1080
37483 648 0 1256 1080
37484 682 0 1290 1080
37485 713 0 1321 1080
37486 736 0 1344 1080
37487 750 0 1358 1080
37488 756 0 1364 1080
37489 755 0 1363 1080
37490 752 0 1360 1080
37491 747 0 1355 1080
37492 746 0 1354 1080
37493 750 0 1358 1080
37494 759 0 1367 1080
37495 773 0 1381 1080
37496 790 0 1398 1080
37497 806 0 1414 1080
37498 821 0 1429 1080
37499 831 0 1439 1080
37500 836 0 1444 1080
37501 837 0 1445 1080
37502 835 0 1443 1080
37503 831 0 1439 1080
37504 814 0 1422 1080
37505 734 0 1342 1080
37506 676 0 1284 1080
37507 648 0 1256 1080
37508 650 0 1258 1080
37509 675 0 1283 1080
37510 716 0 1324 1080
37511 760 0 1368 1080
37512 694 0 1302 1080
37513 659 0 1267 1080
37514 655 0 1263 1080
37515 679 0 1287 1080
37516 720 0 1328 1080
37517 767 0 1375 1080
37518 810 0 1418 1080
37519 735 0 1343 1080
37520 655 0 1263 1080
37521 575 0 1183 1080
37522 495 0 1103 1080
37523 415 0 1023 1080
37524 335 0 943 1080
37525 258 0 866 1080
37526 200 0 808 1080
37527 168 0 776 1080
37528 164 0 772 1080
37529 182 0 790 1080
37530 262 0 870 1080
37531 329 0 937 1080
37532 370 0 978 1080
37533 384 0 992 1080
37534 372 0 980 1080
37535 343 0 951 1080
37536 273 0 881 1080
37537 193 0 801 1080
37538 113 0 721 1080
37539 33 0 641 1080
37540 0 0 608 1080
37541 0 0 608 1080
37542 0 0 608 1080
37543 0 0 608 1080
37544 0 0 608 1080
37545 0 0 608 1080
37546 0 0 608 1080
37547 0 0 608 1080
37548 0 0 608 1080
37549 57 0 665 1080
37550 137 0 745 1080
37551 217 0 825 1080
37552 297 0 905 1080
37553 377 0 985 1080
37554 457 0 1065 1080
37555 537 0 1145 1080
37556 617 0 1225 1080
37557 686 0 1294 1080
37558 727 0 1335 1080
37559 732 0 1340 1080
37560 706 0 1314 1080
37561 654 0 1262 1080
37562 590 0 1198 1080
37563 529 0 1137 1080
37564 475 0 1083 1080
37565 435 0 1043 1080
37566 414 0 1022 1080
37567 408 0 1016 1080
37568 415 0 1023 1080
37569 429 0 1037 1080
37570 446 0 1054 1080
37571 462 0 1070 1080
37572 472 0 1080 1080
37573 475 0 1083 1080
37574 470 0 1078 1080
37575 457 0 1065 1080
37576 438 0 1046 1080
37577 416 0 1024 1080
37578 395 0 1003 1080
37579 377 0 985 1080
37580 365 0 973 1080
37581 362 0 970 1080
37582 364 0 972 1080
37583 372 0 980 1080
37584 381 0 989 1080
37585 388 0 996 1080
37586 387 0 995 1080
37587 377 0 985 1080
37588 354 0 962 1080
37589 322 0 930 1080
37590 286 0 894 1080
37591 242 0 850 1080
37592 191 0 799 1080
37593 160 0 768 1080
37594 151 0 759 1080
37595 160 0 768 1080
37596 180 0 788 1080
37597 202 0 810 1080
37598 210 0 818 1080
37599 204 0 812 1080
37600 188 0 796 1080
37601 168 0 776 1080
37602 147 0 755 1080
37603 129 0 737 1080
37604 115 0 723 1080
37605 105 0 713 1080
37606 99 0 707 1080
37607 96 0 704 1080
37608 93 0 701 1080
37609 92 0 700 1080
37610 90 0 698 1080
37611 85 0 693 1080
37612 80 0 688 1080
37613 76 0 684 1080
37614 72 0 680 1080
37615 68 0 676 1080
37616 64 0 672 1080
37617 85 0 693 1080
37618 122 0 730 1080
37619 165 0 773 1080
37620 205 0 813 1080
37621 241 0 849 1080
37622 266 0 874 1080
37623 277 0 885 1080
37624 275 0 883 1080
37625 258 0 866 1080
37626 232 0 840 1080
37627 205 0 813 1080
37628 180 0 788 1080
37629 161 0 769 1080
37630 164 0 772 1080
37631 184 0 792 1080
37632 214 0 822 1080
37633 247 0 855 1080
37634 275 0 883 1080
37635 294 0 902 1080
37636 303 0 911 1080
37637 303 0 911 1080
37638 297 0 905 1080
37639 288 0 896 1080
37640 280 0 888 1080
37641 274 0 882 1080
37642 273 0 881 1080
37643 275 0 883 1080
37644 281 0 889 1080
37645 271 0 879 1080
37646 265 0 873 1080
37647 205 0 813 1080
37648 159 0 767 1080
37649 135 0 743 1080
37650 149 0 757 1080
37651 192 0 800 1080
37652 254 0 862 1080
37653 321 0 929 1080
37654 381 0 989 1080
37655 428 0 1036 1080
37656 457 0 1065 1080
37657 471 0 1079 1080
37658 475 0 1083 1080
37659 473 0 1081 1080
37660 481 0 1089 1080
37661 561 0 1169 1080
37662 641 0 1249 1080
37663 721 0 1329 1080
37664 801 0 1409 1080
37665 881 0 1489 1080
37666 961 0 1569 1080
37667 1041 0 1649 1080
37668 1121 0 1729 1080
37669 1201 0 1809 1080
37670 1281 0 1889 1080
37671 1312 0 1920 1080
37672 1312 0 1920 1080
37673 1312 0 1920 1080
37674 1281 0 1889 1080
37675 1201 0 1809 1080
37676 1121 0 1729 1080
37677 1041 0 1649 1080
37678 961 0 1569 1080
37679 881 0 1489 1080
37680 872 0 1480 1080
37681 792 0 1400 1080
37682 712 0 1320 1080
37683 632 0 1240 1080
37684 552 0 1160 1080
37685 472 0 1080 1080
37686 392 0 1000 1080
37687 312 0 920 1080
37688 246 0 854 1080
37689 177 0 785 1080
37690 122 0 730 1080
37691 90 0 698 1080
37692 170 0 778 1080
37693 236 0 844 1080
37694 283 0 891 1080
37695 308 0 916 1080
37696 310 0 918 1080
37697 295 0 903 1080
37698 269 0 877 1080
37699 239 0 847 1080
37700 211 0 819 1080
37701 192 0 800 1080
37702 136 0 744 1080
37703 62 0 670 1080
37704 0 0 608 1080
37705 0 0 608 1080
37706 0 0 608 1080
37707 0 0 608 1080
37708 0 0 608 1080
37709 0 0 608 1080
37710 66 0 674 1080
37711 146 0 754 1080
37712 226 0 834 1080
37713 306 0 914 1080
37714 386 0 994 1080
37715 466 0 1074 1080
37716 544 0 1152 1080
37717 613 0 1221 1080
37718 660 0 1268 1080
37719 662 0 1270 1080
37720 644 0 1252 1080
37721 611 0 1219 1080
37722 575 0 1183 1080
37723 495 0 1103 1080
37724 415 0 1023 1080
37725 335 0 943 1080
37726 255 0 863 1080
37727 175 0 783 1080
37728 255 0 863 1080
37729 263 0 871 1080
37730 210 0 818 1080
37731 130 0 738 1080
37732 50 0 658 1080
37733 0 0 608 1080
37734 0 0 608 1080
37735 0 0 608 1080
37736 43 0 651 1080
37737 73 0 681 1080
37738 73 0 681 1080
37739 48 0 656 1080
37740 9 0 617 1080
37741 0 0 608 1080
37742 46 0 654 1080
37743 89 0 697 1080
37744 95 0 703 1080
37745 68 0 676 1080
37746 21 0 629 1080
37747 0 0 608 1080
37748 0 0 608 1080
37749 0 0 608 1080
37750 47 0 655 1080
37751 64 0 672 1080
37752 50 0 658 1080
37753 13 0 621 1080
37754 0 0 608 1080
37755 0 0 608 1080
37756 0 0 608 1080
37757 46 0 654 1080
37758 58 0 666 1080
37759 38 0 646 1080
37760 0 0 608 1080
37761 0 0 608 1080
37762 0 0 608 1080
37763 0 0 608 1080
37764 26 0 634 1080
37765 40 0 648 1080
37766 34 0 642 1080
37767 14 0 622 1080
37768 0 0 608 1080
37769 0 0 608 1080
37770 0 0 608 1080
37771 0 0 608 1080
37772 0 0 608 1080
37773 0 0 608 1080
37774 0 0 608 1080
37775 0 0 608 1080
37776 0 0 608 1080
37777 0 0 608 1080
37778 0 0 608 1080
37779 0 0 608 1080
37780 0 0 608 1080
37781 0 0 608 1080
37782 0 0 608 1080
37783 0 0 608 1080
37784 0 0 608 1080
37785 0 0 608 1080
37786 0 0 608 1080
37787 0 0 608 1080
37788 11 0 619 1080
37789 24 0 632 1080
37790 32 0 640 1080
37791 34 0 642 1080
37792 32 0 640 1080
37793 28 0 636 1080
37794 22 0 630 1080
37795 17 0 625 1080
37796 16 0 624 1080
37797 22 0 630 1080
37798 33 0 641 1080
37799 45 0 653 1080
37800 55 0 663 1080
37801 59 0 667 1080
37802 56 0 664 1080
37803 51 0 659 1080
37804 44 0 652 1080
37805 36 0 644 1080
37806 31 0 639 1080
37807 31 0 639 1080
37808 34 0 642 1080
37809 39 0 647 1080
37810 42 0 650 1080
37811 44 0 652 1080
37812 43 0 651 1080
37813 42 0 650 1080
37814 38 0 646 1080
37815 36 0 644 1080
37816 36 0 644 1080
37817 42 0 650 1080
37818 51 0 659 1080
37819 61 0 669 1080
37820 69 0 677 1080
37821 74 0 682 1080
37822 75 0 683 1080
37823 72 0 680 1080
37824 70 0 678 1080
37825 70 0 678 1080
37826 72 0 680 1080
37827 73 0 681 1080
37828 72 0 680 1080
37829 70 0 678 1080
37830 66 0 674 1080
37831 63 0 671 1080
37832 61 0 669 1080
37833 61 0 669 1080
37834 62 0 670 1080
37835 63 0 671 1080
37836 65 0 673 1080
37837 71 0 679 1080
37838 80 0 688 1080
37839 92 0 700 1080
37840 104 0 712 1080
37841 116 0 724 1080
37842 125 0 733 1080
37843 132 0 740 1080
37844 134 0 742 1080
37845 132 0 740 1080
37846 125 0 733 1080
37847 116 0 724 1080
37848 106 0 714 1080
37849 96 0 704 1080
37850 91 0 699 1080
37851 91 0 699 1080
37852 99 0 707 1080
37853 111 0 719 1080
37854 124 0 732 1080
37855 137 0 745 1080
37856 146 0 754 1080
37857 151 0 759 1080
37858 152 0 760 1080
37859 152 0 760 1080
37860 150 0 758 1080
37861 149 0 757 1080
37862 148 0 756 1080
37863 147 0 755 1080
37864 147 0 755 1080
37865 148 0 756 1080
37866 148 0 756 1080
37867 153 0 761 1080
37868 157 0 765 1080
37869 161 0 769 1080
37870 165 0 773 1080
37871 169 0 777 1080
37872 172 0 780 1080
37873 175 0 783 1080
37874 182 0 790 1080
37875 189 0 797 1080
37876 195 0 803 1080
37877 200 0 808 1080
37878 203 0 811 1080
37879 204 0 812 1080
37880 202 0 810 1080
37881 203 0 811 1080
37882 201 0 809 1080
37883 197 0 805 1080
37884 192 0 800 1080
37885 188 0 796 1080
37886 184 0 792 1080
37887 181 0 789 1080
37888 184 0 792 1080
37889 192 0 800 1080
37890 201 0 809 1080
37891 211 0 819 1080
37892 216 0 824 1080
37893 245 0 853 1080
37894 286 0 894 1080
37895 326 0 934 1080
37896 360 0 968 1080
37897 380 0 988 1080
37898 384 0 992 1080
37899 375 0 983 1080
37900 357 0 965 1080
37901 308 0 916 1080
37902 247 0 855 1080
37903 192 0 800 1080
37904 154 0 762 1080
37905 139 0 747 1080
37906 151 0 759 1080
37907 185 0 793 1080
37908 233 0 841 1080
37909 284 0 892 1080
37910 331 0 939 1080
37911 368 0 976 1080
37912 393 0 1001 1080
37913 405 0 1013 1080
37914 408 0 1016 1080
37915 452 0 1060 1080
37916 525 0 1133 1080
37917 605 0 1213 1080
37918 685 0 1293 1080
37919 758 0 1366 1080
37920 818 0 1426 1080
37921 859 0 1467 1080
37922 884 0 1492 1080
37923 896 0 1504 1080
37924 901 0 1509 1080
37925 906 0 1514 1080
37926 915 0 1523 1080
37927 931 0 1539 1080
37928 955 0 1563 1080
37929 987 0 1595 1080
37930 1024 0 1632 1080
37931 1063 0 1671 1080
37932 1102 0 1710 1080
37933 1137 0 1745 1080
37934 1169 0 1777 1080
37935 1197 0 1805 1080
37936 1222 0 1830 1080
37937 1245 0 1853 1080
37938 1247 0 1855 1080
37939 1229 0 1837 1080
37940 1200 0 1808 1080
37941 1166 0 1774 1080
37942 1134 0 1742 1080
37943 1111 0 1719 1080
37944 1098 0 1706 1080
37945 1086 0 1694 1080
37946 1078 0 1686 1080
37947 1074 0 1682 1080
37948 1071 0 1679 1080
37949 1069 0 1677 1080
37950 1068 0 1676 1080
37951 1068 0 1676 1080
37952 1069 0 1677 1080
37953 1070 0 1678 1080
37954 1071 0 1679 1080
37955 1071 0 1679 1080
37956 1071 0 1679 1080
37957 1070 0 1678 1080
37958 1067 0 1675 1080
37959 1063 0 1671 1080
37960 1059 0 1667 1080
37961 1060 0 1668 1080
37962 1067 0 1675 1080
37963 1074 0 1682 1080
37964 1080 0 1688 1080
37965 1082 0 1690 1080
37966 1081 0 1689 1080
37967 1115 0 1723 1080
37968 1131 0 1739 1080
37969 1129 0 1737 1080
37970 1152 0 1760 1080
37971 1190 0 1798 1080
37972 1232 0 1840 1080
37973 1270 0 1878 1080
37974 1297 0 1905 1080
37975 1310 0 1918 1080
37976 1274 0 1882 1080
37977 1205 0 1813 1080
37978 1156 0 1764 1080
37979 1134 0 1742 1080
37980 1138 0 1746 1080
37981 1163 0 1771 1080
37982 1199 0 1807 1080
37983 1237 0 1845 1080
37984 1269 0 1877 1080
37985 1289 0 1897 1080
37986 1294 0 1902 1080
37987 1286 0 1894 1080
37988 1269 0 1877 1080
37989 1264 0 1872 1080
37990 1270 0 1878 1080
37991 1293 0 1901 1080
37992 1312 0 1920 1080
37993 1312 0 1920 1080
37994 1312 0 1920 1080
37995 1312 0 1920 1080
37996 1312 0 1920 1080
37997 1312 0 1920 1080
37998 1312 0 1920 1080
37999 1287 0 1895 1080
38000 1253 0 1861 1080
38001 1239 0 1847 1080
38002 1236 0 1844 1080
38003 1255 0 1863 1080
38004 1289 0 1897 1080
38005 1312 0 1920 1080
38006 1312 0 1920 1080
38007 1312 0 1920 1080
38008 1312 0 1920 1080
38009 1294 0 1902 1080
38010 1299 0 1907 1080
38011 1312 0 1920 1080
38012 1312 0 1920 1080
38013 1312 0 1920 1080
38014 1312 0 1920 1080
38015 1312 0 1920 1080
38016 1312 0 1920 1080
38017 1312 0 1920 1080
38018 1312 0 1920 1080
38019 1312 0 1920 1080
38020 1287 0 1895 1080
38021 1272 0 1880 1080
38022 1276 0 1884 1080
38023 1293 0 1901 1080
38024 1312 0 1920 1080
38025 1312 0 1920 1080
38026 1312 0 1920 1080
38027 1312 0 1920 1080
38028 1312 0 1920 1080
38029 1312 0 1920 1080
38030 1312 0 1920 1080
38031 1312 0 1920 1080
38032 1312 0 1920 1080
38033 1312 0 1920 1080
38034 1308 0 1916 1080
38035 1278 0 1886 1080
38036 1239 0 1847 1080
38037 1202 0 1810 1080
38038 1202 0 1810 1080
38039 1203 0 1811 1080
38040 1232 0 1840 1080
38041 1262 0 1870 1080
38042 1303 0 1911 1080
38043 1312 0 1920 1080
38044 1312 0 1920 1080
38045 1312 0 1920 1080
38046 1312 0 1920 1080
38047 1291 0 1899 1080
38048 1211 0 1819 1080
38049 1174 0 1782 1080
38050 1186 0 1794 1080
38051 1237 0 1845 1080
38052 1224 0 1832 1080
38053 1253 0 1861 1080
38054 1221 0 1829 1080
38055 1147 0 1755 1080
38056 1067 0 1675 1080
38057 987 0 1595 1080
38058 907 0 1515 1080
38059 827 0 1435 1080
38060 757 0 1365 1080
38061 714 0 1322 1080
38062 702 0 1310 1080
38063 717 0 1325 1080
38064 755 0 1363 1080
38065 802 0 1410 1080
38066 848 0 1456 1080
38067 885 0 1493 1080
38068 910 0 1518 1080
38069 921 0 1529 1080
38070 919 0 1527 1080
38071 906 0 1514 1080
38072 888 0 1496 1080
38073 870 0 1478 1080
38074 852 0 1460 1080
38075 838 0 1446 1080
38076 827 0 1435 1080
38077 821 0 1429 1080
38078 823 0 1431 1080
38079 831 0 1439 1080
38080 841 0 1449 1080
38081 850 0 1458 1080
38082 858 0 1466 1080
38083 861 0 1469 1080
38084 857 0 1465 1080
38085 846 0 1454 1080
38086 828 0 1436 1080
38087 809 0 1417 1080
38088 793 0 1401 1080
38089 784 0 1392 1080
38090 783 0 1391 1080
38091 789 0 1397 1080
38092 799 0 1407 1080
38093 808 0 1416 1080
38094 813 0 1421 1080
38095 812 0 1420 1080
38096 806 0 1414 1080
38097 795 0 1403 1080
38098 785 0 1393 1080
38099 777 0 1385 1080
38100 772 0 1380 1080
38101 774 0 1382 1080
38102 779 0 1387 1080
38103 785 0 1393 1080
38104 788 0 1396 1080
38105 787 0 1395 1080
38106 781 0 1389 1080
38107 771 0 1379 1080
38108 761 0 1369 1080
38109 753 0 1361 1080
38110 750 0 1358 1080
38111 752 0 1360 1080
38112 757 0 1365 1080
38113 764 0 1372 1080
38114 770 0 1378 1080
38115 774 0 1382 1080
38116 773 0 1381 1080
38117 768 0 1376 1080
38118 759 0 1367 1080
38119 749 0 1357 1080
38120 740 0 1348 1080
38121 733 0 1341 1080
38122 730 0 1338 1080
38123 730 0 1338 1080
38124 732 0 1340 1080
38125 738 0 1346 1080
38126 744 0 1352 1080
38127 751 0 1359 1080
38128 756 0 1364 1080
38129 760 0 1368 1080
38130 764 0 1372 1080
38131 766 0 1374 1080
38132 768 0 1376 1080
38133 769 0 1377 1080
38134 766 0 1374 1080
38135 760 0 1368 1080
38136 753 0 1361 1080
38137 747 0 1355 1080
38138 743 0 1351 1080
38139 742 0 1350 1080
38140 743 0 1351 1080
38141 746 0 1354 1080
38142 750 0 1358 1080
38143 752 0 1360 1080
38144 753 0 1361 1080
38145 753 0 1361 1080
38146 753 0 1361 1080
38147 750 0 1358 1080
38148 744 0 1352 1080
38149 734 0 1342 1080
38150 720 0 1328 1080
38151 707 0 1315 1080
38152 696 0 1304 1080
38153 690 0 1298 1080
38154 688 0 1296 1080
38155 689 0 1297 1080
38156 694 0 1302 1080
38157 701 0 1309 1080
38158 708 0 1316 1080
38159 713 0 1321 1080
38160 715 0 1323 1080
38161 715 0 1323 1080
38162 714 0 1322 1080
38163 714 0 1322 1080
38164 714 0 1322 1080
38165 715 0 1323 1080
38166 720 0 1328 1080
38167 727 0 1335 1080
38168 736 0 1344 1080
38169 745 0 1353 1080
38170 753 0 1361 1080
38171 759 0 1367 1080
38172 762 0 1370 1080
38173 762 0 1370 1080
38174 761 0 1369 1080
38175 759 0 1367 1080
38176 759 0 1367 1080
38177 764 0 1372 1080
38178 777 0 1385 1080
38179 819 0 1427 1080
38180 876 0 1484 1080
38181 934 0 1542 1080
38182 983 0 1591 1080
38183 1017 0 1625 1080
38184 1037 0 1645 1080
38185 1082 0 1690 1080
38186 1141 0 1749 1080
38187 1204 0 1812 1080
38188 1259 0 1867 1080
38189 1299 0 1907 1080
38190 1312 0 1920 1080
38191 1312 0 1920 1080
38192 1306 0 1914 1080
38193 1283 0 1891 1080
38194 1258 0 1866 1080
38195 1237 0 1845 1080
38196 1223 0 1831 1080
38197 1218 0 1826 1080
38198 1222 0 1830 1080
38199 1232 0 1840 1080
38200 1245 0 1853 1080
38201 1258 0 1866 1080
38202 1269 0 1877 1080
38203 1277 0 1885 1080
38204 1280 0 1888 1080
38205 1280 0 1888 1080
38206 1277 0 1885 1080
38207 1273 0 1881 1080
38208 1270 0 1878 1080
38209 1267 0 1875 1080
38210 1265 0 1873 1080
38211 1264 0 1872 1080
38212 1265 0 1873 1080
38213 1267 0 1875 1080
38214 1270 0 1878 1080
38215 1272 0 1880 1080
38216 1274 0 1882 1080
38217 1275 0 1883 1080
38218 1276 0 1884 1080
38219 1277 0 1885 1080
38220 1276 0 1884 1080
38221 1275 0 1883 1080
38222 1273 0 1881 1080
38223 1272 0 1880 1080
38224 1272 0 1880 1080
38225 1272 0 1880 1080
38226 1273 0 1881 1080
38227 1274 0 1882 1080
38228 1275 0 1883 1080
38229 1277 0 1885 1080
38230 1278 0 1886 1080
38231 1279 0 1887 1080
38232 1279 0 1887 1080
38233 1280 0 1888 1080
38234 1280 0 1888 1080
38235 1277 0 1885 1080
38236 1273 0 1881 1080
38237 1269 0 1877 1080
38238 1263 0 1871 1080
38239 1256 0 1864 1080
38240 1251 0 1859 1080
38241 1246 0 1854 1080
38242 1242 0 1850 1080
38243 1240 0 1848 1080
38244 1238 0 1846 1080
38245 1237 0 1845 1080
38246 1237 0 1845 1080
38247 1235 0 1843 1080
38248 1233 0 1841 1080
38249 1230 0 1838 1080
38250 1226 0 1834 1080
38251 1221 0 1829 1080
38252 1215 0 1823 1080
38253 1208 0 1816 1080
38254 1201 0 1809 1080
38255 1194 0 1802 1080
38256 1189 0 1797 1080
38257 1186 0 1794 1080
38258 1183 0 1791 1080
38259 1183 0 1791 1080
38260 1184 0 1792 1080
38261 1186 0 1794 1080
38262 1189 0 1797 1080
38263 1191 0 1799 1080
38264 1192 0 1800 1080
38265 1186 0 1794 1080
38266 1181 0 1789 1080
38267 1178 0 1786 1080
38268 1177 0 1785 1080
38269 1178 0 1786 1080
38270 1196 0 1804 1080
38271 1222 0 1830 1080
38272 1202 0 1810 1080
38273 1198 0 1806 1080
38274 1209 0 1817 1080
38275 1229 0 1837 1080
38276 1253 0 1861 1080
38277 1276 0 1884 1080
38278 1293 0 1901 1080
38279 1213 0 1821 1080
38280 1161 0 1769 1080
38281 1143 0 1751 1080
38282 1155 0 1763 1080
38283 1190 0 1798 1080
38284 1236 0 1844 1080
38285 1281 0 1889 1080
38286 1201 0 1809 1080
38287 1154 0 1762 1080
38288 1143 0 1751 1080
38289 1163 0 1771 1080
38290 1204 0 1812 1080
38291 1254 0 1862 1080
38292 1302 0 1910 1080
38293 1222 0 1830 1080
38294 1173 0 1781 1080
38295 1158 0 1766 1080
38296 1174 0 1782 1080
38297 1212 0 1820 1080
38298 1261 0 1869 1080
38299 1308 0 1916 1080
38300 1228 0 1836 1080
38301 1179 0 1787 1080
38302 1166 0 1774 1080
38303 1184 0 1792 1080
38304 1224 0 1832 1080
38305 1273 0 1881 1080
38306 1312 0 1920 1080
38307 1240 0 1848 1080
38308 1191 0 1799 1080
38309 1177 0 1785 1080
38310 1195 0 1803 1080
38311 1169 0 1777 1080
38312 1114 0 1722 1080
38313 1049 0 1657 1080
38314 989 0 1597 1080
38315 947 0 1555 1080
38316 928 0 1536 1080
38317 933 0 1541 1080
38318 957 0 1565 1080
38319 992 0 1600 1080
38320 1033 0 1641 1080
38321 1069 0 1677 1080
38322 1095 0 1703 1080
38323 1107 0 1715 1080
38324 1105 0 1713 1080
38325 1094 0 1702 1080
38326 1079 0 1687 1080
38327 1064 0 1672 1080
38328 1051 0 1659 1080
38329 1045 0 1653 1080
38330 1045 0 1653 1080
38331 1052 0 1660 1080
38332 1064 0 1672 1080
38333 1078 0 1686 1080
38334 1092 0 1700 1080
38335 1103 0 1711 1080
38336 1108 0 1716 1080
38337 1108 0 1716 1080
38338 1102 0 1710 1080
38339 1095 0 1703 1080
38340 1087 0 1695 1080
38341 1081 0 1689 1080
38342 1076 0 1684 1080
38343 1074 0 1682 1080
38344 1074 0 1682 1080
38345 1075 0 1683 1080
38346 1076 0 1684 1080
38347 1072 0 1680 1080
38348 1064 0 1672 1080
38349 1041 0 1649 1080
38350 1019 0 1627 1080
38351 998 0 1606 1080
38352 963 0 1571 1080
38353 920 0 1528 1080
38354 873 0 1481 1080
38355 828 0 1436 1080
38356 789 0 1397 1080
38357 757 0 1365 1080
38358 733 0 1341 1080
38359 715 0 1323 1080
38360 701 0 1309 1080
38361 687 0 1295 1080
38362 672 0 1280 1080
38363 653 0 1261 1080
38364 630 0 1238 1080
38365 605 0 1213 1080
38366 576 0 1184 1080
38367 546 0 1154 1080
38368 516 0 1124 1080
38369 488 0 1096 1080
38370 460 0 1068 1080
38371 435 0 1043 1080
38372 410 0 1018 1080
38373 387 0 995 1080
38374 364 0 972 1080
38375 341 0 949 1080
38376 318 0 926 1080
38377 294 0 902 1080
38378 269 0 877 1080
38379 210 0 818 1080
38380 134 0 742 1080
38381 59 0 667 1080
38382 37 0 645 1080
38383 65 0 673 1080
38384 130 0 738 1080
38385 210 0 818 1080
38386 290 0 898 1080
38387 361 0 969 1080
38388 414 0 1022 1080
38389 387 0 995 1080
38390 364 0 972 1080
38391 350 0 958 1080
38392 350 0 958 1080
38393 364 0 972 1080
38394 389 0 997 1080
38395 422 0 1030 1080
38396 457 0 1065 1080
38397 498 0 1106 1080
38398 538 0 1146 1080
38399 570 0 1178 1080
38400 591 0 1199 1080
38401 593 0 1201 1080
38402 588 0 1196 1080
38403 577 0 1185 1080
38404 564 0 1172 1080
38405 555 0 1163 1080
38406 551 0 1159 1080
38407 553 0 1161 1080
38408 559 0 1167 1080
38409 569 0 1177 1080
38410 579 0 1187 1080
38411 588 0 1196 1080
38412 595 0 1203 1080
38413 597 0 1205 1080
38414 597 0 1205 1080
38415 592 0 1200 1080
38416 583 0 1191 1080
38417 576 0 1184 1080
38418 574 0 1182 1080
38419 574 0 1182 1080
38420 574 0 1182 1080
38421 567 0 1175 1080
38422 549 0 1157 1080
38423 533 0 1141 1080
38424 521 0 1129 1080
38425 515 0 1123 1080
38426 516 0 1124 1080
38427 509 0 1117 1080
38428 498 0 1106 1080
38429 487 0 1095 1080
38430 480 0 1088 1080
38431 478 0 1086 1080
38432 481 0 1089 1080
38433 492 0 1100 1080
38434 509 0 1117 1080
38435 530 0 1138 1080
38436 553 0 1161 1080
38437 574 0 1182 1080
38438 589 0 1197 1080
38439 597 0 1205 1080
38440 597 0 1205 1080
38441 592 0 1200 1080
38442 586 0 1194 1080
38443 581 0 1189 1080
38444 555 0 1163 1080
38445 517 0 1125 1080
38446 479 0 1087 1080
38447 449 0 1057 1080
38448 429 0 1037 1080
38449 451 0 1059 1080
38450 500 0 1108 1080
38451 561 0 1169 1080
38452 596 0 1204 1080
38453 606 0 1214 1080
38454 592 0 1200 1080
38455 559 0 1167 1080
38456 517 0 1125 1080
38457 491 0 1099 1080
38458 490 0 1098 1080
38459 566 0 1174 1080
38460 646 0 1254 1080
38461 726 0 1334 1080
38462 806 0 1414 1080
38463 880 0 1488 1080
38464 931 0 1539 1080
38465 951 0 1559 1080
38466 947 0 1555 1080
38467 916 0 1524 1080
38468 866 0 1474 1080
38469 807 0 1415 1080
38470 750 0 1358 1080
38471 703 0 1311 1080
38472 673 0 1281 1080
38473 664 0 1272 1080
38474 673 0 1281 1080
38475 696 0 1304 1080
38476 720 0 1328 1080
38477 737 0 1345 1080
38478 747 0 1355 1080
38479 748 0 1356 1080
38480 742 0 1350 1080
38481 732 0 1340 1080
38482 735 0 1343 1080
38483 746 0 1354 1080
38484 761 0 1369 1080
38485 774 0 1382 1080
38486 783 0 1391 1080
38487 787 0 1395 1080
38488 785 0 1393 1080
38489 778 0 1386 1080
38490 767 0 1375 1080
38491 755 0 1363 1080
38492 742 0 1350 1080
38493 730 0 1338 1080
38494 720 0 1328 1080
38495 715 0 1323 1080
38496 710 0 1318 1080
38497 705 0 1313 1080
38498 700 0 1308 1080
38499 695 0 1303 1080
38500 690 0 1298 1080
38501 685 0 1293 1080
38502 681 0 1289 1080
38503 677 0 1285 1080
38504 675 0 1283 1080
38505 670 0 1278 1080
38506 665 0 1273 1080
38507 641 0 1249 1080
38508 608 0 1216 1080
38509 576 0 1184 1080
38510 551 0 1159 1080
38511 538 0 1146 1080
38512 543 0 1151 1080
38513 561 0 1169 1080
38514 563 0 1171 1080
38515 554 0 1162 1080
38516 545 0 1153 1080
38517 542 0 1150 1080
38518 543 0 1151 1080
38519 538 0 1146 1080
38520 522 0 1130 1080
38521 505 0 1113 1080
38522 495 0 1103 1080
38523 497 0 1105 1080
38524 510 0 1118 1080
38525 551 0 1159 1080
38526 588 0 1196 1080
38527 633 0 1241 1080
38528 676 0 1284 1080
38529 709 0 1317 1080
38530 727 0 1335 1080
38531 727 0 1335 1080
38532 725 0 1333 1080
38533 706 0 1314 1080
38534 691 0 1299 1080
38535 684 0 1292 1080
38536 684 0 1292 1080
38537 690 0 1298 1080
38538 692 0 1300 1080
38539 686 0 1294 1080
38540 766 0 1374 1080
38541 808 0 1416 1080
38542 812 0 1420 1080
38543 784 0 1392 1080
38544 749 0 1357 1080
38545 705 0 1313 1080
38546 663 0 1271 1080
38547 633 0 1241 1080
38548 619 0 1227 1080
38549 625 0 1233 1080
38550 646 0 1254 1080
38551 676 0 1284 1080
38552 710 0 1318 1080
38553 742 0 1350 1080
38554 767 0 1375 1080
38555 784 0 1392 1080
38556 791 0 1399 1080
38557 791 0 1399 1080
38558 786 0 1394 1080
38559 813 0 1421 1080
38560 865 0 1473 1080
38561 929 0 1537 1080
38562 995 0 1603 1080
38563 1052 0 1660 1080
38564 1095 0 1703 1080
38565 1122 0 1730 1080
38566 1133 0 1741 1080
38567 1132 0 1740 1080
38568 1124 0 1732 1080
38569 1113 0 1721 1080
38570 1099 0 1707 1080
38571 1086 0 1694 1080
38572 1073 0 1681 1080
38573 1062 0 1670 1080
38574 1054 0 1662 1080
38575 1047 0 1655 1080
38576 1041 0 1649 1080
38577 1036 0 1644 1080
38578 1031 0 1639 1080
38579 1027 0 1635 1080
38580 1027 0 1635 1080
38581 1030 0 1638 1080
38582 1039 0 1647 1080
38583 1047 0 1655 1080
38584 1054 0 1662 1080
38585 1059 0 1667 1080
38586 1060 0 1668 1080
38587 1072 0 1680 1080
38588 1096 0 1704 1080
38589 1126 0 1734 1080
38590 1158 0 1766 1080
38591 1186 0 1794 1080
38592 1206 0 1814 1080
38593 1216 0 1824 1080
38594 1217 0 1825 1080
38595 1209 0 1817 1080
38596 1197 0 1805 1080
38597 1186 0 1794 1080
38598 1178 0 1786 1080
38599 1175 0 1783 1080
38600 1181 0 1789 1080
38601 1193 0 1801 1080
38602 1209 0 1817 1080
38603 1225 0 1833 1080
38604 1239 0 1847 1080
38605 1249 0 1857 1080
38606 1255 0 1863 1080
38607 1258 0 1866 1080
38608 1258 0 1866 1080
38609 1257 0 1865 1080
38610 1255 0 1863 1080
38611 1235 0 1843 1080
38612 1201 0 1809 1080
38613 1163 0 1771 1080
38614 1126 0 1734 1080
38615 1098 0 1706 1080
38616 1080 0 1688 1080
38617 1060 0 1668 1080
38618 1039 0 1647 1080
38619 1021 0 1629 1080
38620 1011 0 1619 1080
38621 1007 0 1615 1080
38622 1010 0 1618 1080
38623 1018 0 1626 1080
38624 1031 0 1639 1080
38625 1045 0 1653 1080
38626 1056 0 1664 1080
38627 1062 0 1670 1080
38628 1062 0 1670 1080
38629 1057 0 1665 1080
38630 1048 0 1656 1080
38631 1037 0 1645 1080
38632 1025 0 1633 1080
38633 1012 0 1620 1080
38634 1003 0 1611 1080
38635 992 0 1600 1080
38636 983 0 1591 1080
38637 977 0 1585 1080
38638 973 0 1581 1080
38639 971 0 1579 1080
38640 972 0 1580 1080
38641 974 0 1582 1080
38642 975 0 1583 1080
38643 974 0 1582 1080
38644 1033 0 1641 1080
38645 1057 0 1665 1080
38646 1050 0 1658 1080
38647 1020 0 1628 1080
38648 979 0 1587 1080
38649 939 0 1547 1080
38650 867 0 1475 1080
38651 787 0 1395 1080
38652 714 0 1322 1080
38653 682 0 1290 1080
38654 689 0 1297 1080
38655 728 0 1336 1080
38656 785 0 1393 1080
38657 843 0 1451 1080
38658 889 0 1497 1080
38659 916 0 1524 1080
38660 922 0 1530 1080
38661 906 0 1514 1080
38662 879 0 1487 1080
38663 846 0 1454 1080
38664 816 0 1424 1080
38665 795 0 1403 1080
38666 786 0 1394 1080
38667 789 0 1397 1080
38668 801 0 1409 1080
38669 815 0 1423 1080
38670 829 0 1437 1080
38671 841 0 1449 1080
38672 849 0 1457 1080
38673 853 0 1461 1080
38674 854 0 1462 1080
38675 851 0 1459 1080
38676 846 0 1454 1080
38677 841 0 1449 1080
38678 838 0 1446 1080
38679 841 0 1449 1080
38680 849 0 1457 1080
38681 860 0 1468 1080
38682 871 0 1479 1080
38683 882 0 1490 1080
38684 891 0 1499 1080
38685 900 0 1508 1080
38686 909 0 1517 1080
38687 919 0 1527 1080
38688 932 0 1540 1080
38689 946 0 1554 1080
38690 962 0 1570 1080
38691 977 0 1585 1080
38692 990 0 1598 1080
38693 999 0 1607 1080
38694 1005 0 1613 1080
38695 1010 0 1618 1080
38696 1017 0 1625 1080
38697 1026 0 1634 1080
38698 1036 0 1644 1080
38699 1046 0 1654 1080
38700 1055 0 1663 1080
38701 1062 0 1670 1080
38702 1065 0 1673 1080
38703 1061 0 1669 1080
38704 1051 0 1659 1080
38705 1038 0 1646 1080
38706 1026 0 1634 1080
38707 1019 0 1627 1080
38708 1020 0 1628 1080
38709 1027 0 1635 1080
38710 1038 0 1646 1080
38711 1051 0 1659 1080
38712 1062 0 1670 1080
38713 1066 0 1674 1080
38714 1064 0 1672 1080
38715 1057 0 1665 1080
38716 1048 0 1656 1080
38717 1040 0 1648 1080
38718 1032 0 1640 1080
38719 1026 0 1634 1080
38720 1022 0 1630 1080
38721 1021 0 1629 1080
38722 1017 0 1625 1080
38723 1011 0 1619 1080
38724 1001 0 1609 1080
38725 991 0 1599 1080
38726 982 0 1590 1080
38727 977 0 1585 1080
38728 977 0 1585 1080
38729 980 0 1588 1080
38730 984 0 1592 1080
38731 989 0 1597 1080
38732 992 0 1600 1080
38733 991 0 1599 1080
38734 988 0 1596 1080
38735 985 0 1593 1080
38736 983 0 1591 1080
38737 982 0 1590 1080
38738 982 0 1590 1080
38739 983 0 1591 1080
38740 983 0 1591 1080
38741 981 0 1589 1080
38742 976 0 1584 1080
38743 969 0 1577 1080
38744 960 0 1568 1080
38745 952 0 1560 1080
38746 947 0 1555 1080
38747 945 0 1553 1080
38748 946 0 1554 1080
38749 949 0 1557 1080
38750 952 0 1560 1080
38751 953 0 1561 1080
38752 948 0 1556 1080
38753 938 0 1546 1080
38754 923 0 1531 1080
38755 907 0 1515 1080
38756 896 0 1504 1080
38757 891 0 1499 1080
38758 895 0 1503 1080
38759 905 0 1513 1080
38760 920 0 1528 1080
38761 937 0 1545 1080
38762 951 0 1559 1080
38763 960 0 1568 1080
38764 965 0 1573 1080
38765 966 0 1574 1080
38766 966 0 1574 1080
38767 965 0 1573 1080
38768 966 0 1574 1080
38769 969 0 1577 1080
38770 973 0 1581 1080
38771 979 0 1587 1080
38772 985 0 1593 1080
38773 991 0 1599 1080
38774 997 0 1605 1080
38775 1003 0 1611 1080
38776 1009 0 1617 1080
38777 1014 0 1622 1080
38778 1020 0 1628 1080
38779 1026 0 1634 1080
38780 1031 0 1639 1080
38781 1036 0 1644 1080
38782 1040 0 1648 1080
38783 1043 0 1651 1080
38784 1044 0 1652 1080
38785 1044 0 1652 1080
38786 1044 0 1652 1080
38787 1044 0 1652 1080
38788 1045 0 1653 1080
38789 1045 0 1653 1080
38790 1047 0 1655 1080
38791 1050 0 1658 1080
38792 1053 0 1661 1080
38793 1054 0 1662 1080
38794 1054 0 1662 1080
38795 1051 0 1659 1080
38796 1048 0 1656 1080
38797 1043 0 1651 1080
38798 1038 0 1646 1080
38799 1032 0 1640 1080
38800 1025 0 1633 1080
38801 1015 0 1623 1080
38802 1003 0 1611 1080
38803 984 0 1592 1080
38804 957 0 1565 1080
38805 926 0 1534 1080
38806 896 0 1504 1080
38807 872 0 1480 1080
38808 857 0 1465 1080
38809 827 0 1435 1080
38810 802 0 1410 1080
38811 782 0 1390 1080
38812 768 0 1376 1080
38813 758 0 1366 1080
38814 751 0 1359 1080
38815 736 0 1344 1080
38816 714 0 1322 1080
38817 669 0 1277 1080
38818 629 0 1237 1080
38819 595 0 1203 1080
38820 571 0 1179 1080
38821 556 0 1164 1080
38822 550 0 1158 1080
38823 546 0 1154 1080
38824 539 0 1147 1080
38825 530 0 1138 1080
38826 518 0 1126 1080
38827 501 0 1109 1080
38828 482 0 1090 1080
38829 460 0 1068 1080
38830 454 0 1062 1080
38831 430 0 1038 1080
38832 410 0 1018 1080
38833 393 0 1001 1080
38834 379 0 987 1080
38835 373 0 981 1080
38836 373 0 981 1080
38837 378 0 986 1080
38838 386 0 994 1080
38839 394 0 1002 1080
38840 397 0 1005 1080
38841 383 0 991 1080
38842 356 0 964 1080
38843 329 0 937 1080
38844 306 0 914 1080
38845 283 0 891 1080
38846 262 0 870 1080
38847 246 0 854 1080
38848 234 0 842 1080
38849 228 0 836 1080
38850 228 0 836 1080
38851 234 0 842 1080
38852 240 0 848 1080
38853 244 0 852 1080
38854 246 0 854 1080
38855 245 0 853 1080
38856 242 0 850 1080
38857 254 0 862 1080
38858 279 0 887 1080
38859 311 0 919 1080
38860 347 0 955 1080
38861 381 0 989 1080
38862 408 0 1016 1080
38863 460 0 1068 1080
38864 525 0 1133 1080
38865 587 0 1195 1080
38866 634 0 1242 1080
38867 661 0 1269 1080
38868 680 0 1288 1080
38869 698 0 1306 1080
38870 730 0 1338 1080
38871 776 0 1384 1080
38872 831 0 1439 1080
38873 892 0 1500 1080
38874 952 0 1560 1080
38875 1005 0 1613 1080
38876 1044 0 1652 1080
38877 1065 0 1673 1080
38878 1081 0 1689 1080
38879 1090 0 1698 1080
38880 1092 0 1700 1080
38881 1089 0 1697 1080
38882 1082 0 1690 1080
38883 1074 0 1682 1080
38884 1066 0 1674 1080
38885 1059 0 1667 1080
38886 1054 0 1662 1080
38887 1052 0 1660 1080
38888 1051 0 1659 1080
38889 1050 0 1658 1080
38890 1048 0 1656 1080
38891 1045 0 1653 1080
38892 1040 0 1648 1080
38893 1033 0 1641 1080
38894 1023 0 1631 1080
38895 1010 0 1618 1080
38896 990 0 1598 1080
38897 965 0 1573 1080
38898 936 0 1544 1080
38899 909 0 1517 1080
38900 886 0 1494 1080
38901 867 0 1475 1080
38902 847 0 1455 1080
38903 826 0 1434 1080
38904 803 0 1411 1080
38905 779 0 1387 1080
38906 758 0 1366 1080
38907 741 0 1349 1080
38908 726 0 1334 1080
38909 713 0 1321 1080
38910 703 0 1311 1080
38911 680 0 1288 1080
38912 643 0 1251 1080
38913 609 0 1217 1080
38914 580 0 1188 1080
38915 544 0 1152 1080
38916 506 0 1114 1080
38917 473 0 1081 1080
38918 463 0 1071 1080
38919 460 0 1068 1080
38920 447 0 1055 1080
38921 430 0 1038 1080
38922 409 0 1017 1080
38923 388 0 996 1080
38924 371 0 979 1080
38925 359 0 967 1080
38926 351 0 959 1080
38927 347 0 955 1080
38928 344 0 952 1080
38929 336 0 944 1080
38930 325 0 933 1080
38931 313 0 921 1080
38932 302 0 910 1080
38933 292 0 900 1080
38934 281 0 889 1080
38935 270 0 878 1080
38936 258 0 866 1080
38937 246 0 854 1080
38938 235 0 843 1080
38939 225 0 833 1080
38940 216 0 824 1080
38941 208 0 816 1080
38942 199 0 807 1080
38943 190 0 798 1080
38944 180 0 788 1080
38945 169 0 777 1080
38946 159 0 767 1080
38947 151 0 759 1080
38948 144 0 752 1080
38949 135 0 743 1080
38950 125 0 733 1080
38951 113 0 721 1080
38952 102 0 710 1080
38953 92 0 700 1080
38954 85 0 693 1080
38955 103 0 711 1080
38956 137 0 745 1080
38957 174 0 782 1080
38958 204 0 812 1080
38959 221 0 829 1080
38960 221 0 829 1080
38961 195 0 803 1080
38962 152 0 760 1080
38963 104 0 712 1080
38964 61 0 669 1080
38965 31 0 639 1080
38966 17 0 625 1080
38967 19 0 627 1080
38968 34 0 642 1080
38969 55 0 663 1080
38970 78 0 686 1080
38971 99 0 707 1080
38972 112 0 720 1080
38973 119 0 727 1080
38974 124 0 732 1080
38975 128 0 736 1080
38976 131 0 739 1080
38977 136 0 744 1080
38978 141 0 749 1080
38979 150 0 758 1080
38980 161 0 769 1080
38981 176 0 784 1080
38982 191 0 799 1080
38983 208 0 816 1080
38984 220 0 828 1080
38985 224 0 832 1080
38986 221 0 829 1080
38987 213 0 821 1080
38988 203 0 811 1080
38989 197 0 805 1080
38990 198 0 806 1080
38991 207 0 815 1080
38992 218 0 826 1080
38993 229 0 837 1080
38994 237 0 845 1080
38995 244 0 852 1080
38996 254 0 862 1080
38997 270 0 878 1080
38998 292 0 900 1080
38999 312 0 920 1080
39000 328 0 936 1080
39001 338 0 946 1080
39002 344 0 952 1080
39003 347 0 955 1080
39004 348 0 956 1080
39005 349 0 957 1080
39006 351 0 959 1080
39007 350 0 958 1080
39008 347 0 955 1080
39009 359 0 967 1080
39010 360 0 968 1080
39011 355 0 963 1080
39012 347 0 955 1080
39013 341 0 949 1080
39014 343 0 951 1080
39015 348 0 956 1080
39016 354 0 962 1080
39017 360 0 968 1080
39018 365 0 973 1080
39019 369 0 977 1080
39020 374 0 982 1080
39021 381 0 989 1080
39022 392 0 1000 1080
39023 400 0 1008 1080
39024 404 0 1012 1080
39025 421 0 1029 1080
39026 501 0 1109 1080
39027 541 0 1149 1080
39028 543 0 1151 1080
39029 523 0 1131 1080
39030 523 0 1131 1080
39031 538 0 1146 1080
39032 563 0 1171 1080
39033 594 0 1202 1080
39034 584 0 1192 1080
39035 542 0 1150 1080
39036 483 0 1091 1080
39037 424 0 1032 1080
39038 375 0 983 1080
39039 346 0 954 1080
39040 340 0 948 1080
39041 355 0 963 1080
39042 385 0 993 1080
39043 419 0 1027 1080
39044 452 0 1060 1080
39045 479 0 1087 1080
39046 497 0 1105 1080
39047 506 0 1114 1080
39048 504 0 1112 1080
39049 493 0 1101 1080
39050 475 0 1083 1080
39051 454 0 1062 1080
39052 434 0 1042 1080
39053 423 0 1031 1080
39054 420 0 1028 1080
39055 426 0 1034 1080
39056 438 0 1046 1080
39057 452 0 1060 1080
39058 464 0 1072 1080
39059 472 0 1080 1080
39060 474 0 1082 1080
39061 468 0 1076 1080
39062 456 0 1064 1080
39063 439 0 1047 1080
39064 415 0 1023 1080
39065 387 0 995 1080
39066 356 0 964 1080
39067 290 0 898 1080
39068 210 0 818 1080
39069 136 0 744 1080
39070 85 0 693 1080
39071 67 0 675 1080
39072 79 0 687 1080
39073 112 0 720 1080
39074 109 0 717 1080
39075 78 0 686 1080
39076 33 0 641 1080
39077 0 0 608 1080
39078 0 0 608 1080
39079 0 0 608 1080
39080 0 0 608 1080
39081 45 0 653 1080
39082 125 0 733 1080
39083 204 0 812 1080
39084 263 0 871 1080
39085 298 0 906 1080
39086 314 0 922 1080
39087 315 0 923 1080
39088 310 0 918 1080
39089 305 0 913 1080
39090 304 0 912 1080
39091 308 0 916 1080
39092 315 0 923 1080
39093 348 0 956 1080
39094 394 0 1002 1080
39095 442 0 1050 1080
39096 482 0 1090 1080
39097 509 0 1117 1080
39098 521 0 1129 1080
39099 519 0 1127 1080
39100 506 0 1114 1080
39101 487 0 1095 1080
39102 469 0 1077 1080
39103 485 0 1093 1080
39104 526 0 1134 1080
39105 583 0 1191 1080
39106 641 0 1249 1080
39107 691 0 1299 1080
39108 727 0 1335 1080
39109 747 0 1355 1080
39110 753 0 1361 1080
39111 746 0 1354 1080
39112 732 0 1340 1080
39113 716 0 1324 1080
39114 697 0 1305 1080
39115 683 0 1291 1080
39116 682 0 1290 1080
39117 692 0 1300 1080
39118 713 0 1321 1080
39119 741 0 1349 1080
39120 772 0 1380 1080
39121 802 0 1410 1080
39122 824 0 1432 1080
39123 837 0 1445 1080
39124 841 0 1449 1080
39125 837 0 1445 1080
39126 828 0 1436 1080
39127 818 0 1426 1080
39128 807 0 1415 1080
39129 798 0 1406 1080
39130 795 0 1403 1080
39131 796 0 1404 1080
39132 798 0 1406 1080
39133 798 0 1406 1080
39134 794 0 1402 1080
39135 784 0 1392 1080
39136 769 0 1377 1080
39137 762 0 1370 1080
39138 762 0 1370 1080
39139 767 0 1375 1080
39140 777 0 1385 1080
39141 791 0 1399 1080
39142 807 0 1415 1080
39143 821 0 1429 1080
39144 830 0 1438 1080
39145 835 0 1443 1080
39146 834 0 1442 1080
39147 830 0 1438 1080
39148 823 0 1431 1080
39149 817 0 1425 1080
39150 816 0 1424 1080
39151 816 0 1424 1080
39152 824 0 1432 1080
39153 854 0 1462 1080
39154 880 0 1488 1080
39155 896 0 1504 1080
39156 902 0 1510 1080
39157 910 0 1518 1080
39158 927 0 1535 1080
39159 949 0 1557 1080
39160 962 0 1570 1080
39161 973 0 1581 1080
39162 983 0 1591 1080
39163 991 0 1599 1080
39164 997 0 1605 1080
39165 1003 0 1611 1080
39166 1010 0 1618 1080
39167 1019 0 1627 1080
39168 1032 0 1640 1080
39169 1048 0 1656 1080
39170 1066 0 1674 1080
39171 1085 0 1693 1080
39172 1102 0 1710 1080
39173 1117 0 1725 1080
39174 1127 0 1735 1080
39175 1134 0 1742 1080
39176 1139 0 1747 1080
39177 1142 0 1750 1080
39178 1144 0 1752 1080
39179 1147 0 1755 1080
39180 1151 0 1759 1080
39181 1157 0 1765 1080
39182 1164 0 1772 1080
39183 1174 0 1782 1080
39184 1187 0 1795 1080
39185 1202 0 1810 1080
39186 1218 0 1826 1080
39187 1223 0 1831 1080
39188 1245 0 1853 1080
39189 1263 0 1871 1080
39190 1294 0 1902 1080
39191 1312 0 1920 1080
39192 1312 0 1920 1080
39193 1312 0 1920 1080
39194 1312 0 1920 1080
39195 1312 0 1920 1080
39196 1312 0 1920 1080
39197 1312 0 1920 1080
39198 1312 0 1920 1080
39199 1312 0 1920 1080
39200 1312 0 1920 1080
39201 1312 0 1920 1080
39202 1312 0 1920 1080
39203 1312 0 1920 1080
39204 1312 0 1920 1080
39205 1312 0 1920 1080
39206 1312 0 1920 1080
39207 1312 0 1920 1080
39208 1312 0 1920 1080
39209 1312 0 1920 1080
39210 1312 0 1920 1080
39211 1312 0 1920 1080
39212 1312 0 1920 1080
39213 1312 0 1920 1080
39214 1312 0 1920 1080
39215 1312 0 1920 1080
39216 1312 0 1920 1080
39217 1312 0 1920 1080
39218 1312 0 1920 1080
39219 1312 0 1920 1080
39220 1312 0 1920 1080
39221 1312 0 1920 1080
39222 1312 0 1920 1080
39223 1312 0 1920 1080
39224 1312 0 1920 1080
39225 1312 0 1920 1080
39226 1312 0 1920 1080
39227 1312 0 1920 1080
39228 1312 0 1920 1080
39229 1312 0 1920 1080
39230 1312 0 1920 1080
39231 1312 0 1920 1080
39232 1312 0 1920 1080
39233 1312 0 1920 1080
39234 1312 0 1920 1080
39235 1312 0 1920 1080
39236 1312 0 1920 1080
39237 1312 0 1920 1080
39238 1312 0 1920 1080
39239 1312 0 1920 1080
39240 1312 0 1920 1080
39241 1312 0 1920 1080
39242 1312 0 1920 1080
39243 1312 0 1920 1080
39244 1312 0 1920 1080
39245 1312 0 1920 1080
39246 1312 0 1920 1080
39247 1312 0 1920 1080
39248 1312 0 1920 1080
39249 1312 0 1920 1080
39250 1312 0 1920 1080
39251 1312 0 1920 1080
39252 1307 0 1915 1080
39253 1302 0 1910 1080
39254 1301 0 1909 1080
39255 1303 0 1911 1080
39256 1307 0 1915 1080
39257 1311 0 1919 1080
39258 1312 0 1920 1080
39259 1312 0 1920 1080
39260 1312 0 1920 1080
39261 1312 0 1920 1080
39262 1306 0 1914 1080
39263 1297 0 1905 1080
39264 1288 0 1896 1080
39265 1279 0 1887 1080
39266 1272 0 1880 1080
39267 1268 0 1876 1080
39268 1265 0 1873 1080
39269 1262 0 1870 1080
39270 1259 0 1867 1080
39271 1256 0 1864 1080
39272 1251 0 1859 1080
39273 1247 0 1855 1080
39274 1243 0 1851 1080
39275 1239 0 1847 1080
39276 1237 0 1845 1080
39277 1236 0 1844 1080
39278 1236 0 1844 1080
39279 1237 0 1845 1080
39280 1240 0 1848 1080
39281 1243 0 1851 1080
39282 1247 0 1855 1080
39283 1250 0 1858 1080
39284 1251 0 1859 1080
39285 1250 0 1858 1080
39286 1248 0 1856 1080
39287 1243 0 1851 1080
39288 1238 0 1846 1080
39289 1233 0 1841 1080
39290 1231 0 1839 1080
39291 1232 0 1840 1080
39292 1243 0 1851 1080
39293 1252 0 1860 1080
39294 1259 0 1867 1080
39295 1261 0 1869 1080
39296 1259 0 1867 1080
39297 1254 0 1862 1080
39298 1245 0 1853 1080
39299 1235 0 1843 1080
39300 1217 0 1825 1080
39301 1209 0 1817 1080
39302 1199 0 1807 1080
39303 1193 0 1801 1080
39304 1191 0 1799 1080
39305 1192 0 1800 1080
39306 1193 0 1801 1080
39307 1196 0 1804 1080
39308 1201 0 1809 1080
39309 1208 0 1816 1080
39310 1216 0 1824 1080
39311 1225 0 1833 1080
39312 1234 0 1842 1080
39313 1242 0 1850 1080
39314 1250 0 1858 1080
39315 1256 0 1864 1080
39316 1260 0 1868 1080
39317 1263 0 1871 1080
39318 1265 0 1873 1080
39319 1283 0 1891 1080
39320 1309 0 1917 1080
39321 1312 0 1920 1080
39322 1312 0 1920 1080
39323 1312 0 1920 1080
39324 1312 0 1920 1080
39325 1312 0 1920 1080
39326 1312 0 1920 1080
39327 1312 0 1920 1080
39328 1312 0 1920 1080
39329 1312 0 1920 1080
39330 1312 0 1920 1080
39331 1312 0 1920 1080
39332 1312 0 1920 1080
39333 1312 0 1920 1080
39334 1312 0 1920 1080
39335 1312 0 1920 1080
39336 1312 0 1920 1080
39337 1312 0 1920 1080
39338 1312 0 1920 1080
39339 1307 0 1915 1080
39340 1292 0 1900 1080
39341 1285 0 1893 1080
39342 1285 0 1893 1080
39343 1288 0 1896 1080
39344 1292 0 1900 1080
39345 1298 0 1906 1080
39346 1303 0 1911 1080
39347 1267 0 1875 1080
39348 1202 0 1810 1080
39349 1125 0 1733 1080
39350 1052 0 1660 1080
39351 995 0 1603 1080
39352 970 0 1578 1080
39353 974 0 1582 1080
39354 1000 0 1608 1080
39355 1037 0 1645 1080
39356 1075 0 1683 1080
39357 1105 0 1713 1080
39358 1169 0 1777 1080
39359 1245 0 1853 1080
39360 1269 0 1877 1080
39361 1245 0 1853 1080
39362 1187 0 1795 1080
39363 1113 0 1721 1080
39364 1038 0 1646 1080
39365 978 0 1586 1080
39366 940 0 1548 1080
39367 926 0 1534 1080
39368 926 0 1534 1080
39369 938 0 1546 1080
39370 960 0 1568 1080
39371 993 0 1601 1080
39372 1027 0 1635 1080
39373 1056 0 1664 1080
39374 1073 0 1681 1080
39375 1082 0 1690 1080
39376 1078 0 1686 1080
